1	1	100	16384	33554432	785545.954438	74.92	176.70	583.00	1	537	564	581
1	1	100	16384	33554432	1007455.168245	96.08	1.13	137.00	0	6	20	23
1	1	100	16384	33554432	1047339.757017	99.88	32.82	399.00	0	312	363	396
1	1	100	16384	100000000	1035840.066294	98.79	0.29	135.00	0	1	2	6
1	1	100	16384	100000000	1151012.891344	109.77	0.46	135.00	0	1	7	23
1	1	100	16384	100000000	1134816.159782	108.22	0.34	142.00	0	1	3	17
1	1	100	16384	200000000	1133529.811834	108.10	0.27	138.00	0	1	2	10
1	1	100	16384	200000000	1034982.405299	98.70	61.77	411.00	0	307	379	405
1	1	100	16384	200000000	1070434.596446	102.08	23.62	306.00	0	199	285	305
1	1	100	200000	33554432	1312680.493568	125.19	2.24	148.00	0	2	73	144
1	1	100	200000	33554432	1231527.093596	117.45	7.82	174.00	0	83	136	171
1	1	100	200000	33554432	1246882.793017	118.91	8.26	274.00	0	15	235	270
1	1	100	200000	100000000	1370989.854675	130.75	0.51	133.00	0	1	7	18
1	1	100	200000	100000000	1353546.291283	129.08	0.51	131.00	0	2	5	19
1	1	100	200000	100000000	1348799.568384	128.63	0.37	138.00	0	1	2	9
1	1	100	200000	200000000	1281394.156843	122.20	0.41	136.00	0	1	2	7
1	1	100	200000	200000000	1241310.824230	118.38	27.67	438.00	0	280	403	434
1	1	100	200000	200000000	1333688.983729	127.19	0.46	137.00	0	2	2	8
1	1	100	500000	33554432	1297016.861219	123.69	0.45	137.00	0	2	3	7
1	1	100	500000	33554432	1402524.544180	133.76	0.39	136.00	0	1	3	10
1	1	100	500000	33554432	1326611.833378	126.52	0.54	134.00	0	2	5	19
1	1	100	500000	100000000	1291989.664083	123.21	0.49	136.00	0	2	3	8
1	1	100	500000	100000000	1352813.852814	129.01	0.44	131.00	0	1	4	19
1	1	100	500000	100000000	1405678.942929	134.06	6.99	347.00	0	21	226	335
1	1	100	500000	200000000	1326963.906582	126.55	4.80	263.00	0	3	173	260
1	1	100	500000	200000000	1334757.074212	127.29	11.68	272.00	0	145	214	269
1	1	100	500000	200000000	1397819.401733	133.31	4.73	140.00	0	19	117	138
1	1	500	16384	33554432	325732.899023	155.32	172.83	423.00	161	406	418	422
1	1	500	16384	33554432	308261.405672	146.99	178.75	533.00	169	212	531	533
1	1	500	16384	33554432	344589.937974	164.31	163.27	226.00	167	210	224	225
1	1	500	16384	100000000	330906.684315	157.79	452.79	619.00	470	609	616	618
1	1	500	16384	100000000	334560.053530	159.53	455.14	624.00	481	614	621	623
1	1	500	16384	100000000	327546.675401	156.19	436.88	622.00	494	603	619	621
1	1	500	16384	200000000	322893.122376	153.97	825.29	1215.00	876	1187	1207	1213
1	1	500	16384	200000000	332778.702163	158.68	736.88	1187.00	840	1138	1177	1185
1	1	500	16384	200000000	328515.111695	156.65	763.74	1165.00	852	1127	1152	1163
1	1	500	200000	33554432	568504.832291	271.08	30.12	191.00	1	152	188	190
1	1	500	200000	33554432	529941.706412	252.70	50.19	385.00	1	365	378	385
1	1	500	200000	33554432	621890.547264	296.54	20.27	133.00	2	67	82	83
1	1	500	200000	100000000	652741.514360	311.25	3.30	143.00	3	9	11	12
1	1	500	200000	100000000	557724.484105	265.94	127.39	226.00	130	219	223	225
1	1	500	200000	100000000	654022.236756	311.86	7.46	135.00	4	22	25	26
1	1	500	200000	200000000	514933.058702	245.54	203.89	389.00	225	352	376	386
1	1	500	200000	200000000	639386.189258	304.88	14.32	131.00	7	44	46	46
1	1	500	200000	200000000	637348.629700	303.91	5.82	151.00	1	29	36	43
1	1	500	500000	33554432	646830.530401	308.43	3.56	138.00	1	21	25	29
1	1	500	500000	33554432	633312.222926	301.99	50.65	289.00	22	164	254	278
1	1	500	500000	33554432	426621.160410	203.43	72.74	265.00	14	217	260	264
1	1	500	500000	100000000	365497.076023	174.28	269.20	632.00	293	567	604	612
1	1	500	500000	100000000	350385.423966	167.08	292.65	876.00	231	833	853	872
1	1	500	500000	100000000	286532.951289	136.63	435.67	812.00	514	752	800	809
1	1	500	500000	200000000	276931.597895	132.05	708.90	1556.00	658	1483	1520	1530
1	1	500	500000	200000000	246366.100025	117.48	849.53	1778.00	848	1406	1766	1776
1	1	500	500000	200000000	280819.994384	133.91	768.61	1422.00	802	1396	1409	1416
1	1	1000	16384	33554432	137136.588042	130.78	215.10	311.00	216	288	302	309
1	1	1000	16384	33554432	117924.528302	112.46	253.29	681.00	227	609	670	678
1	1	1000	16384	33554432	109241.861481	104.18	275.89	1226.00	214	1180	1207	1225
1	1	1000	16384	100000000	146070.698218	139.30	528.26	741.00	521	705	716	740
1	1	1000	16384	100000000	132802.124834	126.65	573.73	831.00	656	785	811	827
1	1	1000	16384	100000000	125786.163522	119.96	638.50	1001.00	729	929	997	1001
1	1	1000	16384	200000000	124470.998257	118.70	1066.56	1604.00	1244	1558	1589	1602
1	1	1000	16384	200000000	125031.257814	119.24	1109.60	1928.00	939	1912	1924	1927
1	1	1000	16384	200000000	122639.195487	116.96	1111.75	1745.00	1165	1672	1742	1745
1	1	1000	200000	33554432	87765.490609	83.70	347.92	3494.00	109	2775	2826	2834
1	1	1000	200000	33554432	146113.383986	139.34	190.53	573.00	206	541	569	572
1	1	1000	200000	33554432	85528.566541	81.57	353.92	3813.00	76	3075	3117	3813
1	1	1000	200000	100000000	162548.764629	155.02	445.10	826.00	523	788	817	824
1	1	1000	200000	100000000	154416.306362	147.26	483.20	1316.00	348	1242	1300	1315
1	1	1000	200000	100000000	140686.550366	134.17	526.05	752.00	673	724	745	750
1	1	1000	200000	200000000	134120.171674	127.91	1018.37	1936.00	999	1909	1934	1935
1	1	1000	200000	200000000	127811.860941	121.89	986.84	1577.00	1169	1555	1561	1569
1	1	1000	200000	200000000	125470.514429	119.66	1045.77	1814.00	1232	1721	1794	1805
1	1	1000	500000	33554432	130684.788291	124.63	220.18	595.00	232	485	590	592
1	1	1000	500000	33554432	107712.193020	102.72	274.07	1283.00	217	1168	1263	1266
1	1	1000	500000	33554432	130616.509927	124.57	217.94	322.00	229	275	297	319
1	1	1000	500000	100000000	93457.943925	89.13	761.11	2004.00	698	1976	1998	2003
1	1	1000	500000	100000000	147058.823529	140.25	499.21	711.00	622	693	703	709
1	1	1000	500000	100000000	140805.406928	134.28	520.80	796.00	675	739	764	771
1	1	1000	500000	200000000	138121.546961	131.72	926.42	1531.00	882	1497	1518	1526
1	1	1000	500000	200000000	131752.305665	125.65	986.40	1529.00	1214	1503	1511	1518
1	1	1000	500000	200000000	130140.551796	124.11	1000.69	1529.00	1196	1506	1514	1525
1	2	100	16384	33554432	241405.948243	23.02	3.82	16516.00	0	19	99	135
1	2	100	16384	33554432	1006238.679815	95.96	49.03	825.00	0	731	790	821
1	2	100	16384	33554432	1042752.867570	99.44	19.04	390.00	0	178	336	385
1	2	100	16384	100000000	1195314.367679	113.99	0.38	136.00	0	1	5	13
1	2	100	16384	100000000	1115573.404730	106.39	3.61	245.00	0	2	137	229
1	2	100	16384	100000000	1134044.000907	108.15	0.40	134.00	0	1	4	21
1	2	100	16384	200000000	1113089.937667	106.15	31.05	414.00	0	261	378	412
1	2	100	16384	200000000	1201345.506968	114.57	30.13	465.00	0	261	444	463
1	2	100	16384	200000000	1092896.174863	104.23	12.91	276.00	0	133	226	271
1	2	100	200000	33554432	1352447.930755	128.98	0.91	139.00	0	2	17	57
1	2	100	200000	33554432	1408450.704225	134.32	0.66	136.00	0	2	5	29
1	2	100	200000	33554432	1223990.208078	116.73	19.60	384.00	0	225	344	382
1	2	100	200000	100000000	1447178.002894	138.01	0.53	141.00	0	2	3	6
1	2	100	200000	100000000	1511944.360448	144.19	0.50	133.00	0	2	3	16
1	2	100	200000	100000000	1266464.032421	120.78	17.87	309.00	1	163	251	304
1	2	100	200000	200000000	424592.391304	40.49	2777.51	8168.00	1	7963	8135	8163
1	2	100	200000	200000000	1276161.306789	121.70	30.28	497.00	1	260	458	495
1	2	100	200000	200000000	1449275.362319	138.21	3.86	177.00	0	3	127	175
1	2	100	500000	33554432	1461560.947091	139.39	0.72	131.00	0	2	4	18
1	2	100	500000	33554432	798594.473726	76.16	164.09	2768.00	0	2565	2730	2766
1	2	100	500000	33554432	1263583.522871	120.50	0.61	135.00	0	2	4	27
1	2	100	500000	100000000	1373249.107388	130.96	0.58	132.00	0	2	4	8
1	2	100	500000	100000000	1476232.654266	140.78	0.54	134.00	0	2	3	13
1	2	100	500000	100000000	1481481.481481	141.29	0.56	135.00	0	2	3	17
1	2	100	500000	200000000	1416831.963729	135.12	4.53	166.00	0	11	132	164
1	2	100	500000	200000000	1443834.825296	137.69	0.63	131.00	0	2	3	23
1	2	100	500000	200000000	1348435.814455	128.60	0.56	136.00	0	2	4	27
1	2	500	16384	33554432	422832.980973	201.62	118.99	167.00	129	150	165	167
1	2	500	16384	33554432	429922.613929	205.00	112.97	198.00	129	170	197	198
1	2	500	16384	33554432	374251.497006	178.46	144.16	532.00	123	493	530	531
1	2	500	16384	100000000	316756.414317	151.04	484.50	883.00	428	827	878	880
1	2	500	16384	100000000	237529.691211	113.26	599.22	1827.00	431	1813	1820	1826
1	2	500	16384	100000000	409836.065574	195.43	320.08	489.00	367	469	485	489
1	2	500	16384	200000000	414250.207125	197.53	397.62	593.00	534	571	582	593
1	2	500	16384	200000000	371057.513915	176.93	624.89	924.00	686	904	922	923
1	2	500	16384	200000000	342817.963661	163.47	528.51	1065.00	577	1023	1060	1064
1	2	500	200000	33554432	289855.072464	138.21	166.24	477.00	185	334	450	475
1	2	500	200000	33554432	251825.736590	120.08	194.73	958.00	187	840	926	957
1	2	500	200000	33554432	201045.436269	95.87	262.72	1025.00	282	848	976	1004
1	2	500	200000	100000000	174581.005587	83.25	856.02	1752.00	1011	1572	1739	1749
1	2	500	200000	100000000	187441.424555	89.38	748.09	1549.00	891	1002	1516	1548
1	2	500	200000	100000000	226911.731337	108.20	636.60	935.00	797	901	919	933
1	2	500	200000	200000000	207168.013259	98.79	1276.43	1762.00	1495	1717	1738	1761
1	2	500	200000	200000000	234466.588511	111.80	990.94	1759.00	1027	1718	1749	1757
1	2	500	200000	200000000	228519.195612	108.97	1052.26	1819.00	924	1785	1810	1818
1	2	500	500000	33554432	218962.119553	104.41	258.07	581.00	240	525	552	579
1	2	500	500000	33554432	237473.284256	113.24	226.54	377.00	244	334	368	373
1	2	500	500000	33554432	226705.962367	108.10	242.04	394.00	258	308	382	391
1	2	500	500000	100000000	179856.115108	85.76	864.06	2112.00	760	2064	2081	2083
1	2	500	500000	100000000	249066.002491	118.76	570.45	996.00	697	832	944	993
1	2	500	500000	100000000	238038.562247	113.51	648.48	825.00	710	807	820	824
1	2	500	500000	200000000	235238.767349	112.17	953.96	1760.00	996	1700	1724	1734
1	2	500	500000	200000000	96459.920903	46.00	3641.06	7367.00	1914	7229	7318	7366
1	2	500	500000	200000000	597728.631201	285.02	57.60	158.00	36	151	155	157
1	2	1000	16384	33554432	196695.515342	187.58	146.28	497.00	125	494	495	496
1	2	1000	16384	33554432	229990.800368	219.34	119.28	189.00	124	162	184	189
1	2	1000	16384	33554432	172294.968987	164.31	161.94	317.00	167	266	296	315
1	2	1000	16384	100000000	113455.865668	108.20	711.07	929.00	693	878	909	928
1	2	1000	16384	100000000	121329.774327	115.71	631.77	1083.00	720	996	1081	1083
1	2	1000	16384	100000000	108271.979212	103.26	726.96	1017.00	845	982	997	1013
1	2	1000	16384	200000000	84189.257451	80.29	1390.08	3045.00	1663	2293	3030	3043
1	2	1000	16384	200000000	114285.714286	108.99	1123.03	1832.00	1236	1762	1816	1830
1	2	1000	16384	200000000	116686.114352	111.28	1126.71	1737.00	1383	1708	1720	1730
1	2	1000	200000	33554432	98990.298951	94.40	301.82	1323.00	250	1276	1300	1306
1	2	1000	200000	33554432	123609.394314	117.88	229.67	1008.00	228	889	1006	1008
1	2	1000	200000	33554432	119217.930377	113.70	243.92	567.00	258	499	549	566
1	2	1000	200000	100000000	121891.760117	116.25	636.85	875.00	757	850	868	873
1	2	1000	200000	100000000	122880.314574	117.19	623.62	888.00	756	846	866	886
1	2	1000	200000	100000000	115901.715345	110.53	693.56	884.00	769	868	878	882
1	2	1000	200000	200000000	83486.391718	79.62	1903.32	3470.00	1374	3431	3460	3465
1	2	1000	200000	200000000	134916.351862	128.67	932.45	1545.00	1052	1515	1528	1543
1	2	1000	200000	200000000	134444.743211	128.22	962.38	1605.00	1007	1597	1603	1604
1	2	1000	500000	33554432	123487.280810	117.77	231.62	324.00	250	293	305	319
1	2	1000	500000	33554432	47755.491882	45.54	659.34	6115.00	238	5993	6044	6110
1	2	1000	500000	33554432	231803.430691	221.06	114.02	198.00	114	177	186	196
1	2	1000	500000	100000000	174764.068508	166.67	385.77	669.00	479	614	648	652
1	2	1000	500000	100000000	148016.577857	141.16	514.48	1455.00	400	1383	1442	1452
1	2	1000	500000	100000000	95932.463546	91.49	625.30	2253.00	664	802	2223	2241
1	2	1000	500000	200000000	145900.204260	139.14	833.98	1410.00	975	1357	1383	1392
1	2	1000	500000	200000000	134553.283100	128.32	883.10	1592.00	935	1503	1563	1590
1	2	1000	500000	200000000	105977.108944	101.07	1334.39	2119.00	1359	1947	2094	2117
1	5	100	16384	33554432	109051.254089	10.40	0.51	42195.00	0	2	5	12
1	5	100	16384	33554432	1348072.256673	128.56	0.47	135.00	0	1	3	16
1	5	100	16384	33554432	1347345.728914	128.49	0.47	139.00	0	1	3	13
1	5	100	16384	100000000	1345532.831001	128.32	0.46	131.00	0	1	4	15
1	5	100	16384	100000000	1343002.954607	128.08	0.50	140.00	0	1	5	18
1	5	100	16384	100000000	1253761.283852	119.57	7.01	213.00	0	38	177	209
1	5	100	16384	200000000	1185677.021579	113.07	15.28	202.00	0	121	176	199
1	5	100	16384	200000000	1275510.204082	121.64	7.95	219.00	0	53	178	214
1	5	100	16384	200000000	1313025.210084	125.22	1.99	140.00	0	5	53	76
1	5	100	200000	33554432	1387347.391787	132.31	23.92	379.00	1	292	346	375
1	5	100	200000	33554432	1337613.697164	127.56	22.17	378.00	1	307	371	375
1	5	100	200000	33554432	1391982.182628	132.75	0.79	136.00	0	2	4	31
1	5	100	200000	100000000	1475796.930342	140.74	0.80	132.00	1	3	5	21
1	5	100	200000	100000000	1352447.930755	128.98	12.43	308.00	1	101	257	303
1	5	100	200000	100000000	1433897.332951	136.75	0.87	142.00	0	3	5	19
1	5	100	200000	200000000	1443834.825296	137.69	0.85	133.00	1	3	5	7
1	5	100	200000	200000000	1431434.297166	136.51	18.70	398.00	0	212	347	395
1	5	100	200000	200000000	1499700.059988	143.02	2.22	134.00	1	8	49	93
1	5	100	500000	33554432	1331203.407881	126.95	29.28	256.00	1	193	226	237
1	5	100	500000	33554432	1547987.616099	147.63	1.91	134.00	0	6	43	93
1	5	100	500000	33554432	1369487.811558	130.60	17.08	420.00	1	145	376	409
1	5	100	500000	100000000	1504664.459825	143.50	0.73	130.00	0	2	4	16
1	5	100	500000	100000000	1356483.993489	129.36	1.40	139.00	0	3	15	87
1	5	100	500000	100000000	1395868.230039	133.12	17.57	374.00	1	159	348	369
1	5	100	500000	200000000	1497454.327643	142.81	0.89	130.00	0	2	11	36
1	5	100	500000	200000000	1480604.086467	141.20	1.19	135.00	1	4	19	25
1	5	100	500000	200000000	1264222.503161	120.57	19.82	204.00	1	140	189	202
1	5	500	16384	33554432	187582.067154	89.45	306.34	1336.00	254	1288	1323	1334
1	5	500	16384	33554432	184638.109306	88.04	307.20	691.00	328	461	666	689
1	5	500	16384	33554432	88472.087057	42.19	704.97	8640.00	142	8500	8620	8638
1	5	500	16384	100000000	354987.575435	169.27	334.68	716.00	286	671	711	715
1	5	500	16384	100000000	310945.273632	148.27	428.97	1018.00	371	976	1014	1017
1	5	500	16384	100000000	270635.994587	129.05	521.20	789.00	654	754	777	787
1	5	500	16384	200000000	239120.038259	114.02	943.47	1685.00	1043	1667	1679	1683
1	5	500	16384	200000000	223513.634332	106.58	1044.08	2191.00	1085	1990	2166	2191
1	5	500	16384	200000000	215517.241379	102.77	1127.71	1931.00	1404	1901	1927	1931
1	5	500	200000	33554432	168208.578638	80.21	345.62	2185.00	230	2116	2176	2183
1	5	500	200000	33554432	239234.449761	114.08	220.94	567.00	235	394	514	526
1	5	500	200000	33554432	241487.563390	115.15	219.49	319.00	242	293	308	317
1	5	500	200000	100000000	100938.730191	48.13	1668.99	6558.00	835	6411	6497	6533
1	5	500	200000	100000000	416840.350146	198.76	216.75	549.00	216	526	536	544
1	5	500	200000	100000000	341413.451690	162.80	326.55	645.00	333	618	633	637
1	5	500	200000	200000000	286123.032904	136.43	727.12	1416.00	726	1350	1363	1412
1	5	500	200000	200000000	252397.778900	120.35	837.51	1663.00	797	1583	1617	1658
1	5	500	200000	200000000	241662.638956	115.23	945.52	1676.00	1012	1605	1649	1654
1	5	500	500000	33554432	231267.345051	110.28	220.81	936.00	223	807	882	924
1	5	500	500000	33554432	191497.510532	91.31	293.45	1653.00	211	1520	1639	1648
1	5	500	500000	33554432	223064.911889	106.37	248.14	745.00	222	575	722	736
1	5	500	500000	100000000	248570.718369	118.53	556.29	836.00	699	807	822	830
1	5	500	500000	100000000	226090.888537	107.81	628.86	983.00	776	907	931	945
1	5	500	500000	100000000	165289.256198	78.82	1006.34	1690.00	799	1615	1657	1687
1	5	500	500000	200000000	254065.040650	121.15	828.11	1613.00	845	1562	1599	1609
1	5	500	500000	200000000	192901.234568	91.98	1374.23	2832.00	979	2739	2821	2830
1	5	500	500000	200000000	260960.334029	124.44	860.49	1592.00	909	1484	1498	1588
1	5	1000	16384	33554432	127453.479480	121.55	225.09	321.00	248	297	308	319
1	5	1000	16384	33554432	120394.895256	114.82	242.18	318.00	259	294	308	314
1	5	1000	16384	33554432	110840.168477	105.71	268.82	401.00	273	321	373	400
1	5	1000	16384	100000000	111731.843575	106.56	689.41	962.00	810	938	954	959
1	5	1000	16384	100000000	84104.289319	80.21	992.42	2343.00	853	2292	2323	2343
1	5	1000	16384	100000000	119961.612284	114.40	640.38	922.00	750	880	916	920
1	5	1000	16384	200000000	99522.292994	94.91	1409.37	2420.00	1531	2319	2399	2419
1	5	1000	16384	200000000	123365.408340	117.65	1039.54	1605.00	1292	1566	1591	1603
1	5	1000	16384	200000000	117205.813408	111.78	1103.74	1742.00	1398	1707	1728	1737
1	5	1000	200000	33554432	116117.045982	110.74	253.66	424.00	257	387	406	410
1	5	1000	200000	33554432	117398.450340	111.96	255.66	727.00	252	532	654	725
1	5	1000	200000	33554432	120394.895256	114.82	238.37	434.00	254	379	401	427
1	5	1000	200000	100000000	113507.377980	108.25	694.37	944.00	783	891	909	941
1	5	1000	200000	100000000	113199.003849	107.95	700.76	1296.00	783	1175	1269	1291
1	5	1000	200000	100000000	115366.866636	110.02	682.71	916.00	787	885	896	904
1	5	1000	200000	200000000	107066.381156	102.11	1317.06	1781.00	1538	1681	1735	1777
1	5	1000	200000	200000000	118623.962040	113.13	1105.04	1813.00	1333	1697	1735	1810
1	5	1000	200000	200000000	41992.105484	40.05	4372.22	10510.00	980	10120	10505	10509
1	5	1000	500000	33554432	260960.334029	248.87	78.56	193.00	82	160	180	185
1	5	1000	500000	33554432	205930.807249	196.39	121.86	295.00	127	217	259	291
1	5	1000	500000	33554432	166002.656042	158.31	159.36	267.00	178	224	245	256
1	5	1000	500000	100000000	139431.121026	132.97	528.01	809.00	646	726	794	802
1	5	1000	500000	100000000	127032.520325	121.15	592.32	1072.00	668	947	1053	1069
1	5	1000	500000	100000000	120250.120250	114.68	635.56	928.00	752	881	897	909
1	5	1000	500000	200000000	76417.545468	72.88	2161.09	4012.00	1267	3909	4004	4010
1	5	1000	500000	200000000	140016.802016	133.53	889.53	1485.00	1015	1431	1452	1479
1	5	1000	500000	200000000	128766.417718	122.80	974.36	1574.00	1099	1471	1529	1562
2	1	100	16384	33554432	604668.037248	57.67	291.32	1045.00	145	861	976	1032
2	1	100	16384	33554432	822639.025995	78.45	34.30	330.00	1	213	303	329
2	1	100	16384	33554432	835840.855901	79.71	35.32	239.00	1	200	224	233
2	1	100	16384	100000000	897504.936277	85.59	35.12	288.00	1	213	282	286
2	1	100	16384	100000000	957854.406130	91.35	1.15	135.00	0	6	14	20
2	1	100	16384	100000000	880746.873349	83.99	42.84	292.00	1	228	276	290
2	1	100	16384	200000000	832916.874896	79.43	81.39	916.00	0	908	915	916
2	1	100	16384	200000000	978090.766823	93.28	52.12	531.00	0	412	502	528
2	1	100	16384	200000000	1035196.687371	98.72	47.01	416.00	1	334	393	413
2	1	100	200000	33554432	1321353.065539	126.01	0.65	133.00	0	2	10	24
2	1	100	200000	33554432	936154.278225	89.28	96.37	1662.00	0	1426	1527	1647
2	1	100	200000	33554432	641848.523748	61.21	209.54	2375.00	80	2316	2361	2373
2	1	100	200000	100000000	947149.081265	90.33	109.38	745.00	20	570	711	741
2	1	100	200000	100000000	617436.404050	58.88	673.05	2779.00	176	2722	2762	2771
2	1	100	200000	100000000	999400.359784	95.31	37.36	156.00	27	118	142	152
2	1	100	200000	200000000	491400.491400	46.86	1976.59	6023.00	27	5830	5994	6021
2	1	100	200000	200000000	1218620.521570	116.22	31.49	467.00	0	319	431	464
2	1	100	200000	200000000	1343363.782912	128.11	0.93	134.00	0	2	21	39
2	1	100	500000	33554432	1082251.082251	103.21	37.97	318.00	1	257	302	314
2	1	100	500000	33554432	622045.284897	59.32	285.66	2077.00	164	1985	2054	2074
2	1	100	500000	33554432	760803.408399	72.56	147.94	1049.00	107	373	1034	1047
2	1	100	500000	100000000	882924.245100	84.20	126.18	447.00	122	318	418	444
2	1	100	500000	100000000	908595.311648	86.65	114.31	585.00	108	427	554	581
2	1	100	500000	100000000	868055.555556	82.78	226.42	593.00	142	569	584	591
2	1	100	500000	200000000	835142.809420	79.65	149.00	871.00	35	839	857	866
2	1	100	500000	200000000	836960.160696	79.82	358.85	979.00	305	837	948	972
2	1	100	500000	200000000	959692.898273	91.52	68.41	281.00	48	207	258	279
2	1	500	16384	33554432	212404.418012	101.28	275.41	1079.00	233	989	1068	1073
2	1	500	16384	33554432	193723.363038	92.37	299.77	544.00	307	493	525	540
2	1	500	16384	33554432	162601.626016	77.53	372.42	1117.00	307	1053	1103	1116
2	1	500	16384	100000000	193311.424705	92.18	854.61	1559.00	779	1514	1558	1559
2	1	500	16384	100000000	184808.722972	88.12	845.19	1150.00	988	1126	1141	1149
2	1	500	16384	100000000	192196.809533	91.65	885.96	1536.00	932	1476	1515	1534
2	1	500	16384	200000000	130633.572828	62.29	2205.78	4678.00	1558	4588	4663	4676
2	1	500	16384	200000000	278086.763070	132.60	845.28	1349.00	972	1322	1334	1346
2	1	500	16384	200000000	243783.520234	116.25	979.52	1668.00	1065	1610	1660	1667
2	1	500	200000	33554432	225937.641211	107.74	246.72	354.00	268	309	332	351
2	1	500	200000	33554432	209117.524049	99.72	260.52	585.00	294	515	566	581
2	1	500	200000	33554432	192789.666474	91.93	286.98	380.00	318	357	366	378
2	1	500	200000	100000000	165672.630881	79.00	844.82	1902.00	966	1149	1846	1875
2	1	500	200000	100000000	190476.190476	90.83	798.76	1075.00	993	1041	1060	1073
2	1	500	200000	100000000	192270.717170	91.68	792.04	1102.00	965	1044	1085	1097
2	1	500	200000	200000000	149633.398174	71.35	2000.44	3413.00	1588	3285	3373	3412
2	1	500	200000	200000000	224719.101124	107.15	1034.58	1851.00	1042	1809	1831	1840
2	1	500	200000	200000000	215053.763441	102.55	1088.58	1893.00	1247	1840	1871	1890
2	1	500	500000	33554432	200722.601365	95.71	292.45	567.00	291	467	545	550
2	1	500	500000	33554432	145032.632342	69.16	408.06	3345.00	213	3239	3328	3342
2	1	500	500000	33554432	227842.333105	108.64	261.27	569.00	243	438	552	565
2	1	500	500000	100000000	169233.372821	80.70	943.67	2991.00	626	2960	2985	2990
2	1	500	500000	100000000	250312.891114	119.36	562.23	895.00	712	841	880	892
2	1	500	500000	100000000	200360.649169	95.54	734.72	1056.00	791	1030	1045	1054
2	1	500	500000	200000000	191791.331032	91.45	1281.10	2111.00	1481	2058	2086	2107
2	1	500	500000	200000000	147080.453008	70.13	2025.59	3927.00	1573	3883	3913	3924
2	1	500	500000	200000000	216076.058773	103.03	1045.15	1906.00	1187	1861	1886	1901
2	1	1000	16384	33554432	107688.994185	102.70	277.27	365.00	284	335	348	361
2	1	1000	16384	33554432	100908.173562	96.23	296.79	551.00	301	460	526	549
2	1	1000	16384	33554432	95456.281023	91.03	322.60	1241.00	208	1126	1211	1240
2	1	1000	16384	100000000	92421.441774	88.14	880.10	1320.00	970	1172	1301	1319
2	1	1000	16384	100000000	76149.862930	72.62	1046.73	2130.00	898	2084	2121	2127
2	1	1000	16384	100000000	103971.719692	99.16	784.58	1179.00	859	1127	1166	1176
2	1	1000	16384	200000000	98019.996079	93.48	1440.13	1984.00	1692	1944	1967	1979
2	1	1000	16384	200000000	95950.873153	91.51	1432.32	2313.00	1780	2119	2288	2311
2	1	1000	16384	200000000	9638.740024	9.19	6429.36	48566.00	1901	34745	46910	48451
2	1	1000	200000	33554432	353107.344633	336.75	62.49	141.00	70	84	89	92
2	1	1000	200000	33554432	18431.141256	17.58	1672.62	4172.00	1506	3456	3927	4076
2	1	1000	200000	33554432	162337.662338	154.82	168.45	1752.00	69	1740	1750	1752
2	1	1000	200000	100000000	140449.438202	133.94	214.96	2041.00	240	312	316	317
2	1	1000	200000	100000000	22445.681451	21.41	4235.60	11343.00	1764	11307	11337	11341
2	1	1000	200000	100000000	311526.479751	297.09	178.56	310.00	214	303	308	309
2	1	1000	200000	200000000	20334.295823	19.39	9398.05	22734.00	11274	22640	22728	22732
2	1	1000	200000	200000000	334896.182184	319.38	165.80	320.00	153	312	318	319
2	1	1000	200000	200000000	30818.540434	29.39	4176.70	12889.00	1973	12818	12876	12887
2	1	1000	500000	33554432	337609.723160	321.97	56.63	145.00	69	86	90	92
2	1	1000	500000	33554432	21769.418321	20.76	1486.91	7456.00	319	7229	7421	7448
2	1	1000	500000	33554432	347705.146036	331.60	58.68	151.00	70	87	89	90
2	1	1000	500000	100000000	296384.113811	282.65	190.51	299.00	250	294	297	298
2	1	1000	500000	100000000	19580.200501	18.67	4900.52	18009.00	2231	17973	18005	18009
2	1	1000	500000	100000000	320718.409237	305.86	146.79	276.00	185	260	264	275
2	1	1000	500000	200000000	18292.906011	17.45	8820.62	13340.00	11947	13111	13298	13333
2	1	1000	500000	200000000	283768.444949	270.62	261.66	506.00	236	494	502	505
2	1	1000	500000	200000000	323415.265201	308.43	254.02	372.00	339	368	371	372
2	2	100	16384	33554432	639140.994503	60.95	190.32	1105.00	288	950	1084	1102
2	2	100	16384	33554432	940026.320737	89.65	16.86	148.00	3	102	132	146
2	2	100	16384	33554432	839348.665436	80.05	103.77	1279.00	1	14	39	66
2	2	100	16384	100000000	998601.957260	95.23	14.71	221.00	1	56	86	107
2	2	100	16384	100000000	782350.179941	74.61	411.14	1791.00	10	1639	1752	1787
2	2	100	16384	100000000	986193.293886	94.05	56.72	550.00	3	524	543	548
2	2	100	16384	200000000	1220405.174518	116.39	3.29	134.00	0	26	40	44
2	2	100	16384	200000000	867754.251996	82.76	321.69	1960.00	1	1832	1939	1958
2	2	100	16384	200000000	233470.302578	22.27	6308.03	17355.00	10593	17181	17300	17337
2	2	100	200000	33554432	1133272.892112	108.08	15.94	419.00	1	121	350	393
2	2	100	200000	33554432	878271.561567	83.76	85.08	779.00	1	426	477	516
2	2	100	200000	33554432	313577.924114	29.91	799.91	9884.00	215	9552	9776	9871
2	2	100	200000	100000000	1252191.334836	119.42	0.84	139.00	0	4	31	42
2	2	100	200000	100000000	1196458.482891	114.10	35.08	486.00	0	349	457	483
2	2	100	200000	100000000	1113337.786684	106.18	18.71	326.00	0	65	128	142
2	2	100	200000	200000000	471698.113208	44.98	1896.27	5445.00	362	5194	5405	5442
2	2	100	200000	200000000	1053518.752634	100.47	41.46	183.00	62	154	172	181
2	2	100	200000	200000000	840618.695360	80.17	204.24	449.00	187	374	402	432
2	2	100	500000	33554432	865950.813994	82.58	112.33	391.00	135	323	348	387
2	2	100	500000	33554432	603136.308806	57.52	335.11	3417.00	1	1998	2079	2094
2	2	100	500000	33554432	859993.120055	82.02	114.01	1012.00	1	872	924	944
2	2	100	500000	100000000	1012555.690563	96.56	35.55	242.00	1	138	182	197
2	2	100	500000	100000000	769112.444239	73.35	462.17	977.00	376	867	939	956
2	2	100	500000	100000000	853387.950162	81.39	132.73	617.00	73	391	569	613
2	2	100	500000	200000000	737136.960047	70.30	284.17	847.00	247	739	818	843
2	2	100	500000	200000000	730566.919930	69.67	275.82	1035.00	205	534	695	736
2	2	100	500000	200000000	872752.661896	83.23	120.81	421.00	120	365	388	416
2	2	500	16384	33554432	152415.790276	72.68	384.68	2039.00	5	841	872	890
2	2	500	16384	33554432	210614.995788	100.43	272.47	516.00	292	408	451	481
2	2	500	16384	33554432	197706.603401	94.27	295.92	838.00	304	703	810	838
2	2	500	16384	100000000	186011.904762	88.70	837.31	1515.00	936	1473	1509	1514
2	2	500	16384	100000000	136742.786818	65.20	1174.40	3246.00	1091	3175	3219	3244
2	2	500	16384	100000000	209599.664641	99.94	720.02	1150.00	843	1051	1142	1145
2	2	500	16384	200000000	188821.752266	90.04	1351.53	2667.00	1525	2452	2622	2653
2	2	500	16384	200000000	181653.042688	86.62	1402.59	2235.00	1612	2188	2211	2223
2	2	500	16384	200000000	173070.266528	82.53	1481.77	2441.00	1703	2391	2415	2439
2	2	500	200000	33554432	178062.678063	84.91	321.34	611.00	353	424	573	610
2	2	500	200000	33554432	178571.428571	85.15	322.84	416.00	338	387	396	414
2	2	500	200000	33554432	172622.130157	82.31	329.16	478.00	346	427	450	455
2	2	500	200000	100000000	114442.664225	54.57	1104.88	4248.00	1083	4161	4219	4248
2	2	500	200000	100000000	241604.252235	115.21	572.30	887.00	750	849	866	879
2	2	500	200000	100000000	219058.050383	104.46	643.93	1022.00	820	957	982	1015
2	2	500	200000	200000000	189501.610764	90.36	1340.80	2438.00	1451	2253	2374	2416
2	2	500	200000	200000000	170765.027322	81.43	1437.19	2471.00	1511	2252	2284	2294
2	2	500	200000	200000000	137722.076849	65.67	1969.44	4100.00	2583	3946	4097	4099
2	2	500	500000	33554432	216356.555604	103.17	242.52	419.00	228	282	302	340
2	2	500	500000	33554432	199800.199800	95.27	271.81	402.00	280	344	352	357
2	2	500	500000	33554432	188714.851859	89.99	290.37	431.00	321	381	410	416
2	2	500	500000	100000000	147950.880308	70.55	1069.90	2590.00	875	2481	2509	2526
2	2	500	500000	100000000	180375.180375	86.01	869.90	1150.00	938	1004	1026	1030
2	2	500	500000	100000000	176211.453744	84.02	863.12	1271.00	1052	1206	1235	1269
2	2	500	500000	200000000	153704.272979	73.29	1688.88	2752.00	1940	2647	2691	2750
2	2	500	500000	200000000	166085.367879	79.20	1532.35	2547.00	1800	2302	2375	2381
2	2	500	500000	200000000	160410.651267	76.49	1729.87	2783.00	1868	2534	2694	2713
2	2	1000	16384	33554432	104580.631667	99.74	282.07	388.00	297	347	357	368
2	2	1000	16384	33554432	94804.702313	90.41	315.14	634.00	336	580	622	633
2	2	1000	16384	33554432	90793.535500	86.59	330.12	658.00	335	476	583	651
2	2	1000	16384	100000000	79088.895919	75.43	913.53	1835.00	1057	1165	1184	1830
2	2	1000	16384	100000000	89798.850575	85.64	899.42	1137.00	1046	1111	1123	1135
2	2	1000	16384	100000000	89190.153407	85.06	903.73	1155.00	1032	1119	1132	1149
2	2	1000	16384	200000000	85675.119945	81.71	1594.44	2476.00	2114	2309	2407	2474
2	2	1000	16384	200000000	63387.423935	60.45	2275.40	4843.00	2295	4102	4836	4842
2	2	1000	16384	200000000	107665.805340	102.68	1190.36	2011.00	1389	1887	1987	2010
2	2	1000	200000	33554432	6012.361415	5.73	4894.18	44297.00	106	32051	44114	44294
2	2	1000	200000	33554432	290866.783013	277.39	77.24	593.00	22	544	586	592
2	2	1000	200000	33554432	80723.280594	76.98	236.30	1529.00	2	1017	1082	1106
2	2	1000	200000	100000000	13918.271907	13.27	7003.47	33943.00	265	26458	33740	33874
2	2	1000	200000	100000000	140964.195094	134.43	340.06	1857.00	128	1340	1757	1855
2	2	1000	200000	100000000	10244.642052	9.77	7036.70	19196.00	1296	18519	18756	19194
2	2	1000	200000	200000000	244379.276637	233.06	253.52	906.00	81	874	901	905
2	2	1000	200000	200000000	7641.871341	7.29	19333.93	54531.00	3048	52540	54218	54329
2	2	1000	200000	200000000	350631.136045	334.39	150.21	303.00	165	291	294	302
2	2	1000	500000	33554432	17979.144193	17.15	1693.58	7050.00	173	6550	6826	6959
2	2	1000	500000	33554432	351864.883885	335.56	49.57	137.00	44	101	106	109
2	2	1000	500000	33554432	131199.160325	125.12	47.98	2581.00	58	80	88	89
2	2	1000	500000	100000000	25264.008893	24.09	3633.15	16691.00	1287	16527	16671	16676
2	2	1000	500000	100000000	358166.189112	341.57	119.94	210.00	134	199	208	210
2	2	1000	500000	100000000	28434.940855	27.12	2578.56	10285.00	143	9662	10027	10239
2	2	1000	500000	200000000	347705.146036	331.60	142.40	329.00	147	300	326	329
2	2	1000	500000	200000000	20226.537217	19.29	9154.84	23169.00	1832	23081	23143	23164
2	2	1000	500000	200000000	357909.806729	341.33	159.45	280.00	190	276	279	280
2	5	100	16384	33554432	269411.067407	25.69	15.22	13353.00	3	111	158	176
2	5	100	16384	33554432	1073422.069558	102.37	12.27	240.00	1	63	213	227
2	5	100	16384	33554432	1093374.152635	104.27	4.20	146.00	1	17	27	30
2	5	100	16384	100000000	1066325.442525	101.69	4.97	134.00	1	28	62	79
2	5	100	16384	100000000	1059771.089445	101.07	7.32	177.00	1	24	85	164
2	5	100	16384	100000000	1053518.752634	100.47	22.37	289.00	2	197	240	253
2	5	100	16384	200000000	1087192.868015	103.68	14.50	242.00	1	129	203	236
2	5	100	16384	200000000	1104728.236854	105.36	39.67	636.00	0	491	616	633
2	5	100	16384	200000000	550055.005501	52.46	946.96	3184.00	1257	3132	3169	3182
2	5	100	200000	33554432	696767.001115	66.45	287.27	1212.00	516	1147	1185	1207
2	5	100	200000	33554432	795291.872117	75.84	220.14	737.00	339	668	687	721
2	5	100	200000	33554432	693673.695893	66.15	273.92	1258.00	543	1225	1251	1257
2	5	100	200000	100000000	699300.699301	66.69	347.47	2031.00	0	3	12	32
2	5	100	200000	100000000	745267.551051	71.07	376.87	1307.00	521	1228	1280	1302
2	5	100	200000	100000000	726849.832825	69.32	428.36	1937.00	551	1801	1885	1929
2	5	100	200000	200000000	689750.310388	65.78	494.78	2325.00	669	2257	2309	2323
2	5	100	200000	200000000	804505.229284	76.72	273.66	1219.00	0	63	213	251
2	5	100	200000	200000000	595663.569216	56.81	379.96	3590.00	0	17	45	62
2	5	100	500000	33554432	1164144.353900	111.02	25.85	579.00	1	522	560	576
2	5	100	500000	33554432	553648.543904	52.80	321.23	4863.00	429	4758	4834	4860
2	5	100	500000	33554432	884173.297966	84.32	187.69	1661.00	24	658	764	799
2	5	100	500000	100000000	859697.386520	81.99	187.28	1704.00	1	524	582	615
2	5	100	500000	100000000	598730.690935	57.10	828.24	4945.00	2552	4874	4921	4941
2	5	100	500000	100000000	749737.591843	71.50	429.51	3399.00	84	364	444	473
2	5	100	500000	200000000	714591.967986	68.15	488.34	3635.00	89	247	284	298
2	5	100	500000	200000000	680087.051143	64.86	554.39	3662.00	220	484	533	543
2	5	100	500000	200000000	668091.929449	63.71	681.09	4379.00	0	74	172	222
2	5	500	16384	33554432	158478.605388	75.57	362.99	859.00	416	757	781	858
2	5	500	16384	33554432	162258.640273	77.37	352.81	807.00	438	708	765	802
2	5	500	16384	33554432	168520.390967	80.36	341.11	1124.00	258	985	1095	1118
2	5	500	16384	100000000	161576.991436	77.05	890.79	2067.00	571	1983	2052	2061
2	5	500	16384	100000000	142247.510669	67.83	1030.88	3100.00	577	2964	3073	3096
2	5	500	16384	100000000	181983.621474	86.78	769.22	1922.00	486	1859	1905	1921
2	5	500	16384	200000000	166527.893422	79.41	1328.27	3235.00	1105	3048	3180	3226
2	5	500	16384	200000000	166030.217500	79.17	1349.34	3092.00	1110	2981	3054	3087
2	5	500	16384	200000000	157109.190888	74.92	1413.84	3339.00	1178	3211	3297	3337
2	5	500	200000	33554432	161082.474227	76.81	344.20	873.00	425	706	765	833
2	5	500	200000	33554432	166085.367879	79.20	337.56	774.00	398	690	714	767
2	5	500	200000	33554432	159872.102318	76.23	345.76	811.00	449	749	796	808
2	5	500	200000	100000000	156543.519098	74.65	909.36	2162.00	622	2061	2102	2123
2	5	500	200000	100000000	164826.108456	78.60	866.54	1983.00	557	1925	1961	1980
2	5	500	200000	100000000	169692.855931	80.92	829.64	2025.00	556	1920	1978	2024
2	5	500	200000	200000000	141482.739106	67.46	1795.23	3546.00	1773	3433	3519	3543
2	5	500	200000	200000000	181093.806592	86.35	1175.23	2887.00	972	2743	2841	2882
2	5	500	200000	200000000	146756.677429	69.98	1603.55	3875.00	1200	3797	3836	3871
2	5	500	500000	33554432	174764.068508	83.33	307.45	1737.00	52	1612	1676	1729
2	5	500	500000	33554432	155957.579538	74.37	358.89	2082.00	46	1550	1918	2073
2	5	500	500000	33554432	166195.778627	79.25	340.57	1754.00	176	1191	1658	1745
2	5	500	500000	100000000	173280.194074	82.63	805.94	3674.00	322	3577	3632	3666
2	5	500	500000	100000000	159540.523293	76.07	903.92	4065.00	381	3934	4019	4057
2	5	500	500000	100000000	118273.211118	56.40	1414.63	7131.00	225	6908	7063	7122
2	5	500	500000	200000000	274499.039253	130.89	508.82	1981.00	253	1948	1968	1977
2	5	500	500000	200000000	193873.594416	92.45	1001.35	3374.00	745	3257	3348	3371
2	5	500	500000	200000000	132275.132275	63.07	1749.64	5374.00	1374	5126	5307	5369
2	5	1000	16384	33554432	78027.465668	74.41	376.49	767.00	472	730	744	758
2	5	1000	16384	33554432	78976.465013	75.32	374.93	764.00	429	736	746	759
2	5	1000	16384	33554432	79415.501906	75.74	372.66	711.00	440	681	695	702
2	5	1000	16384	100000000	76934.913064	73.37	969.85	2288.00	928	2217	2256	2286
2	5	1000	16384	100000000	42062.757634	40.11	2216.84	10313.00	438	10278	10304	10312
2	5	1000	16384	100000000	3114.236420	2.97	28753.58	116308.00	12826	111499	114908	116260
2	5	1000	16384	200000000	98619.329389	94.05	542.31	3414.00	558	880	909	3413
2	5	1000	16384	200000000	27850.498524	26.56	564.38	15694.00	650	808	826	828
2	5	1000	16384	200000000	37730.153939	35.98	3269.52	10885.00	1449	10332	10743	10882
2	5	1000	200000	33554432	307125.307125	292.90	72.50	359.00	64	349	355	356
2	5	1000	200000	33554432	15003.750938	14.31	2007.38	19870.00	105	16039	19033	19865
2	5	1000	200000	33554432	375939.849624	358.52	52.61	142.00	58	100	103	106
2	5	1000	200000	100000000	24087.098950	22.97	2875.74	12763.00	1650	11809	12289	12666
2	5	1000	200000	100000000	303951.367781	289.87	179.13	472.00	131	436	461	468
2	5	1000	200000	100000000	303582.270795	289.52	98.36	441.00	102	189	199	201
2	5	1000	200000	200000000	31778.314478	30.31	4822.50	12029.00	4267	11646	11989	12027
2	5	1000	200000	200000000	341064.120055	325.26	153.53	291.00	158	283	288	290
2	5	1000	200000	200000000	8842.045696	8.43	19536.54	53897.00	24364	44477	53807	53852
2	5	1000	500000	33554432	351370.344343	335.09	54.93	327.00	6	304	318	325
2	5	1000	500000	33554432	97427.903352	92.91	278.76	1681.00	20	1533	1610	1631
2	5	1000	500000	33554432	355618.776671	339.14	49.77	349.00	5	299	321	331
2	5	1000	500000	100000000	300300.300300	286.39	147.02	834.00	77	687	809	830
2	5	1000	500000	100000000	340599.455041	324.82	146.33	875.00	82	675	840	872
2	5	1000	500000	100000000	301568.154403	287.60	126.88	756.00	64	590	742	753
2	5	1000	500000	200000000	332667.997339	317.26	268.31	1092.00	179	827	1023	1085
2	5	1000	500000	200000000	66970.265202	63.87	1086.86	5485.00	316	5094	5419	5481
2	5	1000	500000	200000000	20696.220870	19.74	6726.59	20254.00	2419	19669	19979	20126
5	1	100	16384	33554432	330272.805337	31.50	848.94	2111.00	674	1677	2012	2095
5	1	100	16384	33554432	508130.081301	48.46	453.12	1198.00	344	942	1172	1197
5	1	100	16384	33554432	583362.501458	55.63	399.48	856.00	477	756	834	854
5	1	100	16384	100000000	337746.554985	32.21	2197.29	6897.00	1415	6491	6839	6892
5	1	100	16384	100000000	549390.176904	52.39	732.39	1927.00	477	1891	1908	1924
5	1	100	16384	100000000	500851.447461	47.76	1193.91	2101.00	1275	1921	2029	2098
5	1	100	16384	200000000	526537.489469	50.21	1351.76	2716.00	1280	2588	2673	2713
5	1	100	16384	200000000	468384.074941	44.67	1707.04	4284.00	1391	3903	4251	4280
5	1	100	16384	200000000	601033.778098	57.32	763.00	2077.00	558	1950	2056	2074
5	1	100	200000	33554432	443695.092732	42.31	584.25	2162.00	500	2045	2133	2159
5	1	100	200000	33554432	644496.004125	61.46	330.88	587.00	425	519	563	586
5	1	100	200000	33554432	472455.825380	45.06	582.78	2930.00	437	2817	2909	2927
5	1	100	200000	100000000	547465.235958	52.21	1177.04	2399.00	981	2348	2384	2395
5	1	100	200000	100000000	562239.964017	53.62	933.09	2208.00	792	2056	2173	2187
5	1	100	200000	100000000	548666.739822	52.32	998.97	1835.00	1067	1793	1815	1834
5	1	100	200000	200000000	455041.863851	43.40	1597.64	3868.00	1505	3723	3833	3865
5	1	100	200000	200000000	520724.848990	49.66	1334.24	3044.00	1189	2865	2996	3043
5	1	100	200000	200000000	471431.265322	44.96	1620.14	3508.00	1351	3412	3492	3503
5	1	100	500000	33554432	488806.334930	46.62	456.41	1174.00	567	1015	1101	1172
5	1	100	500000	33554432	450409.872984	42.95	574.36	2076.00	468	1943	2036	2068
5	1	100	500000	33554432	557786.702365	53.19	416.52	741.00	478	646	695	706
5	1	100	500000	100000000	475873.227372	45.38	1281.30	3772.00	1208	3667	3710	3735
5	1	100	500000	100000000	584248.656228	55.72	765.80	1717.00	714	1658	1703	1716
5	1	100	500000	100000000	380054.727881	36.24	1628.16	6000.00	845	5939	5975	5996
5	1	100	500000	200000000	665778.961385	63.49	516.77	1726.00	261	1577	1710	1724
5	1	100	500000	200000000	471475.719000	44.96	1806.21	3532.00	2143	3290	3479	3528
5	1	100	500000	200000000	451548.812427	43.06	1862.91	4014.00	1416	3905	3983	4012
5	1	500	16384	33554432	132678.784662	63.27	447.39	814.00	465	617	804	813
5	1	500	16384	33554432	117013.807629	55.80	518.03	931.00	526	669	895	923
5	1	500	16384	33554432	115968.920329	55.30	522.41	799.00	553	632	761	793
5	1	500	16384	100000000	116292.592162	55.45	1409.04	1888.00	1616	1782	1856	1886
5	1	500	16384	100000000	17892.608563	8.53	10774.10	51529.00	1486	51272	51481	51510
5	1	500	16384	100000000	10513.699350	5.01	12789.06	54448.00	12156	35284	53696	54358
5	1	500	16384	200000000	9907.955097	4.72	30270.46	65278.00	29342	65217	65253	65272
5	1	500	16384	200000000	19047.256243	9.08	15905.83	34652.00	15972	28950	32665	34531
5	1	500	16384	200000000	9033.505271	4.31	39665.24	61005.00	41371	60162	60829	60962
5	1	500	200000	33554432	34415.115119	16.41	1764.81	17108.00	424	16824	17047	17098
5	1	500	200000	33554432	21977.055954	10.48	2953.49	8384.00	3210	6890	8335	8383
5	1	500	200000	33554432	28668.080959	13.67	1474.02	11976.00	430	11659	11749	11813
5	1	500	200000	100000000	14767.558627	7.04	10384.09	30932.00	10627	27447	29958	30931
5	1	500	200000	100000000	57113.484494	27.23	3240.10	7030.00	2381	6793	7014	7022
5	1	500	200000	100000000	15347.309617	7.32	12479.88	36254.00	10466	34711	35865	36202
5	1	500	200000	200000000	30862.292451	14.72	11938.77	23268.00	11932	21938	22917	23037
5	1	500	200000	200000000	17605.633803	8.40	18602.75	41563.00	10677	40425	41322	41513
5	1	500	200000	200000000	29259.443485	13.95	12674.42	28374.00	9665	27304	28239	28368
5	1	500	500000	33554432	19348.722017	9.23	3354.96	28424.00	1423	28234	28379	28407
5	1	500	500000	33554432	17918.256912	8.54	2788.58	16833.00	2038	11691	16079	16825
5	1	500	500000	33554432	105932.203390	50.51	532.07	2580.00	384	1982	2546	2571
5	1	500	500000	100000000	13467.469328	6.42	9939.75	26473.00	11372	18846	25548	26471
5	1	500	500000	100000000	119246.362986	56.86	1130.25	2956.00	1102	1549	2779	2954
5	1	500	500000	100000000	21226.465157	10.12	9054.87	16552.00	9731	15922	16216	16424
5	1	500	500000	200000000	18445.760242	8.80	17746.71	28900.00	19163	28566	28823	28897
5	1	500	500000	200000000	18753.281824	8.94	16150.26	35369.00	16427	33054	35054	35287
5	1	500	500000	200000000	45012.603529	21.46	4764.50	15092.00	4136	12741	14775	15090
5	1	1000	16384	33554432	3643.332337	3.47	8890.83	32440.00	7673	25433	30970	32270
5	1	1000	16384	33554432	4137.086498	3.95	7538.26	26131.00	6676	25450	25979	26119
5	1	1000	16384	33554432	4766.353358	4.55	6815.48	23775.00	1780	22826	23598	23765
5	1	1000	16384	100000000	3473.548925	3.31	24581.11	52694.00	26529	47585	51973	52455
5	1	1000	16384	100000000	4340.503846	4.14	18238.18	45182.00	19018	43060	44703	45136
5	1	1000	16384	100000000	4218.056657	4.02	22203.94	47318.00	22572	41596	46583	47076
5	1	1000	16384	200000000	6613.231754	6.31	28717.94	68538.00	22711	67637	68363	68511
5	1	1000	16384	200000000	138197.899392	131.80	1039.95	1409.00	1114	1367	1395	1409
5	1	1000	16384	200000000	33238.050921	31.70	4500.39	9340.00	5687	8841	9283	9335
5	1	1000	200000	33554432	53590.568060	51.11	575.61	824.00	595	735	795	823
5	1	1000	200000	33554432	51899.522524	49.50	594.10	741.00	623	700	715	718
5	1	1000	200000	33554432	50612.410163	48.27	614.24	1082.00	598	735	999	1044
5	1	1000	200000	100000000	48890.192627	46.63	1726.18	2223.00	1951	2133	2171	2194
5	1	1000	200000	100000000	49431.537321	47.14	1676.03	2318.00	1900	2234	2284	2317
5	1	1000	200000	100000000	50679.099939	48.33	1658.32	2152.00	1831	2058	2072	2111
5	1	1000	200000	200000000	40869.707373	38.98	4096.67	7444.00	3895	7246	7384	7442
5	1	1000	200000	200000000	57247.538356	54.60	2327.47	4136.00	2903	3546	4105	4132
5	1	1000	200000	200000000	52709.255745	50.27	2754.60	4075.00	3411	4026	4062	4073
5	1	1000	500000	33554432	48090.795422	45.86	648.51	1460.00	633	1298	1398	1457
5	1	1000	500000	33554432	47993.856786	45.77	646.99	1275.00	636	1140	1222	1272
5	1	1000	500000	33554432	49608.096041	47.31	629.23	898.00	646	818	867	893
5	1	1000	500000	100000000	45749.839876	43.63	1854.55	2429.00	2095	2286	2362	2394
5	1	1000	500000	100000000	41084.634347	39.18	1972.37	3505.00	2123	3372	3440	3467
5	1	1000	500000	100000000	53487.376979	51.01	1563.90	2387.00	1654	2205	2280	2383
5	1	1000	500000	200000000	10460.032217	9.98	9889.49	41483.00	3902	41227	41423	41428
5	1	1000	500000	200000000	11444.790331	10.91	16837.15	40714.00	5157	40557	40707	40713
5	1	1000	500000	200000000	11171.187274	10.65	17105.95	40641.00	3085	40452	40590	40631
5	2	100	16384	33554432	305698.214722	29.15	708.26	2325.00	718	2113	2231	2299
5	2	100	16384	33554432	454050.127134	43.30	489.67	1654.00	408	616	642	653
5	2	100	16384	33554432	404694.455686	38.59	637.69	1330.00	659	961	1179	1215
5	2	100	16384	100000000	468603.561387	44.69	1353.40	2271.00	1711	2010	2181	2250
5	2	100	16384	100000000	464166.357222	44.27	1436.07	2105.00	1546	1994	2018	2043
5	2	100	16384	100000000	382819.079703	36.51	2033.50	4437.00	1684	4310	4403	4416
5	2	100	16384	200000000	443852.640923	42.33	2102.25	3940.00	1376	3224	3416	3433
5	2	100	16384	200000000	393360.081819	37.51	1983.65	5332.00	1761	4921	4959	4978
5	2	100	16384	200000000	576501.787156	54.98	691.20	2353.00	483	2094	2291	2351
5	2	100	200000	33554432	406669.377796	38.78	627.08	1686.00	625	1578	1622	1643
5	2	100	200000	33554432	377273.070248	35.98	737.52	2328.00	728	2185	2289	2322
5	2	100	200000	33554432	525486.074619	50.11	438.43	807.00	542	665	715	782
5	2	100	200000	100000000	456162.758872	43.50	1264.06	2431.00	1346	2061	2100	2125
5	2	100	200000	100000000	426257.459506	40.65	1524.65	2867.00	1862	2754	2777	2790
5	2	100	200000	100000000	400352.310033	38.18	1686.84	3157.00	1943	3033	3071	3089
5	2	100	200000	200000000	396542.152431	37.82	2440.15	4831.00	2720	4536	4776	4827
5	2	100	200000	200000000	447667.651536	42.69	1890.18	4059.00	1369	3808	3952	4021
5	2	100	200000	200000000	428375.599726	40.85	1698.98	4079.00	1517	3882	3999	4075
5	2	100	500000	33554432	374644.088116	35.73	672.19	1357.00	790	1224	1271	1315
5	2	100	500000	33554432	358089.235838	34.15	700.69	2819.00	521	1012	2301	2346
5	2	100	500000	33554432	387026.859664	36.91	652.14	1822.00	624	958	1098	1132
5	2	100	500000	100000000	373999.551201	35.67	1784.28	3691.00	1918	3490	3568	3606
5	2	100	500000	100000000	408496.732026	38.96	1545.84	2833.00	2235	2634	2684	2778
5	2	100	500000	100000000	352261.518952	33.59	1961.90	7093.00	1603	7026	7063	7076
5	2	100	500000	200000000	496721.637195	47.37	1069.22	3743.00	738	2381	2556	2589
5	2	100	500000	200000000	161603.102780	15.41	9023.11	24102.00	4231	23574	24051	24097
5	2	100	500000	200000000	481510.015408	45.92	926.71	4568.00	205	4095	4463	4563
5	2	500	16384	33554432	97465.886940	46.48	621.64	943.00	657	805	905	941
5	2	500	16384	33554432	11498.217776	5.48	4862.74	49190.00	672	5428	8534	15833
5	2	500	16384	33554432	5170.176355	2.47	10961.98	43114.00	20604	37689	42265	43069
5	2	500	16384	100000000	5305.236799	2.53	24644.54	98567.00	7370	19504	23460	23953
5	2	500	16384	100000000	5702.619784	2.72	25806.53	64514.00	22709	32453	45375	46067
5	2	500	16384	100000000	5726.032260	2.73	29902.78	75679.00	20296	46262	48585	50604
5	2	500	16384	200000000	6527.500359	3.11	42209.04	82654.00	47514	59227	61982	62693
5	2	500	16384	200000000	5173.814291	2.47	51990.80	106560.00	77955	95042	104712	106557
5	2	500	16384	200000000	6822.166584	3.25	41012.47	81731.00	37015	58217	59232	59373
5	2	500	200000	33554432	45374.109533	21.64	1395.23	5979.00	3221	5575	5713	5844
5	2	500	200000	33554432	25720.164609	12.26	2489.30	35269.00	23	79	105	420
5	2	500	200000	33554432	299490.865529	142.81	139.26	662.00	87	461	548	553
5	2	500	200000	100000000	39093.041439	18.64	1430.21	19493.00	1394	2592	19404	19490
5	2	500	200000	100000000	186081.131373	88.73	783.68	2638.00	1087	2584	2613	2632
5	2	500	200000	100000000	92635.479389	44.17	1718.59	3313.00	1438	3230	3269	3307
5	2	500	200000	200000000	78179.970292	37.28	3770.93	5435.00	4983	5247	5307	5386
5	2	500	200000	200000000	86497.707811	41.25	3432.64	5086.00	3919	5021	5043	5077
5	2	500	200000	200000000	91390.970572	43.58	3213.61	4173.00	3487	4004	4036	4069
5	2	500	500000	33554432	71994.240461	34.33	827.56	2206.00	442	771	1128	1161
5	2	500	500000	33554432	68526.005619	32.68	886.04	3334.00	574	2343	2729	2777
5	2	500	500000	33554432	87108.013937	41.54	655.98	1744.00	565	780	941	967
5	2	500	500000	100000000	64591.138096	30.80	2422.87	5088.00	1474	2653	2721	2789
5	2	500	500000	100000000	74968.138541	35.75	2119.11	3598.00	1836	2216	2666	2681
5	2	500	500000	100000000	65530.799476	31.25	2284.51	5236.00	2650	5052	5135	5154
5	2	500	500000	200000000	75528.700906	36.01	3636.42	6319.00	4814	6204	6252	6275
5	2	500	500000	200000000	60983.046713	29.08	5230.60	10842.00	5156	9809	9924	9946
5	2	500	500000	200000000	100110.121133	47.74	2601.89	4718.00	2734	4322	4520	4714
5	2	1000	16384	33554432	50576.572931	48.23	608.20	1116.00	596	839	1010	1093
5	2	1000	16384	33554432	4353.239245	4.15	7022.11	64895.00	719	53254	62506	64220
5	2	1000	16384	33554432	2833.166177	2.70	11359.01	40074.00	8957	31935	34817	39399
5	2	1000	16384	100000000	3504.001570	3.34	25113.99	50501.00	25797	45837	49371	50423
5	2	1000	16384	100000000	2583.512026	2.46	31864.57	67150.00	28662	58869	66309	67125
5	2	1000	16384	100000000	2781.300759	2.65	31167.33	65526.00	33302	61669	65217	65476
5	2	1000	16384	200000000	5236.534252	4.99	26369.80	64998.00	27641	64901	64981	64997
5	2	1000	16384	200000000	99108.027750	94.52	1531.12	3482.00	1047	3462	3475	3481
5	2	1000	16384	200000000	12681.343208	12.09	10269.91	36729.00	5160	36374	36697	36725
5	2	1000	200000	33554432	83920.778785	80.03	332.10	788.00	287	732	759	774
5	2	1000	200000	33554432	44694.734960	42.62	688.23	1747.00	648	1582	1693	1728
5	2	1000	200000	33554432	36329.288673	34.65	835.27	3055.00	779	2421	3006	3049
5	2	1000	200000	100000000	40680.172484	38.80	2051.01	3046.00	2246	2881	2964	3020
5	2	1000	200000	100000000	35072.951740	33.45	2322.23	3697.00	2477	3450	3651	3695
5	2	1000	200000	100000000	39745.627981	37.90	2077.91	3076.00	2115	2989	3048	3074
5	2	1000	200000	200000000	36255.528968	34.58	4077.87	6491.00	4941	6346	6434	6484
5	2	1000	200000	200000000	41223.513892	39.31	3580.35	5205.00	4418	5071	5165	5203
5	2	1000	200000	200000000	37942.024586	36.18	3955.98	6071.00	4725	5929	6014	6070
5	2	1000	500000	33554432	28258.166610	26.95	1115.30	4300.00	915	4006	4206	4266
5	2	1000	500000	33554432	45289.855072	43.19	654.89	1581.00	591	1347	1517	1541
5	2	1000	500000	33554432	37105.751391	35.39	811.79	2034.00	685	1789	1949	2031
5	2	1000	500000	100000000	33209.351753	31.67	2493.34	4154.00	2635	3972	4086	4149
5	2	1000	500000	100000000	32579.657262	31.07	2701.81	5228.00	2505	4888	5169	5223
5	2	1000	500000	100000000	35097.571248	33.47	2415.89	3548.00	2637	3343	3453	3521
5	2	1000	500000	200000000	30896.619910	29.47	5276.92	10724.00	2988	10470	10656	10700
5	2	1000	500000	200000000	36297.640653	34.62	3899.07	7173.00	4236	6861	7009	7147
5	2	1000	500000	200000000	3090.941686	2.95	44382.34	124452.00	4504	121934	122358	123220
5	5	100	16384	33554432	228864.374971	21.83	860.22	4004.00	847	1715	1750	1796
5	5	100	16384	33554432	427606.260156	40.78	543.73	1409.00	548	873	1004	1023
5	5	100	16384	33554432	231706.751935	22.10	1127.01	3181.00	740	2268	2569	2755
5	5	100	16384	100000000	311915.159077	29.75	2288.89	5512.00	2527	4909	5355	5438
5	5	100	16384	100000000	396982.929734	37.86	1847.13	2807.00	1888	2238	2378	2451
5	5	100	16384	100000000	377786.173026	36.03	1710.05	3399.00	2155	2485	2579	2829
5	5	100	16384	200000000	358989.086732	34.24	2477.10	5515.00	2880	4164	4677	4721
5	5	100	16384	200000000	393514.874862	37.53	2398.62	4582.00	2738	4079	4530	4556
5	5	100	16384	200000000	368242.745618	35.12	2526.56	4668.00	2854	4320	4554	4588
5	5	100	200000	33554432	213711.745598	20.38	1119.99	10485.00	725	9908	10375	10480
5	5	100	200000	33554432	505050.505051	48.17	358.32	1880.00	132	792	913	956
5	5	100	200000	33554432	323792.254889	30.88	802.32	1579.00	701	831	883	924
5	5	100	200000	100000000	325097.529259	31.00	2196.56	3307.00	2786	2975	3039	3110
5	5	100	200000	100000000	319611.352595	30.48	2125.27	4231.00	3488	3845	4183	4206
5	5	100	200000	100000000	345017.940933	32.90	1919.57	3597.00	2238	3002	3284	3419
5	5	100	200000	200000000	233230.711820	22.24	5614.11	13383.00	5787	11910	12372	12405
5	5	100	200000	200000000	368242.745618	35.12	2335.45	5933.00	1651	5422	5500	5527
5	5	100	200000	200000000	225835.591689	21.54	5778.51	13782.00	5997	13683	13744	13775
5	5	100	500000	33554432	212053.098096	20.22	1182.79	3945.00	333	1168	1510	1618
5	5	100	500000	33554432	246293.286045	23.49	971.16	7307.00	1352	6813	7071	7228
5	5	100	500000	33554432	224729.201312	21.43	1152.29	5322.00	1247	4166	4364	4438
5	5	100	500000	100000000	231427.910206	22.07	2823.22	7332.00	4663	6089	6194	6232
5	5	100	500000	100000000	207245.295532	19.76	3347.58	8907.00	4841	7116	7259	7358
5	5	100	500000	100000000	233372.228705	22.26	2825.51	6257.00	5018	5817	5958	6022
5	5	100	500000	200000000	92373.632870	8.81	13318.71	35095.00	13249	31947	32777	33081
5	5	100	500000	200000000	28543.537458	2.72	55459.40	92972.00	56478	87345	88439	89108
5	5	100	500000	200000000	31511.347236	3.01	49675.87	89060.00	53818	85496	88040	88583
5	5	500	16384	33554432	3552.107643	1.69	15619.06	67742.00	9704	47746	64593	67208
5	5	500	16384	33554432	4252.279222	2.03	13946.47	38118.00	14818	29569	36116	37193
5	5	500	16384	33554432	6664.045475	3.18	9195.05	27148.00	8811	20620	25031	26805
5	5	500	16384	100000000	6015.652728	2.87	27543.81	67514.00	27693	51249	58221	67040
5	5	500	16384	100000000	44304.638696	21.13	4174.46	18876.00	505	17841	18150	18863
5	5	500	16384	100000000	111333.778668	53.09	1518.94	2751.00	1463	2506	2655	2732
5	5	500	16384	200000000	91482.938432	43.62	2932.19	5157.00	2978	4747	4957	5070
5	5	500	16384	200000000	117027.501463	55.80	2365.62	3590.00	3070	3509	3555	3579
5	5	500	16384	200000000	131319.763624	62.62	2083.44	3371.00	2613	3097	3285	3366
5	5	500	200000	33554432	134716.421932	64.24	421.27	681.00	446	568	616	648
5	5	500	200000	33554432	136948.781156	65.30	408.69	643.00	434	540	575	618
5	5	500	200000	33554432	140134.529148	66.82	407.13	778.00	414	591	658	753
5	5	500	200000	100000000	94241.824522	44.94	1263.89	5282.00	1270	2202	5192	5238
5	5	500	200000	100000000	246123.554024	117.36	485.90	1037.00	540	911	962	1010
5	5	500	200000	100000000	131440.588854	62.68	1159.96	2254.00	1296	2116	2190	2234
5	5	500	200000	200000000	115048.320295	54.86	2312.06	3842.00	2910	3671	3789	3816
5	5	500	200000	200000000	119588.615164	57.02	2101.81	3849.00	2674	3126	3752	3845
5	5	500	200000	200000000	124564.025909	59.40	2070.39	3647.00	2548	3420	3513	3623
5	5	500	500000	33554432	80866.893094	38.56	648.07	2218.00	481	1808	2104	2179
5	5	500	500000	33554432	111482.720178	53.16	457.99	2455.00	304	1668	2361	2419
5	5	500	500000	33554432	114968.958381	54.82	463.37	2327.00	235	1587	2214	2265
5	5	500	500000	100000000	141262.890239	67.36	1028.23	2450.00	898	2155	2298	2367
5	5	500	500000	100000000	98823.994466	47.12	1503.39	3267.00	1470	2774	3044	3173
5	5	500	500000	100000000	98106.543706	46.78	1082.87	4747.00	1099	2127	2577	4727
5	5	500	500000	200000000	17195.721704	8.20	21076.64	54979.00	17729	54137	54790	54941
5	5	500	500000	200000000	24998.125141	11.92	9561.62	21855.00	9598	18961	19837	21826
5	5	500	500000	200000000	15755.226796	7.51	19768.41	44060.00	13661	41540	43890	43986
5	5	1000	16384	33554432	3454.398486	3.29	8607.10	30948.00	4853	26854	29173	30290
5	5	1000	16384	33554432	2531.966072	2.41	10862.04	51751.00	7848	31147	47700	51232
5	5	1000	16384	33554432	3953.631806	3.77	7507.99	26779.00	4699	20342	24605	26740
5	5	1000	16384	100000000	4631.816876	4.42	19552.29	49376.00	18321	44060	47146	49124
5	5	1000	16384	100000000	128567.755207	122.61	612.22	1202.00	574	944	1149	1194
5	5	1000	16384	100000000	66163.821622	63.10	1205.94	1903.00	1388	1755	1838	1897
5	5	1000	16384	200000000	60731.203692	57.92	2305.22	4111.00	2954	3265	3788	4100
5	5	1000	16384	200000000	55481.580115	52.91	2179.39	4507.00	2392	4410	4473	4489
5	5	1000	16384	200000000	70631.445119	67.36	1915.79	2960.00	2446	2869	2907	2950
5	5	1000	200000	33554432	61192.020561	58.36	485.19	804.00	494	654	718	748
5	5	1000	200000	33554432	64366.632338	61.38	451.11	930.00	435	801	868	923
5	5	1000	200000	33554432	61950.192046	59.08	459.39	1445.00	419	1076	1187	1396
5	5	1000	200000	100000000	69959.423534	66.72	1132.45	1681.00	1244	1563	1620	1656
5	5	1000	200000	100000000	74996.250187	71.52	1074.95	1749.00	1180	1502	1592	1743
5	5	1000	200000	100000000	65496.463191	62.46	1126.35	2327.00	1115	1911	2185	2314
5	5	1000	200000	200000000	71942.446043	68.61	1903.10	3145.00	2306	2900	3011	3138
5	5	1000	200000	200000000	72663.856998	69.30	1911.40	2914.00	2445	2792	2851	2896
5	5	1000	200000	200000000	58153.058851	55.46	2424.36	5041.00	2426	4763	4924	5018
5	5	1000	500000	33554432	54118.411083	51.61	502.03	2134.00	377	1432	1986	2119
5	5	1000	500000	33554432	51213.766260	48.84	563.65	1984.00	324	1623	1828	1981
5	5	1000	500000	33554432	50484.652666	48.15	569.82	2385.00	426	1831	2224	2374
5	5	1000	500000	100000000	40700.040700	38.81	1892.51	5716.00	1283	4900	5541	5655
5	5	1000	500000	100000000	51786.639047	49.39	1478.12	3810.00	1219	3401	3663	3762
5	5	1000	500000	100000000	16886.187099	16.10	2930.38	18933.00	1373	12486	16299	17981
5	5	1000	500000	200000000	13605.071971	12.97	10136.16	20304.00	11153	18321	19259	20222
5	5	1000	500000	200000000	13107.877835	12.50	9460.59	20062.00	10133	15044	18836	19968
5	5	1000	500000	200000000	15143.713844	14.44	7375.60	18353.00	7419	13508	15538	18329
