1.0	1.0	100.0	33554432.0	0.0	695797.3838020001	66.36	320.0	1087.0	309.0	847.0	1058.0	1083.0
1.0	1.0	100.0	33554432.0	0.0	1026483.2683229999	97.89	78.2	354.0	3.0	304.0	346.0	354.0
1.0	1.0	100.0	33554432.0	0.0	940203.083866	89.66	131.87	423.0	99.0	385.0	406.0	423.0
1.0	1.0	100.0	33554432.0	0.0	887494.57866	84.63667	176.69	621.33333	137.0	512.0	603.33333	620.0
1.0	1.0	100.0	33554432.0	2.0	1163061.177018	110.92	6.92	173.0	1.0	38.0	44.0	55.0
1.0	1.0	100.0	33554432.0	2.0	1151277.91849	109.79	10.3	144.0	1.0	47.0	68.0	80.0
1.0	1.0	100.0	33554432.0	2.0	1098177.0261370002	104.73	40.94	306.0	2.0	236.0	281.0	304.0
1.0	1.0	100.0	33554432.0	2.0	1137505.37388	108.48	19.38667	207.66667	1.33333	107.0	131.0	146.33333
1.0	1.0	100.0	33554432.0	5.0	1048657.7181209999	100.01	63.28	479.0	10.0	447.0	474.0	478.0
1.0	1.0	100.0	33554432.0	5.0	904813.6083969999	86.29	157.56	861.0	99.0	807.0	846.0	859.0
1.0	1.0	100.0	33554432.0	5.0	1041232.819658	99.3	42.62	255.0	1.0	204.0	242.0	253.0
1.0	1.0	100.0	33554432.0	5.0	998234.71539	95.2	87.82	531.66667	36.66667	486.0	520.66667	530.0
1.0	1.0	100.0	100000000.0	0.0	946073.793756	90.22	123.77	519.0	15.0	377.0	401.0	489.0
1.0	1.0	100.0	100000000.0	0.0	1087665.869045	103.73	57.86	280.0	1.0	259.0	275.0	278.0
1.0	1.0	100.0	100000000.0	0.0	1064735.945486	101.54	52.6	392.0	1.0	337.0	376.0	390.0
1.0	1.0	100.0	100000000.0	0.0	1032825.20276	98.49667	78.07667	397.0	5.66667	324.33333	350.66667	385.66667
1.0	1.0	100.0	100000000.0	2.0	958956.655159	91.45	142.58	550.0	86.0	510.0	545.0	550.0
1.0	1.0	100.0	100000000.0	2.0	911410.864017	86.92	299.55	766.0	221.0	735.0	755.0	764.0
1.0	1.0	100.0	100000000.0	2.0	1216249.087813	115.99	1.08	135.0	1.0	5.0	14.0	15.0
1.0	1.0	100.0	100000000.0	2.0	1028872.20233	98.12	147.73667	483.66667	102.66667	416.66667	438.0	443.0
1.0	1.0	100.0	100000000.0	5.0	1031565.9170620001	98.38	77.09	605.0	2.0	296.0	454.0	467.0
1.0	1.0	100.0	100000000.0	5.0	1075731.4974180001	102.59	26.78	216.0	1.0	114.0	133.0	135.0
1.0	1.0	100.0	100000000.0	5.0	1092896.174863	104.23	38.67	195.0	1.0	163.0	181.0	193.0
1.0	1.0	100.0	100000000.0	5.0	1066731.19645	101.73333	47.51333	338.66667	1.33333	191.0	256.0	265.0
1.0	1.0	100.0	200000000.0	0.0	989707.0467139999	94.39	149.45	684.0	19.0	569.0	666.0	682.0
1.0	1.0	100.0	200000000.0	0.0	1164958.0615100001	111.1	40.76	230.0	1.0	198.0	221.0	229.0
1.0	1.0	100.0	200000000.0	0.0	1125112.511251	107.3	17.57	141.0	1.0	86.0	106.0	115.0
1.0	1.0	100.0	200000000.0	0.0	1093259.20649	104.26333	69.26	351.66667	7.0	284.33333	331.0	342.0
1.0	1.0	100.0	200000000.0	2.0	1030502.885408	98.28	66.08	386.0	1.0	301.0	370.0	385.0
1.0	1.0	100.0	200000000.0	2.0	1082016.879463	103.19	51.42	400.0	1.0	301.0	372.0	396.0
1.0	1.0	100.0	200000000.0	2.0	1014816.3182459999	96.78	77.93	344.0	10.0	311.0	338.0	344.0
1.0	1.0	100.0	200000000.0	2.0	1042445.36104	99.41667	65.14333	376.66667	4.0	304.33333	360.0	375.0
1.0	1.0	100.0	200000000.0	5.0	897827.2580360001	85.62	393.66	916.0	368.0	803.0	821.0	836.0
1.0	1.0	100.0	200000000.0	5.0	853825.136612	81.43	345.12	871.0	304.0	803.0	824.0	869.0
1.0	1.0	100.0	200000000.0	5.0	982318.27112	93.68	79.63	670.0	1.0	557.0	654.0	669.0
1.0	1.0	100.0	200000000.0	5.0	911323.55526	86.91	272.80333	819.0	224.33333	721.0	766.33333	791.33333
1.0	1.0	500.0	33554432.0	0.0	289603.243556	138.09	200.24	272.0	201.0	243.0	259.0	270.0
1.0	1.0	500.0	33554432.0	0.0	237079.184448	113.05	251.22	561.0	228.0	557.0	560.0	561.0
1.0	1.0	500.0	33554432.0	0.0	284252.41614600003	135.54	203.21	270.0	212.0	250.0	259.0	269.0
1.0	1.0	500.0	33554432.0	0.0	270311.61472	128.89333	218.22333	367.66667	213.66667	350.0	359.33333	366.66667
1.0	1.0	500.0	33554432.0	2.0	275558.00496	131.4	210.99	285.0	211.0	265.0	270.0	284.0
1.0	1.0	500.0	33554432.0	2.0	275103.163686	131.18	209.5	481.0	207.0	460.0	476.0	481.0
1.0	1.0	500.0	33554432.0	2.0	270343.336037	128.91	213.88	495.0	198.0	487.0	492.0	495.0
1.0	1.0	500.0	33554432.0	2.0	273668.16823	130.49667	211.45667	420.33333	205.33333	404.0	412.66667	420.0
1.0	1.0	500.0	33554432.0	5.0	266240.681576	126.95	219.78	273.0	225.0	253.0	264.0	272.0
1.0	1.0	500.0	33554432.0	5.0	288184.43804000004	137.42	203.73	345.0	197.0	288.0	320.0	343.0
1.0	1.0	500.0	33554432.0	5.0	272479.564033	129.93	211.7	274.0	217.0	256.0	264.0	273.0
1.0	1.0	500.0	33554432.0	5.0	275634.89455	131.43333	211.73667	297.33333	213.0	265.66667	282.66667	296.0
1.0	1.0	500.0	100000000.0	0.0	272108.843537	129.75	577.27	735.0	612.0	721.0	732.0	734.0
1.0	1.0	500.0	100000000.0	0.0	257665.550116	122.86	614.48	820.0	670.0	788.0	814.0	820.0
1.0	1.0	500.0	100000000.0	0.0	258197.77949899997	123.12	624.82	1037.0	627.0	1023.0	1033.0	1037.0
1.0	1.0	500.0	100000000.0	0.0	262657.39105	125.24333	605.52333	864.0	636.33333	844.0	859.66667	863.66667
1.0	1.0	500.0	100000000.0	2.0	259538.02232	123.76	614.59	793.0	685.0	769.0	789.0	793.0
1.0	1.0	500.0	100000000.0	2.0	247218.788628	117.88	646.42	899.0	725.0	851.0	898.0	899.0
1.0	1.0	500.0	100000000.0	2.0	212314.225053	101.24	665.62	1509.0	665.0	1204.0	1442.0	1504.0
1.0	1.0	500.0	100000000.0	2.0	239690.34533	114.29333	642.21	1067.0	691.66667	941.33333	1043.0	1065.33333
1.0	1.0	500.0	100000000.0	5.0	119717.466778	57.09	1362.66	1885.0	1557.0	1831.0	1879.0	1884.0
1.0	1.0	500.0	100000000.0	5.0	148038.490007	70.59	1083.47	1478.0	1235.0	1430.0	1446.0	1477.0
1.0	1.0	500.0	100000000.0	5.0	134680.13468	64.22	1255.32	2611.0	1147.0	2567.0	2603.0	2611.0
1.0	1.0	500.0	100000000.0	5.0	134145.36382	63.96667	1233.81667	1991.33333	1313.0	1942.66667	1976.0	1990.66667
1.0	1.0	500.0	200000000.0	0.0	172532.781228	82.27	1509.5	2334.0	1792.0	2251.0	2311.0	2330.0
1.0	1.0	500.0	200000000.0	0.0	173010.380623	82.5	1530.67	2439.0	1913.0	2341.0	2393.0	2434.0
1.0	1.0	500.0	200000000.0	0.0	176118.351532	83.98	1527.37	2360.0	1818.0	2321.0	2345.0	2358.0
1.0	1.0	500.0	200000000.0	0.0	173887.17113	82.91667	1522.51333	2377.66667	1841.0	2304.33333	2349.66667	2374.0
1.0	1.0	500.0	200000000.0	2.0	171174.25539200002	81.62	1508.95	2426.0	1770.0	2364.0	2417.0	2425.0
1.0	1.0	500.0	200000000.0	2.0	164419.598816	78.4	1594.98	2621.0	1884.0	2545.0	2605.0	2619.0
1.0	1.0	500.0	200000000.0	2.0	171115.674196	81.59	1577.14	2413.0	1884.0	2376.0	2405.0	2411.0
1.0	1.0	500.0	200000000.0	2.0	168903.17613	80.53667	1560.35667	2486.66667	1846.0	2428.33333	2475.66667	2485.0
1.0	1.0	500.0	200000000.0	5.0	169865.80601300002	81.0	1578.51	2400.0	1912.0	2365.0	2388.0	2400.0
1.0	1.0	500.0	200000000.0	5.0	166777.851901	79.53	1643.03	2524.0	1869.0	2415.0	2502.0	2523.0
1.0	1.0	500.0	200000000.0	5.0	167785.234899	80.01	1572.97	2423.0	1874.0	2386.0	2410.0	2419.0
1.0	1.0	500.0	200000000.0	5.0	168142.96427	80.18	1598.17	2449.0	1885.0	2388.66667	2433.33333	2447.33333
1.0	1.0	1000.0	33554432.0	0.0	84090.144635	80.19	349.27	633.0	351.0	578.0	607.0	632.0
1.0	1.0	1000.0	33554432.0	0.0	89094.796864	84.97	337.87	799.0	326.0	715.0	777.0	797.0
1.0	1.0	1000.0	33554432.0	0.0	83850.410867	79.97	355.4	586.0	358.0	450.0	580.0	585.0
1.0	1.0	1000.0	33554432.0	0.0	85678.45079	81.71	347.51333	672.66667	345.0	581.0	654.66667	671.33333
1.0	1.0	1000.0	33554432.0	2.0	85748.585148	81.78	350.86	680.0	354.0	534.0	616.0	676.0
1.0	1.0	1000.0	33554432.0	2.0	82277.439526	78.47	368.58	664.0	359.0	519.0	656.0	663.0
1.0	1.0	1000.0	33554432.0	2.0	86790.487763	82.77	347.6	560.0	350.0	503.0	536.0	557.0
1.0	1.0	1000.0	33554432.0	2.0	84938.83748	81.00667	355.68	634.66667	354.33333	518.66667	602.66667	632.0
1.0	1.0	1000.0	33554432.0	5.0	84774.49983	80.85	354.84	657.0	358.0	571.0	642.0	656.0
1.0	1.0	1000.0	33554432.0	5.0	69890.970087	66.65	442.88	2909.0	273.0	2830.0	2893.0	2906.0
1.0	1.0	1000.0	33554432.0	5.0	98697.197	94.12	306.08	661.0	302.0	538.0	635.0	656.0
1.0	1.0	1000.0	33554432.0	5.0	84454.22231	80.54	367.93333	1409.0	311.0	1313.0	1390.0	1406.0
1.0	1.0	1000.0	100000000.0	0.0	72907.553223	69.53	1172.92	2921.0	872.0	2888.0	2914.0	2920.0
1.0	1.0	1000.0	100000000.0	0.0	95057.03422100001	90.65	839.93	1235.0	938.0	1147.0	1208.0	1234.0
1.0	1.0	1000.0	100000000.0	0.0	89333.571556	85.2	897.75	1235.0	993.0	1169.0	1210.0	1232.0
1.0	1.0	1000.0	100000000.0	0.0	85766.053	81.79333	970.2	1797.0	934.33333	1734.66667	1777.33333	1795.33333
1.0	1.0	1000.0	100000000.0	2.0	83724.04554600001	79.85	975.55	1418.0	1110.0	1294.0	1386.0	1413.0
1.0	1.0	1000.0	100000000.0	2.0	72918.185796	69.54	1157.82	2287.0	1052.0	2245.0	2277.0	2286.0
1.0	1.0	1000.0	100000000.0	2.0	87780.89887599999	83.71	934.61	1393.0	1020.0	1324.0	1374.0	1392.0
1.0	1.0	1000.0	100000000.0	2.0	81474.37674	77.7	1022.66	1699.33333	1060.66667	1621.0	1679.0	1697.0
1.0	1.0	1000.0	100000000.0	5.0	85763.29331000001	81.79	941.04	1507.0	1021.0	1411.0	1484.0	1506.0
1.0	1.0	1000.0	100000000.0	5.0	83836.351442	79.95	965.69	1494.0	1110.0	1407.0	1481.0	1488.0
1.0	1.0	1000.0	100000000.0	5.0	82061.381914	78.26	991.69	1296.0	1155.0	1230.0	1263.0	1292.0
1.0	1.0	1000.0	100000000.0	5.0	83887.00889	80.0	966.14	1432.33333	1095.33333	1349.33333	1409.33333	1428.66667
1.0	1.0	1000.0	200000000.0	0.0	79668.578713	75.98	1783.28	2593.0	2064.0	2526.0	2562.0	2588.0
1.0	1.0	1000.0	200000000.0	0.0	83794.201441	79.91	1777.07	3155.0	2081.0	3001.0	3125.0	3154.0
1.0	1.0	1000.0	200000000.0	0.0	85338.795016	81.39	1670.24	2616.0	2000.0	2542.0	2598.0	2611.0
1.0	1.0	1000.0	200000000.0	0.0	82933.85839	79.09333	1743.53	2788.0	2048.33333	2689.66667	2761.66667	2784.33333
1.0	1.0	1000.0	200000000.0	2.0	63307.16637100001	60.37	1937.61	4429.0	2059.0	4307.0	4401.0	4415.0
1.0	1.0	1000.0	200000000.0	2.0	102564.102564	97.81	1301.03	2073.0	1476.0	2022.0	2057.0	2072.0
1.0	1.0	1000.0	200000000.0	2.0	95730.423128	91.3	1432.01	2177.0	1661.0	2136.0	2161.0	2174.0
1.0	1.0	1000.0	200000000.0	2.0	87200.56402	83.16	1556.88333	2893.0	1732.0	2821.66667	2873.0	2887.0
1.0	1.0	1000.0	200000000.0	5.0	69348.127601	66.14	2352.53	4457.0	1397.0	4328.0	4416.0	4454.0
1.0	1.0	1000.0	200000000.0	5.0	103220.478943	98.44	1307.24	1998.0	1393.0	1941.0	1968.0	1991.0
1.0	1.0	1000.0	200000000.0	5.0	63395.460885	60.46	2614.56	5188.0	1285.0	5071.0	5168.0	5186.0
1.0	1.0	1000.0	200000000.0	5.0	78654.68914	75.01333	2091.44333	3881.0	1358.33333	3780.0	3850.66667	3877.0
1.0	2.0	100.0	33554432.0	0.0	146198.830409	13.94	21.0	30283.0	1.0	173.0	189.0	228.0
1.0	2.0	100.0	33554432.0	0.0	1389660.922735	132.53	0.76	134.0	1.0	1.0	2.0	22.0
1.0	2.0	100.0	33554432.0	0.0	1225490.1960780001	116.87	20.0	342.0	1.0	163.0	307.0	339.0
1.0	2.0	100.0	33554432.0	0.0	920449.98307	87.78	13.92	10253.0	1.0	112.33333	166.0	196.33333
1.0	2.0	100.0	33554432.0	2.0	1376273.052574	131.25	0.54	136.0	0.0	1.0	3.0	11.0
1.0	2.0	100.0	33554432.0	2.0	1017915.3094459999	97.08	109.05	1512.0	1.0	1417.0	1501.0	1511.0
1.0	2.0	100.0	33554432.0	2.0	1398601.398601	133.38	0.56	134.0	0.0	1.0	4.0	8.0
1.0	2.0	100.0	33554432.0	2.0	1264263.25354	120.57	36.71667	594.0	0.33333	473.0	502.66667	510.0
1.0	2.0	100.0	33554432.0	5.0	1478852.410529	141.03	0.47	138.0	0.0	1.0	3.0	7.0
1.0	2.0	100.0	33554432.0	5.0	1350621.285791	128.81	1.11	141.0	1.0	5.0	16.0	25.0
1.0	2.0	100.0	33554432.0	5.0	1356852.1031209999	129.4	0.94	142.0	1.0	2.0	12.0	21.0
1.0	2.0	100.0	33554432.0	5.0	1395441.93315	133.08	0.84	140.33333	0.66667	2.66667	10.33333	17.66667
1.0	2.0	100.0	100000000.0	0.0	1170411.985019	111.62	85.14	666.0	1.0	525.0	642.0	665.0
1.0	2.0	100.0	100000000.0	0.0	1359804.188197	129.68	0.85	134.0	1.0	1.0	5.0	11.0
1.0	2.0	100.0	100000000.0	0.0	743936.91415	70.95	559.16	1904.0	359.0	1867.0	1891.0	1903.0
1.0	2.0	100.0	100000000.0	0.0	1091384.36246	104.08333	215.05	901.33333	120.33333	797.66667	846.0	859.66667
1.0	2.0	100.0	100000000.0	2.0	1367240.907848	130.39	3.04	138.0	1.0	16.0	32.0	45.0
1.0	2.0	100.0	100000000.0	2.0	1433075.379765	136.67	0.67	137.0	1.0	2.0	4.0	10.0
1.0	2.0	100.0	100000000.0	2.0	1305483.0287209998	124.5	15.18	235.0	1.0	130.0	224.0	233.0
1.0	2.0	100.0	100000000.0	2.0	1368599.77211	130.52	6.29667	170.0	1.0	49.33333	86.66667	96.0
1.0	2.0	100.0	100000000.0	5.0	1181195.369714	112.65	8.13	139.0	1.0	49.0	76.0	111.0
1.0	2.0	100.0	100000000.0	5.0	495589.255625	47.26	1146.52	2729.0	1301.0	2374.0	2661.0	2726.0
1.0	2.0	100.0	100000000.0	5.0	587199.060482	56.0	859.93	1702.0	846.0	1583.0	1676.0	1698.0
1.0	2.0	100.0	100000000.0	5.0	754661.22861	71.97	671.52667	1523.33333	716.0	1335.33333	1471.0	1511.66667
1.0	2.0	100.0	200000000.0	0.0	650872.1687060001	62.07	505.52	1297.0	415.0	1182.0	1267.0	1295.0
1.0	2.0	100.0	200000000.0	0.0	328969.01111900003	31.37	3665.25	9780.0	281.0	9672.0	9743.0	9760.0
1.0	2.0	100.0	200000000.0	0.0	1388117.712382	132.38	0.92	133.0	1.0	2.0	5.0	10.0
1.0	2.0	100.0	200000000.0	0.0	789319.63074	75.27333	1390.56333	3736.66667	232.33333	3618.66667	3671.66667	3688.33333
1.0	2.0	100.0	200000000.0	2.0	1330494.944119	126.89	1.02	139.0	1.0	4.0	12.0	24.0
1.0	2.0	100.0	200000000.0	2.0	1099142.668718	104.82	133.91	983.0	1.0	890.0	976.0	981.0
1.0	2.0	100.0	200000000.0	2.0	796558.8657	75.97	197.91	1479.0	1.0	1177.0	1412.0	1475.0
1.0	2.0	100.0	200000000.0	2.0	1075398.82618	102.56	110.94667	867.0	1.0	690.33333	800.0	826.66667
1.0	2.0	100.0	200000000.0	5.0	532311.295646	50.77	1166.56	2218.0	1223.0	2132.0	2190.0	2216.0
1.0	2.0	100.0	200000000.0	5.0	599232.9817829999	57.15	965.96	2421.0	488.0	2314.0	2372.0	2418.0
1.0	2.0	100.0	200000000.0	5.0	733137.829912	69.92	276.33	875.0	188.0	807.0	835.0	873.0
1.0	2.0	100.0	200000000.0	5.0	621560.70245	59.28	802.95	1838.0	633.0	1751.0	1799.0	1835.66667
1.0	2.0	500.0	33554432.0	0.0	160849.284221	76.7	369.29	549.0	391.0	470.0	534.0	546.0
1.0	2.0	500.0	33554432.0	0.0	155134.96742200002	73.97	381.03	814.0	397.0	691.0	781.0	813.0
1.0	2.0	500.0	33554432.0	0.0	152322.9246	72.63	391.68	493.0	415.0	471.0	482.0	490.0
1.0	2.0	500.0	33554432.0	0.0	156102.39208	74.43333	380.66667	618.66667	401.0	544.0	599.0	616.33333
1.0	2.0	500.0	33554432.0	2.0	126694.53946500001	60.41	479.47	1781.0	415.0	1692.0	1750.0	1780.0
1.0	2.0	500.0	33554432.0	2.0	164717.509471	78.54	355.85	472.0	386.0	428.0	455.0	468.0
1.0	2.0	500.0	33554432.0	2.0	161995.78811	77.25	368.83	664.0	398.0	593.0	661.0	664.0
1.0	2.0	500.0	33554432.0	2.0	151135.94568	72.06667	401.38333	972.33333	399.66667	904.33333	955.33333	970.66667
1.0	2.0	500.0	33554432.0	5.0	165070.980522	78.71	360.99	450.0	390.0	427.0	437.0	445.0
1.0	2.0	500.0	33554432.0	5.0	159591.445898	76.1	367.75	483.0	397.0	458.0	477.0	481.0
1.0	2.0	500.0	33554432.0	5.0	90843.023256	43.32	686.0	5715.0	394.0	5567.0	5687.0	5714.0
1.0	2.0	500.0	33554432.0	5.0	138501.81656	66.04333	471.58	2216.0	393.66667	2150.66667	2200.33333	2213.33333
1.0	2.0	500.0	100000000.0	0.0	226295.54197800002	107.91	658.36	962.0	795.0	930.0	958.0	961.0
1.0	2.0	500.0	100000000.0	0.0	175623.463295	83.74	944.38	1590.0	872.0	1507.0	1580.0	1588.0
1.0	2.0	500.0	100000000.0	0.0	183621.006243	87.56	845.82	1161.0	984.0	1137.0	1148.0	1160.0
1.0	2.0	500.0	100000000.0	0.0	195180.00384	93.07	816.18667	1237.66667	883.66667	1191.33333	1228.66667	1236.33333
1.0	2.0	500.0	100000000.0	2.0	102585.145671	48.92	1063.52	5005.0	1106.0	1285.0	4994.0	5004.0
1.0	2.0	500.0	100000000.0	2.0	214638.334407	102.35	719.44	1018.0	837.0	995.0	1007.0	1017.0
1.0	2.0	500.0	100000000.0	2.0	191131.498471	91.14	822.69	1435.0	978.0	1238.0	1422.0	1429.0
1.0	2.0	500.0	100000000.0	2.0	169451.65952	80.80333	868.55	2486.0	973.66667	1172.66667	2474.33333	2483.33333
1.0	2.0	500.0	100000000.0	5.0	173580.975525	82.77	895.67	1307.0	1020.0	1258.0	1286.0	1300.0
1.0	2.0	500.0	100000000.0	5.0	166555.62958	79.42	942.89	1416.0	1102.0	1295.0	1404.0	1416.0
1.0	2.0	500.0	100000000.0	5.0	109469.07498599999	52.2	1599.52	5642.0	545.0	5592.0	5635.0	5640.0
1.0	2.0	500.0	100000000.0	5.0	149868.56003	71.46333	1146.02667	2788.33333	889.0	2715.0	2775.0	2785.33333
1.0	2.0	500.0	200000000.0	0.0	198688.654878	94.74	1259.25	2118.0	1379.0	2064.0	2087.0	2112.0
1.0	2.0	500.0	200000000.0	0.0	177556.818182	84.67	1462.25	2292.0	1674.0	2265.0	2277.0	2289.0
1.0	2.0	500.0	200000000.0	0.0	136091.453457	64.89	1794.82	3903.0	1833.0	3870.0	3885.0	3900.0
1.0	2.0	500.0	200000000.0	0.0	170778.97551	81.43333	1505.44	2771.0	1628.66667	2733.0	2749.66667	2767.0
1.0	2.0	500.0	200000000.0	2.0	114968.95838099999	54.82	2794.06	5975.0	1425.0	5932.0	5970.0	5974.0
1.0	2.0	500.0	200000000.0	2.0	228623.68541399998	109.02	1051.0	1929.0	1001.0	1897.0	1915.0	1926.0
1.0	2.0	500.0	200000000.0	2.0	192381.685264	91.73	1287.78	2197.0	1558.0	2128.0	2182.0	2195.0
1.0	2.0	500.0	200000000.0	2.0	178658.10969	85.19	1710.94667	3367.0	1328.0	3319.0	3355.66667	3365.0
1.0	2.0	500.0	200000000.0	5.0	169894.665308	81.01	1526.65	2407.0	1807.0	2349.0	2381.0	2404.0
1.0	2.0	500.0	200000000.0	5.0	77555.452148	36.98	4228.89	9868.0	1976.0	9689.0	9835.0	9867.0
1.0	2.0	500.0	200000000.0	5.0	311041.990669	148.32	786.37	1163.0	940.0	1148.0	1159.0	1162.0
1.0	2.0	500.0	200000000.0	5.0	186164.03604	88.77	2180.63667	4479.33333	1574.33333	4395.33333	4458.33333	4477.66667
1.0	2.0	1000.0	33554432.0	0.0	123001.23001199999	117.3	239.33	458.0	246.0	411.0	450.0	456.0
1.0	2.0	1000.0	33554432.0	0.0	98347.757671	93.79	299.69	434.0	303.0	401.0	425.0	432.0
1.0	2.0	1000.0	33554432.0	0.0	51435.037548	49.05	610.49	4419.0	348.0	4264.0	4385.0	4413.0
1.0	2.0	1000.0	33554432.0	0.0	90928.00841	86.71333	383.17	1770.33333	299.0	1692.0	1753.33333	1767.0
1.0	2.0	1000.0	33554432.0	2.0	107227.107013	102.26	276.15	376.0	285.0	345.0	358.0	375.0
1.0	2.0	1000.0	33554432.0	2.0	89413.44778300001	85.27	334.31	773.0	363.0	642.0	738.0	771.0
1.0	2.0	1000.0	33554432.0	2.0	73768.07317799999	70.35	425.76	1097.0	381.0	961.0	1071.0	1097.0
1.0	2.0	1000.0	33554432.0	2.0	90136.20932	85.96	345.40667	748.66667	343.0	649.33333	722.33333	747.66667
1.0	2.0	1000.0	33554432.0	5.0	65453.593402	62.42	463.13	1833.0	389.0	1765.0	1811.0	1832.0
1.0	2.0	1000.0	33554432.0	5.0	66374.618346	63.3	460.29	2602.0	300.0	2506.0	2586.0	2600.0
1.0	2.0	1000.0	33554432.0	5.0	83640.013382	79.77	359.71	1279.0	320.0	1236.0	1263.0	1278.0
1.0	2.0	1000.0	33554432.0	5.0	71822.74171	68.49667	427.71	1904.66667	336.33333	1835.66667	1886.66667	1903.33333
1.0	2.0	1000.0	100000000.0	0.0	90596.12248600001	86.4	887.44	1213.0	1025.0	1188.0	1205.0	1212.0
1.0	2.0	1000.0	100000000.0	0.0	80411.707945	76.69	1007.5	1392.0	1139.0	1333.0	1357.0	1386.0
1.0	2.0	1000.0	100000000.0	0.0	52949.274594999995	50.5	1695.36	5805.0	854.0	5657.0	5773.0	5804.0
1.0	2.0	1000.0	100000000.0	0.0	74652.36834	71.19667	1196.76667	2803.33333	1006.0	2726.0	2778.33333	2800.66667
1.0	2.0	1000.0	100000000.0	2.0	99561.927519	94.95	805.5	1353.0	841.0	1307.0	1332.0	1352.0
1.0	2.0	1000.0	100000000.0	2.0	80243.941582	76.53	1096.09	2262.0	1076.0	2140.0	2238.0	2262.0
1.0	2.0	1000.0	100000000.0	2.0	73877.068558	70.45	1145.26	2508.0	1003.0	2477.0	2490.0	2504.0
1.0	2.0	1000.0	100000000.0	2.0	84560.97922	80.64333	1015.61667	2041.0	973.33333	1974.66667	2020.0	2039.33333
1.0	2.0	1000.0	100000000.0	5.0	66330.591669	63.26	1300.08	3632.0	962.0	3563.0	3600.0	3631.0
1.0	2.0	1000.0	100000000.0	5.0	89190.153407	85.06	910.98	1202.0	976.0	1173.0	1193.0	1200.0
1.0	2.0	1000.0	100000000.0	5.0	88059.175766	83.98	919.31	1233.0	1041.0	1189.0	1212.0	1229.0
1.0	2.0	1000.0	100000000.0	5.0	81193.30695	77.43333	1043.45667	2022.33333	993.0	1975.0	2001.66667	2020.0
1.0	2.0	1000.0	200000000.0	0.0	77724.23441599999	74.12	1760.0	2726.0	2247.0	2669.0	2702.0	2721.0
1.0	2.0	1000.0	200000000.0	0.0	51145.662848	48.78	2472.48	5898.0	2479.0	5836.0	5886.0	5895.0
1.0	2.0	1000.0	200000000.0	0.0	94464.38692599999	90.09	1414.51	2255.0	1767.0	2183.0	2226.0	2248.0
1.0	2.0	1000.0	200000000.0	0.0	74444.7614	70.99667	1882.33	3626.33333	2164.33333	3562.66667	3604.66667	3621.33333
1.0	2.0	1000.0	200000000.0	2.0	82020.997375	78.22	1689.43	2583.0	2101.0	2560.0	2573.0	2579.0
1.0	2.0	1000.0	200000000.0	2.0	76394.194041	72.86	1826.3	2900.0	2264.0	2655.0	2874.0	2897.0
1.0	2.0	1000.0	200000000.0	2.0	71387.778412	68.08	1963.27	2893.0	2597.0	2834.0	2869.0	2890.0
1.0	2.0	1000.0	200000000.0	2.0	76600.98994	73.05333	1826.33333	2792.0	2320.66667	2683.0	2772.0	2788.66667
1.0	2.0	1000.0	200000000.0	5.0	45216.133116000005	43.12	3788.37	7916.0	1615.0	7807.0	7888.0	7915.0
1.0	2.0	1000.0	200000000.0	5.0	97352.024922	92.84	1351.8	2242.0	1650.0	2180.0	2211.0	2237.0
1.0	2.0	1000.0	200000000.0	5.0	86520.159197	82.51	1571.69	2414.0	2015.0	2351.0	2391.0	2406.0
1.0	2.0	1000.0	200000000.0	5.0	76362.77241	72.82333	2237.28667	4190.66667	1760.0	4112.66667	4163.33333	4186.0
1.0	5.0	100.0	33554432.0	0.0	106015.308611	10.11	2.35	43765.0	2.0	7.0	15.0	23.0
1.0	5.0	100.0	33554432.0	0.0	1442585.112522	137.58	1.42	135.0	1.0	2.0	5.0	15.0
1.0	5.0	100.0	33554432.0	0.0	1434308.663224	136.79	1.4	136.0	1.0	2.0	9.0	20.0
1.0	5.0	100.0	33554432.0	0.0	994303.02812	94.82667	1.72333	14678.66667	1.33333	3.66667	9.66667	19.33333
1.0	5.0	100.0	33554432.0	2.0	1416831.9637290002	135.12	1.08	138.0	1.0	2.0	6.0	30.0
1.0	5.0	100.0	33554432.0	2.0	1362769.1469069999	129.96	1.16	150.0	1.0	2.0	9.0	27.0
1.0	5.0	100.0	33554432.0	2.0	1207437.8169520001	115.15	36.21	533.0	1.0	481.0	521.0	531.0
1.0	5.0	100.0	33554432.0	2.0	1329012.97586	126.74333	12.81667	273.66667	1.0	161.66667	178.66667	196.0
1.0	5.0	100.0	33554432.0	5.0	1102292.768959	105.12	74.79	877.0	1.0	642.0	718.0	771.0
1.0	5.0	100.0	33554432.0	5.0	1283038.2345389999	122.36	33.25	350.0	1.0	251.0	326.0	348.0
1.0	5.0	100.0	33554432.0	5.0	1293326.435592	123.34	36.1	515.0	1.0	436.0	487.0	514.0
1.0	5.0	100.0	33554432.0	5.0	1226219.14636	116.94	48.04667	580.66667	1.0	443.0	510.33333	544.33333
1.0	5.0	100.0	100000000.0	0.0	1404099.9719180001	133.91	2.9	136.0	1.0	3.0	75.0	115.0
1.0	5.0	100.0	100000000.0	0.0	1408847.562694	134.36	1.51	144.0	1.0	2.0	13.0	21.0
1.0	5.0	100.0	100000000.0	0.0	1261988.894498	120.35	56.47	773.0	1.0	420.0	556.0	623.0
1.0	5.0	100.0	100000000.0	0.0	1358312.14304	129.54	20.29333	351.0	1.0	141.66667	214.66667	253.0
1.0	5.0	100.0	100000000.0	2.0	1442169.022209	137.54	1.1	141.0	1.0	2.0	6.0	18.0
1.0	5.0	100.0	100000000.0	2.0	1477104.874446	140.87	1.37	141.0	1.0	3.0	17.0	21.0
1.0	5.0	100.0	100000000.0	2.0	1426940.6392690002	136.08	1.14	136.0	1.0	2.0	10.0	16.0
1.0	5.0	100.0	100000000.0	2.0	1448738.17864	138.16333	1.20333	139.33333	1.0	2.33333	11.0	18.33333
1.0	5.0	100.0	100000000.0	5.0	1086484.137332	103.62	18.34	141.0	18.0	46.0	60.0	73.0
1.0	5.0	100.0	100000000.0	5.0	869111.7677729999	82.88	138.63	684.0	125.0	503.0	619.0	664.0
1.0	5.0	100.0	100000000.0	5.0	716127.184188	68.3	383.17	1210.0	245.0	1089.0	1184.0	1207.0
1.0	5.0	100.0	100000000.0	5.0	890574.3631	84.93333	180.04667	678.33333	129.33333	546.0	621.0	648.0
1.0	5.0	100.0	200000000.0	0.0	620578.379049	59.18	784.57	2092.0	447.0	2030.0	2072.0	2090.0
1.0	5.0	100.0	200000000.0	0.0	400128.040973	38.16	2760.84	7332.0	429.0	7220.0	7309.0	7329.0
1.0	5.0	100.0	200000000.0	0.0	1357957.631722	129.5	12.02	240.0	1.0	98.0	212.0	239.0
1.0	5.0	100.0	200000000.0	0.0	792888.01725	75.61333	1185.81	3221.33333	292.33333	3116.0	3197.66667	3219.33333
1.0	5.0	100.0	200000000.0	2.0	1209774.9818530001	115.37	13.86	145.0	1.0	73.0	113.0	142.0
1.0	5.0	100.0	200000000.0	2.0	681013.347862	64.95	509.66	1565.0	460.0	1379.0	1520.0	1563.0
1.0	5.0	100.0	200000000.0	2.0	586579.070859	55.94	1036.87	2367.0	873.0	2234.0	2352.0	2366.0
1.0	5.0	100.0	200000000.0	2.0	825789.13352	78.75333	520.13	1359.0	444.66667	1228.66667	1328.33333	1357.0
1.0	5.0	100.0	200000000.0	5.0	620347.394541	59.16	836.46	1994.0	782.0	1857.0	1961.0	1993.0
1.0	5.0	100.0	200000000.0	5.0	505561.172902	48.21	1356.5	3888.0	809.0	3823.0	3870.0	3887.0
1.0	5.0	100.0	200000000.0	5.0	748166.990872	71.35	333.26	1003.0	293.0	855.0	960.0	1001.0
1.0	5.0	100.0	200000000.0	5.0	624691.85277	59.57333	842.07333	2295.0	628.0	2178.33333	2263.66667	2293.66667
1.0	5.0	500.0	33554432.0	0.0	153562.653563	73.22	383.65	520.0	409.0	490.0	502.0	513.0
1.0	5.0	500.0	33554432.0	0.0	121065.375303	57.73	465.15	1955.0	411.0	819.0	1939.0	1953.0
1.0	5.0	500.0	33554432.0	0.0	121373.95315	57.88	500.4	2101.0	350.0	2014.0	2079.0	2081.0
1.0	5.0	500.0	33554432.0	0.0	132000.66067	62.94333	449.73333	1525.33333	390.0	1107.66667	1506.66667	1515.66667
1.0	5.0	500.0	33554432.0	2.0	176616.03673599998	84.22	329.13	613.0	341.0	534.0	595.0	608.0
1.0	5.0	500.0	33554432.0	2.0	156666.144446	74.7	371.19	757.0	406.0	606.0	727.0	755.0
1.0	5.0	500.0	33554432.0	2.0	143595.634693	68.47	420.36	726.0	407.0	653.0	692.0	725.0
1.0	5.0	500.0	33554432.0	2.0	158959.27196	75.79667	373.56	698.66667	384.66667	597.66667	671.33333	696.0
1.0	5.0	500.0	33554432.0	5.0	148301.942755	70.72	399.88	529.0	417.0	498.0	511.0	526.0
1.0	5.0	500.0	33554432.0	5.0	142429.853297	67.92	419.01	1029.0	456.0	964.0	1024.0	1029.0
1.0	5.0	500.0	33554432.0	5.0	147492.62536900002	70.33	400.99	520.0	427.0	486.0	508.0	518.0
1.0	5.0	500.0	33554432.0	5.0	146074.80714	69.65667	406.62667	692.66667	433.33333	649.33333	681.0	691.0
1.0	5.0	500.0	100000000.0	0.0	119132.713843	56.81	1401.82	3501.0	1125.0	3437.0	3485.0	3500.0
1.0	5.0	500.0	100000000.0	0.0	167672.702884	79.95	937.39	1276.0	1149.0	1243.0	1256.0	1264.0
1.0	5.0	500.0	100000000.0	0.0	141783.638168	67.61	1061.04	2283.0	1215.0	2063.0	2259.0	2282.0
1.0	5.0	500.0	100000000.0	0.0	142863.0183	68.12333	1133.41667	2353.33333	1163.0	2247.66667	2333.33333	2348.66667
1.0	5.0	500.0	100000000.0	2.0	145433.391507	69.35	1027.05	1927.0	1211.0	1315.0	1910.0	1925.0
1.0	5.0	500.0	100000000.0	2.0	152998.77601	72.96	1025.35	2112.0	1199.0	1906.0	2069.0	2111.0
1.0	5.0	500.0	100000000.0	2.0	152021.891152	72.49	1048.85	1572.0	1218.0	1363.0	1523.0	1571.0
1.0	5.0	500.0	100000000.0	2.0	150151.35289	71.6	1033.75	1870.33333	1209.33333	1528.0	1834.0	1869.0
1.0	5.0	500.0	100000000.0	5.0	147362.216328	70.27	1086.56	1344.0	1290.0	1323.0	1335.0	1343.0
1.0	5.0	500.0	100000000.0	5.0	151377.535574	72.18	1039.45	1361.0	1244.0	1328.0	1348.0	1359.0
1.0	5.0	500.0	100000000.0	5.0	152951.97308	72.93	1041.55	1764.0	1159.0	1641.0	1758.0	1764.0
1.0	5.0	500.0	100000000.0	5.0	150563.90833	71.79333	1055.85333	1489.66667	1231.0	1430.66667	1480.33333	1488.66667
1.0	5.0	500.0	200000000.0	0.0	149454.49110699998	71.27	1805.6	2696.0	2257.0	2636.0	2650.0	2687.0
1.0	5.0	500.0	200000000.0	0.0	135299.688811	64.52	1825.36	3529.0	2173.0	2762.0	3485.0	3527.0
1.0	5.0	500.0	200000000.0	0.0	148500.1485	70.81	1776.89	2838.0	2181.0	2746.0	2805.0	2837.0
1.0	5.0	500.0	200000000.0	0.0	144418.10947	68.86667	1802.61667	3021.0	2203.66667	2714.66667	2980.0	3017.0
1.0	5.0	500.0	200000000.0	2.0	144258.511252	68.79	1837.09	3015.0	2154.0	2933.0	2980.0	3011.0
1.0	5.0	500.0	200000000.0	2.0	136705.399863	65.19	1981.91	3016.0	2411.0	2989.0	3000.0	3014.0
1.0	5.0	500.0	200000000.0	2.0	103755.96596799999	49.47	3222.43	7098.0	1908.0	6841.0	7045.0	7094.0
1.0	5.0	500.0	200000000.0	2.0	128239.95903	61.15	2347.14333	4376.33333	2157.66667	4254.33333	4341.66667	4373.0
1.0	5.0	500.0	200000000.0	5.0	178635.22686700002	85.18	1394.09	2453.0	1577.0	2382.0	2433.0	2443.0
1.0	5.0	500.0	200000000.0	5.0	159311.77314	75.97	1650.73	2530.0	1997.0	2507.0	2515.0	2526.0
1.0	5.0	500.0	200000000.0	5.0	146692.093296	69.95	1828.89	3156.0	2142.0	2966.0	3088.0	3155.0
1.0	5.0	500.0	200000000.0	5.0	161546.36443	77.03333	1624.57	2713.0	1905.33333	2618.33333	2678.66667	2708.0
1.0	5.0	1000.0	33554432.0	0.0	77220.07722	73.64	388.89	1259.0	411.0	1053.0	1204.0	1257.0
1.0	5.0	1000.0	33554432.0	0.0	61743.640405	58.88	495.8	3109.0	328.0	3058.0	3101.0	3108.0
1.0	5.0	1000.0	33554432.0	0.0	71777.20356000001	68.45	422.39	1725.0	345.0	1608.0	1714.0	1719.0
1.0	5.0	1000.0	33554432.0	0.0	70246.97373	66.99	435.69333	2031.0	361.33333	1906.33333	2006.33333	2028.0
1.0	5.0	1000.0	33554432.0	2.0	82182.77449	78.38	365.77	446.0	404.0	432.0	436.0	442.0
1.0	5.0	1000.0	33554432.0	2.0	70871.722183	67.59	409.31	1114.0	415.0	469.0	1090.0	1111.0
1.0	5.0	1000.0	33554432.0	2.0	52230.230857999995	49.81	595.35	3830.0	408.0	3769.0	3815.0	3829.0
1.0	5.0	1000.0	33554432.0	2.0	68428.24251	65.26	456.81	1796.66667	409.0	1556.66667	1780.33333	1794.0
1.0	5.0	1000.0	33554432.0	5.0	95529.231945	91.1	310.03	1108.0	324.0	1052.0	1094.0	1106.0
1.0	5.0	1000.0	33554432.0	5.0	62468.765617	59.57	494.24	4143.0	228.0	4101.0	4125.0	4142.0
1.0	5.0	1000.0	33554432.0	5.0	95693.779904	91.26	309.1	412.0	334.0	389.0	393.0	398.0
1.0	5.0	1000.0	33554432.0	5.0	84563.92582	80.64333	371.12333	1887.66667	295.33333	1847.33333	1870.66667	1882.0
1.0	5.0	1000.0	100000000.0	0.0	74738.415546	71.28	1029.74	1997.0	1111.0	1792.0	1952.0	1995.0
1.0	5.0	1000.0	100000000.0	0.0	79076.387791	75.41	1026.02	1395.0	1114.0	1330.0	1351.0	1390.0
1.0	5.0	1000.0	100000000.0	0.0	77279.75270499999	73.7	1047.01	1351.0	1206.0	1331.0	1340.0	1348.0
1.0	5.0	1000.0	100000000.0	0.0	77031.51868	73.46333	1034.25667	1581.0	1143.66667	1484.33333	1547.66667	1577.66667
1.0	5.0	1000.0	100000000.0	2.0	68315.343626	65.15	1183.81	1726.0	1402.0	1624.0	1713.0	1724.0
1.0	5.0	1000.0	100000000.0	2.0	68927.488282	65.73	1191.07	1470.0	1416.0	1441.0	1449.0	1460.0
1.0	5.0	1000.0	100000000.0	2.0	67376.364371	64.26	1223.84	1490.0	1437.0	1466.0	1477.0	1486.0
1.0	5.0	1000.0	100000000.0	2.0	68206.39876	65.04667	1199.57333	1562.0	1418.33333	1510.33333	1546.33333	1556.66667
1.0	5.0	1000.0	100000000.0	5.0	69492.703266	66.27	1194.3	1474.0	1224.0	1458.0	1468.0	1472.0
1.0	5.0	1000.0	100000000.0	5.0	70343.275183	67.08	1161.88	2227.0	1212.0	2025.0	2161.0	2196.0
1.0	5.0	1000.0	100000000.0	5.0	29888.218063999997	28.5	3161.13	12993.0	1300.0	12730.0	12926.0	12989.0
1.0	5.0	1000.0	100000000.0	5.0	56574.73217	53.95	1839.10333	5564.66667	1245.33333	5404.33333	5518.33333	5552.33333
1.0	5.0	1000.0	200000000.0	0.0	208855.47201300002	199.18	578.79	841.0	723.0	833.0	838.0	841.0
1.0	5.0	1000.0	200000000.0	0.0	114495.076712	109.19	1068.5	1860.0	1233.0	1832.0	1850.0	1857.0
1.0	5.0	1000.0	200000000.0	0.0	89976.606082	85.81	1451.69	2452.0	1740.0	2387.0	2415.0	2448.0
1.0	5.0	1000.0	200000000.0	0.0	137775.71827	131.39333	1032.99333	1717.66667	1232.0	1684.0	1701.0	1715.33333
1.0	5.0	1000.0	200000000.0	2.0	75007.50075	71.53	1812.48	2928.0	2314.0	2847.0	2909.0	2923.0
1.0	5.0	1000.0	200000000.0	2.0	69492.703266	66.27	1994.14	3024.0	2629.0	2944.0	2988.0	3020.0
1.0	5.0	1000.0	200000000.0	2.0	66102.591222	63.04	2134.53	3529.0	2760.0	3250.0	3477.0	3529.0
1.0	5.0	1000.0	200000000.0	2.0	70200.93175	66.94667	1980.38333	3160.33333	2567.66667	3013.66667	3124.66667	3157.33333
1.0	5.0	1000.0	200000000.0	5.0	67769.043101	64.63	2105.6	2937.0	2813.0	2915.0	2923.0	2931.0
1.0	5.0	1000.0	200000000.0	5.0	67078.078884	63.97	2115.86	3040.0	2760.0	3010.0	3023.0	3029.0
1.0	5.0	1000.0	200000000.0	5.0	66613.37596599999	63.53	2158.88	3457.0	2745.0	3314.0	3442.0	3455.0
1.0	5.0	1000.0	200000000.0	5.0	67153.49932	64.04333	2126.78	3144.66667	2772.66667	3079.66667	3129.33333	3138.33333
2.0	1.0	100.0	33554432.0	0.0	279173.646008	26.62	1031.96	3620.0	721.0	2548.0	3417.0	3600.0
2.0	1.0	100.0	33554432.0	0.0	414662.464754	39.55	675.96	1106.0	620.0	1035.0	1083.0	1087.0
2.0	1.0	100.0	33554432.0	0.0	418620.227729	39.92	664.54	1405.0	606.0	1181.0	1393.0	1403.0
2.0	1.0	100.0	33554432.0	0.0	370818.7795	35.36333	790.82	2043.66667	649.0	1588.0	1964.33333	2030.0
2.0	1.0	100.0	33554432.0	2.0	463434.980072	44.2	599.01	1073.0	593.0	1005.0	1059.0	1071.0
2.0	1.0	100.0	33554432.0	2.0	391358.797746	37.32	720.41	1940.0	605.0	1831.0	1866.0	1938.0
2.0	1.0	100.0	33554432.0	2.0	470721.14479399996	44.89	592.38	920.0	583.0	845.0	893.0	919.0
2.0	1.0	100.0	33554432.0	2.0	441838.30754	42.13667	637.26667	1311.0	593.66667	1227.0	1272.66667	1309.33333
2.0	1.0	100.0	33554432.0	5.0	456913.095129	43.57	611.13	1269.0	588.0	1066.0	1232.0	1266.0
2.0	1.0	100.0	33554432.0	5.0	453309.156845	43.23	625.03	928.0	589.0	851.0	911.0	927.0
2.0	1.0	100.0	33554432.0	5.0	487567.04046800005	46.5	564.42	769.0	571.0	723.0	752.0	767.0
2.0	1.0	100.0	33554432.0	5.0	465929.76415	44.43333	600.19333	988.66667	582.66667	880.0	965.0	986.66667
2.0	1.0	100.0	100000000.0	0.0	420910.851082	40.14	1812.52	2663.0	1696.0	2631.0	2644.0	2662.0
2.0	1.0	100.0	100000000.0	0.0	473395.190305	45.15	1488.27	1902.0	1733.0	1869.0	1886.0	1901.0
2.0	1.0	100.0	100000000.0	0.0	413086.582948	39.4	1665.41	2799.0	1796.0	2326.0	2719.0	2797.0
2.0	1.0	100.0	100000000.0	0.0	435797.54145	41.56333	1655.4	2454.66667	1741.66667	2275.33333	2416.33333	2453.33333
2.0	1.0	100.0	100000000.0	2.0	264606.26587600005	25.23	2922.38	4721.0	3442.0	4551.0	4684.0	4713.0
2.0	1.0	100.0	100000000.0	2.0	304284.32327199995	29.02	2473.14	3594.0	2963.0	3373.0	3533.0	3592.0
2.0	1.0	100.0	100000000.0	2.0	281976.08842800005	26.89	2539.54	4945.0	2907.0	4727.0	4916.0	4942.0
2.0	1.0	100.0	100000000.0	2.0	283622.22586	27.04667	2645.02	4420.0	3104.0	4217.0	4377.66667	4415.66667
2.0	1.0	100.0	100000000.0	5.0	323834.19689099997	30.88	2279.25	3690.0	2440.0	3573.0	3673.0	3687.0
2.0	1.0	100.0	100000000.0	5.0	306635.59426	29.24	2461.62	3354.0	2988.0	3220.0	3313.0	3353.0
2.0	1.0	100.0	100000000.0	5.0	249862.575583	23.83	3178.22	7765.0	2110.0	7713.0	7749.0	7758.0
2.0	1.0	100.0	100000000.0	5.0	293444.12224	27.98333	2639.69667	4936.33333	2512.66667	4835.33333	4911.66667	4932.66667
2.0	1.0	100.0	200000000.0	0.0	149983.501815	14.3	10395.48	25210.0	8214.0	24730.0	25199.0	25208.0
2.0	1.0	100.0	200000000.0	0.0	109454.696701	10.44	14956.44	36324.0	11934.0	35669.0	36318.0	36322.0
2.0	1.0	100.0	200000000.0	0.0	122366.07033599999	11.67	12513.07	29919.0	11592.0	29118.0	29364.0	29915.0
2.0	1.0	100.0	200000000.0	0.0	127268.08962	12.13667	12621.66333	30484.33333	10580.0	29839.0	30293.66667	30481.66667
2.0	1.0	100.0	200000000.0	2.0	129453.189727	12.35	12176.92	29489.0	10373.0	28938.0	29102.0	29483.0
2.0	1.0	100.0	200000000.0	2.0	128922.466029	12.3	12396.79	29975.0	10005.0	29824.0	29958.0	29971.0
2.0	1.0	100.0	200000000.0	2.0	119397.282518	11.39	13569.73	32800.0	12336.0	31705.0	32771.0	32795.0
2.0	1.0	100.0	200000000.0	2.0	125924.31276	12.01333	12714.48	30754.66667	10904.66667	30155.66667	30610.33333	30749.66667
2.0	1.0	100.0	200000000.0	5.0	130811.291631	12.48	12176.37	29270.0	10497.0	29172.0	29247.0	29267.0
2.0	1.0	100.0	200000000.0	5.0	137756.226581	13.14	11463.25	27474.0	8504.0	27388.0	27455.0	27471.0
2.0	1.0	100.0	200000000.0	5.0	95904.862377	9.15	16408.71	37624.0	15757.0	36019.0	37095.0	37618.0
2.0	1.0	100.0	200000000.0	5.0	121490.79353	11.59	13349.44333	31456.0	11586.0	30859.66667	31265.66667	31452.0
2.0	1.0	500.0	33554432.0	0.0	106247.343816	50.66	580.03	1282.0	510.0	1265.0	1279.0	1281.0
2.0	1.0	500.0	33554432.0	0.0	117384.669562	55.97	519.4	677.0	519.0	656.0	663.0	676.0
2.0	1.0	500.0	33554432.0	0.0	108026.358431	51.51	567.31	922.0	534.0	914.0	918.0	921.0
2.0	1.0	500.0	33554432.0	0.0	110552.7906	52.71333	555.58	960.33333	521.0	945.0	953.33333	959.33333
2.0	1.0	500.0	33554432.0	2.0	107584.72296900001	51.3	571.26	1118.0	524.0	1093.0	1115.0	1118.0
2.0	1.0	500.0	33554432.0	2.0	117164.61628599999	55.87	520.94	778.0	510.0	704.0	770.0	776.0
2.0	1.0	500.0	33554432.0	2.0	85638.43452899999	40.84	726.87	3248.0	504.0	3224.0	3240.0	3246.0
2.0	1.0	500.0	33554432.0	2.0	103462.59126	49.33667	606.35667	1714.66667	512.66667	1673.66667	1708.33333	1713.33333
2.0	1.0	500.0	33554432.0	5.0	116279.06976700001	55.45	525.96	654.0	527.0	635.0	649.0	653.0
2.0	1.0	500.0	33554432.0	5.0	113494.495517	54.12	539.65	1115.0	500.0	1089.0	1107.0	1114.0
2.0	1.0	500.0	33554432.0	5.0	119990.400768	57.22	508.4	651.0	512.0	622.0	647.0	651.0
2.0	1.0	500.0	33554432.0	5.0	116587.98868	55.59667	524.67	806.66667	513.0	782.0	801.0	806.0
2.0	1.0	500.0	100000000.0	0.0	88495.575221	42.2	1749.16	3559.0	1622.0	3049.0	3505.0	3540.0
2.0	1.0	500.0	100000000.0	0.0	54800.526085000005	26.13	3114.79	4717.0	3671.0	4035.0	4640.0	4713.0
2.0	1.0	500.0	100000000.0	0.0	57803.468208000006	27.56	2947.81	4020.0	3451.0	3919.0	3967.0	4007.0
2.0	1.0	500.0	100000000.0	0.0	67033.18984	31.96333	2603.92	4098.66667	2914.66667	3667.66667	4037.33333	4086.66667
2.0	1.0	500.0	100000000.0	2.0	39257.252777	18.72	3126.65	12300.0	3298.0	4055.0	12097.0	12298.0
2.0	1.0	500.0	100000000.0	2.0	103863.730785	49.53	1649.79	2816.0	1497.0	2806.0	2811.0	2816.0
2.0	1.0	500.0	100000000.0	2.0	70091.82028500001	33.42	2355.83	4298.0	2613.0	3826.0	4257.0	4295.0
2.0	1.0	500.0	100000000.0	2.0	71070.93462	33.89	2377.42333	6471.33333	2469.33333	3562.33333	6388.33333	6469.66667
2.0	1.0	500.0	100000000.0	5.0	57467.961611	27.4	2948.68	3954.0	3528.0	3755.0	3898.0	3940.0
2.0	1.0	500.0	100000000.0	5.0	53455.925589	25.49	3037.84	4719.0	3345.0	3702.0	4679.0	4705.0
2.0	1.0	500.0	100000000.0	5.0	62383.031814999995	29.75	2734.4	4025.0	3008.0	3897.0	3995.0	4023.0
2.0	1.0	500.0	100000000.0	5.0	57768.973	27.54667	2906.97333	4232.66667	3293.66667	3784.66667	4190.66667	4222.66667
2.0	1.0	500.0	200000000.0	0.0	57867.021584	27.59	5103.04	7409.0	6606.0	7284.0	7387.0	7400.0
2.0	1.0	500.0	200000000.0	0.0	54250.528943	25.87	5915.56	10022.0	5429.0	9797.0	9981.0	10021.0
2.0	1.0	500.0	200000000.0	0.0	58568.583812	27.93	4999.36	7385.0	6127.0	7258.0	7357.0	7381.0
2.0	1.0	500.0	200000000.0	0.0	56895.37811	27.13	5339.32	8272.0	6054.0	8113.0	8241.66667	8267.33333
2.0	1.0	500.0	200000000.0	2.0	58322.640849	27.81	5067.98	7493.0	6368.0	7243.0	7412.0	7482.0
2.0	1.0	500.0	200000000.0	2.0	53789.468022	25.65	5589.77	8006.0	7586.0	7829.0	7949.0	8004.0
2.0	1.0	500.0	200000000.0	2.0	56423.856005999995	26.9	5056.18	7674.0	6203.0	7547.0	7625.0	7664.0
2.0	1.0	500.0	200000000.0	2.0	56178.65496	26.78667	5237.97667	7724.33333	6719.0	7539.66667	7662.0	7716.66667
2.0	1.0	500.0	200000000.0	5.0	65436.461196000004	31.2	4384.58	6980.0	4731.0	6909.0	6963.0	6978.0
2.0	1.0	500.0	200000000.0	5.0	52347.798775	24.96	6183.89	10195.0	6060.0	9893.0	10151.0	10190.0
2.0	1.0	500.0	200000000.0	5.0	67677.314564	32.27	4135.74	6976.0	4831.0	6793.0	6920.0	6974.0
2.0	1.0	500.0	200000000.0	5.0	61820.52485	29.47667	4901.40333	8050.33333	5207.33333	7865.0	8011.33333	8047.33333
2.0	1.0	1000.0	33554432.0	0.0	24603.877571	23.46	1286.53	6505.0	1035.0	5993.0	6483.0	6495.0
2.0	1.0	1000.0	33554432.0	0.0	32412.809542000003	30.91	956.83	2153.0	882.0	1920.0	2122.0	2139.0
2.0	1.0	1000.0	33554432.0	0.0	27095.865170999998	25.84	1176.41	3725.0	1125.0	3446.0	3652.0	3719.0
2.0	1.0	1000.0	33554432.0	0.0	28037.51743	26.73667	1139.92333	4127.66667	1014.0	3786.33333	4085.66667	4117.66667
2.0	1.0	1000.0	33554432.0	2.0	35655.708479	34.0	879.41	2046.0	854.0	1971.0	2010.0	2039.0
2.0	1.0	1000.0	33554432.0	2.0	42052.144659	40.1	738.97	1899.0	580.0	1643.0	1897.0	1898.0
2.0	1.0	1000.0	33554432.0	2.0	57650.178715999995	54.98	531.71	959.0	494.0	945.0	956.0	958.0
2.0	1.0	1000.0	33554432.0	2.0	45119.34395	43.02667	716.69667	1634.66667	642.66667	1519.66667	1621.0	1631.66667
2.0	1.0	1000.0	33554432.0	5.0	50115.26511	47.79	620.09	1344.0	536.0	1203.0	1331.0	1343.0
2.0	1.0	1000.0	33554432.0	5.0	40012.804097	38.16	777.55	3777.0	497.0	3607.0	3753.0	3775.0
2.0	1.0	1000.0	33554432.0	5.0	52067.062376	49.66	596.67	1443.0	540.0	1129.0	1441.0	1442.0
2.0	1.0	1000.0	33554432.0	5.0	47398.37719	45.20333	664.77	2188.0	524.33333	1979.66667	2175.0	2186.66667
2.0	1.0	1000.0	100000000.0	0.0	40342.101017	38.47	2197.94	4970.0	1642.0	4903.0	4967.0	4969.0
2.0	1.0	1000.0	100000000.0	0.0	52105.043768	49.69	1631.64	2247.0	1727.0	2203.0	2242.0	2245.0
2.0	1.0	1000.0	100000000.0	0.0	56154.537287	53.55	1532.4	2402.0	1492.0	2062.0	2169.0	2321.0
2.0	1.0	1000.0	100000000.0	0.0	49533.89402	47.23667	1787.32667	3206.33333	1620.33333	3056.0	3126.0	3178.33333
2.0	1.0	1000.0	100000000.0	2.0	56727.93283400001	54.1	1500.51	1877.0	1598.0	1862.0	1873.0	1876.0
2.0	1.0	1000.0	100000000.0	2.0	41442.188148	39.52	2049.57	4750.0	1515.0	4708.0	4745.0	4749.0
2.0	1.0	1000.0	100000000.0	2.0	59101.654846000005	56.36	1437.72	1784.0	1528.0	1768.0	1778.0	1783.0
2.0	1.0	1000.0	100000000.0	2.0	52423.92528	49.99333	1662.6	2803.66667	1547.0	2779.33333	2798.66667	2802.66667
2.0	1.0	1000.0	100000000.0	5.0	36856.848002	35.15	2439.28	6595.0	1587.0	6560.0	6584.0	6595.0
2.0	1.0	1000.0	100000000.0	5.0	55915.902483000005	53.33	1501.19	2025.0	1621.0	2004.0	2021.0	2024.0
2.0	1.0	1000.0	100000000.0	5.0	47312.641938	45.12	1855.19	3400.0	1563.0	3389.0	3399.0	3400.0
2.0	1.0	1000.0	100000000.0	5.0	46695.13081	44.53333	1931.88667	4006.66667	1590.33333	3984.33333	4001.33333	4006.33333
2.0	1.0	1000.0	200000000.0	0.0	52642.661613	50.2	2758.1	3847.0	3085.0	3767.0	3824.0	3844.0
2.0	1.0	1000.0	200000000.0	0.0	41081.25873	39.18	3505.69	6110.0	3586.0	6070.0	6106.0	6109.0
2.0	1.0	1000.0	200000000.0	0.0	53259.480187	50.79	2911.85	3782.0	3482.0	3746.0	3767.0	3780.0
2.0	1.0	1000.0	200000000.0	0.0	48994.46684	46.72333	3058.54667	4579.66667	3384.33333	4527.66667	4565.66667	4577.66667
2.0	1.0	1000.0	200000000.0	2.0	39955.25012	38.1	3737.99	5622.0	4205.0	5437.0	5606.0	5620.0
2.0	1.0	1000.0	200000000.0	2.0	49920.127796	47.61	3066.78	4366.0	3590.0	4348.0	4360.0	4364.0
2.0	1.0	1000.0	200000000.0	2.0	56179.775280999995	53.58	2700.12	3600.0	3060.0	3262.0	3537.0	3593.0
2.0	1.0	1000.0	200000000.0	2.0	48685.05107	46.43	3168.29667	4529.33333	3618.33333	4349.0	4501.0	4525.66667
2.0	1.0	1000.0	200000000.0	5.0	55710.306407000004	53.13	2773.29	3945.0	2950.0	3856.0	3914.0	3941.0
2.0	1.0	1000.0	200000000.0	5.0	57084.142025	54.44	2666.84	3665.0	3035.0	3630.0	3659.0	3664.0
2.0	1.0	1000.0	200000000.0	5.0	51743.764876	49.35	3004.81	3932.0	3656.0	3872.0	3927.0	3931.0
2.0	1.0	1000.0	200000000.0	5.0	54846.0711	52.30667	2814.98	3847.33333	3213.66667	3786.0	3833.33333	3845.33333
2.0	2.0	100.0	33554432.0	0.0	136810.134895	13.05	1048.36	23622.0	3.0	5322.0	5771.0	5962.0
2.0	2.0	100.0	33554432.0	0.0	593119.8102020001	56.56	448.9	800.0	283.0	523.0	602.0	618.0
2.0	2.0	100.0	33554432.0	0.0	531293.1675699999	50.67	513.36	2097.0	152.0	478.0	1205.0	1275.0
2.0	2.0	100.0	33554432.0	0.0	420407.70422	40.09333	670.20667	8839.66667	146.0	2107.66667	2526.0	2618.33333
2.0	2.0	100.0	33554432.0	2.0	589553.1187359999	56.22	450.85	1104.0	664.0	1049.0	1093.0	1102.0
2.0	2.0	100.0	33554432.0	2.0	527426.160338	50.3	525.4	1118.0	357.0	1014.0	1045.0	1108.0
2.0	2.0	100.0	33554432.0	2.0	593049.460325	56.56	438.81	1030.0	312.0	544.0	741.0	800.0
2.0	2.0	100.0	33554432.0	2.0	570009.5798	54.36	471.68667	1084.0	444.33333	869.0	959.66667	1003.33333
2.0	2.0	100.0	33554432.0	5.0	535848.2477760001	51.1	496.77	1039.0	411.0	665.0	860.0	872.0
2.0	2.0	100.0	33554432.0	5.0	566508.044414	54.03	477.17	989.0	372.0	654.0	752.0	753.0
2.0	2.0	100.0	33554432.0	5.0	590876.8612619999	56.35	456.07	1239.0	516.0	1076.0	1215.0	1236.0
2.0	2.0	100.0	33554432.0	5.0	564411.05115	53.82667	476.67	1089.0	433.0	798.33333	942.33333	953.66667
2.0	2.0	100.0	100000000.0	0.0	596658.711217	56.9	1149.7	1715.0	1306.0	1690.0	1700.0	1711.0
2.0	2.0	100.0	100000000.0	0.0	588304.506413	56.11	1131.46	1904.0	1092.0	1824.0	1837.0	1847.0
2.0	2.0	100.0	100000000.0	0.0	448833.03411099996	42.8	1532.09	4303.0	1643.0	4246.0	4289.0	4302.0
2.0	2.0	100.0	100000000.0	0.0	544598.75058	51.93667	1271.08333	2640.66667	1347.0	2586.66667	2608.66667	2620.0
2.0	2.0	100.0	100000000.0	2.0	623285.9636	59.44	1032.81	1385.0	1119.0	1283.0	1301.0	1331.0
2.0	2.0	100.0	100000000.0	2.0	603281.8532819999	57.53	1060.64	1397.0	1146.0	1270.0	1288.0	1290.0
2.0	2.0	100.0	100000000.0	2.0	607385.811467	57.92	1156.52	1698.0	1158.0	1614.0	1646.0	1651.0
2.0	2.0	100.0	100000000.0	2.0	611317.87612	58.29667	1083.32333	1493.33333	1141.0	1389.0	1411.66667	1424.0
2.0	2.0	100.0	100000000.0	5.0	529997.880008	50.54	1273.75	2807.0	1051.0	1477.0	1511.0	1526.0
2.0	2.0	100.0	100000000.0	5.0	605326.876513	57.73	1135.92	1653.0	1214.0	1609.0	1631.0	1651.0
2.0	2.0	100.0	100000000.0	5.0	613346.4180569999	58.49	1014.08	1659.0	972.0	1346.0	1360.0	1368.0
2.0	2.0	100.0	100000000.0	5.0	582890.39153	55.58667	1141.25	2039.66667	1079.0	1477.33333	1500.66667	1515.0
2.0	2.0	100.0	200000000.0	0.0	186129.62066800002	17.75	8077.35	20224.0	4427.0	19469.0	19971.0	19980.0
2.0	2.0	100.0	200000000.0	0.0	361532.899494	34.48	2652.39	7693.0	2834.0	7598.0	7676.0	7693.0
2.0	2.0	100.0	200000000.0	0.0	406305.867057	38.75	2769.48	5445.0	3097.0	5398.0	5435.0	5445.0
2.0	2.0	100.0	200000000.0	0.0	317989.46241	30.32667	4499.74	11120.66667	3452.66667	10821.66667	11027.33333	11039.33333
2.0	2.0	100.0	200000000.0	2.0	607238.280301	57.91	1124.39	1652.0	1186.0	1411.0	1434.0	1442.0
2.0	2.0	100.0	200000000.0	2.0	174380.07882	16.63	8732.06	22225.0	3867.0	21042.0	21141.0	21148.0
2.0	2.0	100.0	200000000.0	2.0	208507.089241	19.88	6915.12	17381.0	1379.0	16410.0	16928.0	16947.0
2.0	2.0	100.0	200000000.0	2.0	330041.81612	31.47333	5590.52333	13752.66667	2144.0	12954.33333	13167.66667	13179.0
2.0	2.0	100.0	200000000.0	5.0	491448.79103599995	46.87	1931.26	3617.0	2404.0	3551.0	3608.0	3614.0
2.0	2.0	100.0	200000000.0	5.0	129610.908054	12.36	12448.68	31356.0	10649.0	30717.0	31297.0	31314.0
2.0	2.0	100.0	200000000.0	5.0	595734.540689	56.81	1207.11	1760.0	1254.0	1479.0	1506.0	1514.0
2.0	2.0	100.0	200000000.0	5.0	405598.07993	38.68	5195.68333	12244.33333	4769.0	11915.66667	12137.0	12147.33333
2.0	2.0	500.0	33554432.0	0.0	147232.037691	70.21	410.55	896.0	424.0	888.0	892.0	896.0
2.0	2.0	500.0	33554432.0	0.0	156250.0	74.51	387.26	622.0	421.0	588.0	604.0	620.0
2.0	2.0	500.0	33554432.0	0.0	159083.678015	75.86	377.26	587.0	278.0	470.0	494.0	501.0
2.0	2.0	500.0	33554432.0	0.0	154188.5719	73.52667	391.69	701.66667	374.33333	648.66667	663.33333	672.33333
2.0	2.0	500.0	33554432.0	2.0	150738.61923399998	71.88	398.52	863.0	524.0	795.0	859.0	862.0
2.0	2.0	500.0	33554432.0	2.0	139723.347771	66.63	430.78	1359.0	620.0	1189.0	1357.0	1358.0
2.0	2.0	500.0	33554432.0	2.0	162390.386489	77.43	371.7	568.0	289.0	517.0	548.0	553.0
2.0	2.0	500.0	33554432.0	2.0	150950.7845	71.98	400.33333	930.0	477.66667	833.66667	921.33333	924.33333
2.0	2.0	500.0	33554432.0	5.0	157952.930027	75.32	378.7	641.0	420.0	608.0	634.0	640.0
2.0	2.0	500.0	33554432.0	5.0	162999.185004	77.72	367.41	636.0	281.0	505.0	538.0	543.0
2.0	2.0	500.0	33554432.0	5.0	112764.997745	53.77	522.89	2376.0	419.0	1752.0	2361.0	2375.0
2.0	2.0	500.0	33554432.0	5.0	144572.37093	68.93667	423.0	1217.66667	373.33333	955.0	1177.66667	1186.0
2.0	2.0	500.0	100000000.0	0.0	143000.143	68.19	1180.47	1553.0	1316.0	1497.0	1513.0	1519.0
2.0	2.0	500.0	100000000.0	0.0	163132.137031	77.79	1003.3	1569.0	883.0	1463.0	1479.0	1486.0
2.0	2.0	500.0	100000000.0	0.0	157109.190888	74.92	1052.65	1579.0	1007.0	1555.0	1566.0	1577.0
2.0	2.0	500.0	100000000.0	0.0	154413.82364	73.63333	1078.80667	1567.0	1068.66667	1505.0	1519.33333	1527.33333
2.0	2.0	500.0	100000000.0	2.0	133904.659882	63.85	1155.6	2055.0	1038.0	2004.0	2042.0	2053.0
2.0	2.0	500.0	100000000.0	2.0	82966.896208	39.56	1997.53	2893.0	2316.0	2717.0	2865.0	2892.0
2.0	2.0	500.0	100000000.0	2.0	103669.914991	49.43	1596.3	2793.0	1753.0	2540.0	2673.0	2717.0
2.0	2.0	500.0	100000000.0	2.0	106847.15703	50.94667	1583.14333	2580.33333	1702.33333	2420.33333	2526.66667	2554.0
2.0	2.0	500.0	100000000.0	5.0	102679.946606	48.96	1644.15	2618.0	1743.0	2428.0	2558.0	2566.0
2.0	2.0	500.0	100000000.0	5.0	86994.345368	41.48	1780.93	3857.0	1770.0	3790.0	3843.0	3855.0
2.0	2.0	500.0	100000000.0	5.0	101122.459298	48.22	1610.0	4026.0	1119.0	3970.0	4018.0	4023.0
2.0	2.0	500.0	100000000.0	5.0	96932.25042	46.22	1678.36	3500.33333	1544.0	3396.0	3473.0	3481.33333
2.0	2.0	500.0	200000000.0	0.0	112372.176649	53.58	2467.32	4165.0	2753.0	4003.0	4158.0	4164.0
2.0	2.0	500.0	200000000.0	0.0	97675.327212	46.58	2692.39	4936.0	2920.0	4635.0	4814.0	4829.0
2.0	2.0	500.0	200000000.0	0.0	110741.971207	52.81	2244.06	4491.0	2302.0	3938.0	3967.0	3971.0
2.0	2.0	500.0	200000000.0	0.0	106929.82502	50.99	2467.92333	4530.66667	2658.33333	4192.0	4313.0	4321.33333
2.0	2.0	500.0	200000000.0	2.0	85506.626764	40.77	3537.24	7696.0	2043.0	5214.0	5363.0	5413.0
2.0	2.0	500.0	200000000.0	2.0	143905.597928	68.62	1858.14	2612.0	1897.0	2502.0	2537.0	2555.0
2.0	2.0	500.0	200000000.0	2.0	111632.060728	53.23	2333.12	4520.0	2850.0	4447.0	4502.0	4518.0
2.0	2.0	500.0	200000000.0	2.0	113681.42847	54.20667	2576.16667	4942.66667	2263.33333	4054.33333	4134.0	4162.0
2.0	2.0	500.0	200000000.0	5.0	109194.147194	52.07	2512.46	4136.0	2707.0	3981.0	4106.0	4125.0
2.0	2.0	500.0	200000000.0	5.0	66489.361702	31.7	5000.65	11485.0	3157.0	9369.0	9505.0	9514.0
2.0	2.0	500.0	200000000.0	5.0	161498.70801	77.01	1779.29	2617.0	1837.0	2418.0	2508.0	2524.0
2.0	2.0	500.0	200000000.0	5.0	112394.0723	53.59333	3097.46667	6079.33333	2567.0	5256.0	5373.0	5387.66667
2.0	2.0	1000.0	33554432.0	0.0	67430.88334500001	64.31	451.35	1261.0	394.0	1183.0	1255.0	1259.0
2.0	2.0	1000.0	33554432.0	0.0	54794.520548	52.26	527.75	1565.0	441.0	1506.0	1547.0	1561.0
2.0	2.0	1000.0	33554432.0	0.0	44025.711015	41.99	708.08	2567.0	614.0	2230.0	2472.0	2564.0
2.0	2.0	1000.0	33554432.0	0.0	55417.0383	52.85333	562.39333	1797.66667	483.0	1639.66667	1758.0	1794.66667
2.0	2.0	1000.0	33554432.0	2.0	52787.162162	50.34	592.8	1280.0	494.0	945.0	1207.0	1275.0
2.0	2.0	1000.0	33554432.0	2.0	58899.75262100001	56.17	522.87	1266.0	468.0	946.0	1052.0	1246.0
2.0	2.0	1000.0	33554432.0	2.0	43557.801201999995	41.54	703.04	1219.0	681.0	1071.0	1195.0	1216.0
2.0	2.0	1000.0	33554432.0	2.0	51748.23866	49.35	606.23667	1255.0	547.66667	987.33333	1151.33333	1245.66667
2.0	2.0	1000.0	33554432.0	5.0	61012.812691	58.19	502.18	1029.0	472.0	865.0	946.0	1026.0
2.0	2.0	1000.0	33554432.0	5.0	43584.379358	41.57	702.72	3951.0	422.0	2910.0	3925.0	3947.0
2.0	2.0	1000.0	33554432.0	5.0	50382.910117	48.05	576.57	2746.0	476.0	1696.0	2610.0	2744.0
2.0	2.0	1000.0	33554432.0	5.0	51660.03406	49.27	593.82333	2575.33333	456.66667	1823.66667	2493.66667	2572.33333
2.0	2.0	1000.0	100000000.0	0.0	60975.60975599999	58.15	1432.27	2266.0	1472.0	2157.0	2238.0	2262.0
2.0	2.0	1000.0	100000000.0	0.0	57464.659235	54.8	1424.09	2217.0	1446.0	1998.0	2179.0	2212.0
2.0	2.0	1000.0	100000000.0	0.0	49885.263893	47.57	1655.67	2432.0	1862.0	2328.0	2407.0	2430.0
2.0	2.0	1000.0	100000000.0	0.0	56108.51096	53.50667	1504.01	2305.0	1593.33333	2161.0	2274.66667	2301.33333
2.0	2.0	1000.0	100000000.0	2.0	44911.524297	42.83	1894.06	3307.0	1831.0	3190.0	3286.0	3302.0
2.0	2.0	1000.0	100000000.0	2.0	50937.245314	48.58	1645.58	3248.0	1518.0	2912.0	3166.0	3245.0
2.0	2.0	1000.0	100000000.0	2.0	52356.020942	49.93	1644.54	2715.0	1519.0	2683.0	2708.0	2714.0
2.0	2.0	1000.0	100000000.0	2.0	49401.59685	47.11333	1728.06	3090.0	1622.66667	2928.33333	3053.33333	3087.0
2.0	2.0	1000.0	100000000.0	5.0	52803.886366000006	50.36	1563.79	2374.0	1614.0	2248.0	2354.0	2371.0
2.0	2.0	1000.0	100000000.0	5.0	43346.337235	41.34	1850.36	3048.0	1910.0	3001.0	3026.0	3046.0
2.0	2.0	1000.0	100000000.0	5.0	55383.25210499999	52.82	1547.37	2526.0	1597.0	2225.0	2426.0	2519.0
2.0	2.0	1000.0	100000000.0	5.0	50511.15857	48.17333	1653.84	2649.33333	1707.0	2491.33333	2602.0	2645.33333
2.0	2.0	1000.0	200000000.0	0.0	39764.593606	37.92	3168.46	6680.0	3670.0	4581.0	6658.0	6678.0
2.0	2.0	1000.0	200000000.0	0.0	58072.009291999995	55.38	2305.74	4010.0	2469.0	3727.0	3946.0	4002.0
2.0	2.0	1000.0	200000000.0	0.0	50751.116525	48.4	2915.26	4475.0	3329.0	4273.0	4429.0	4454.0
2.0	2.0	1000.0	200000000.0	0.0	49529.23981	47.23333	2796.48667	5055.0	3156.0	4193.66667	5011.0	5044.66667
2.0	2.0	1000.0	200000000.0	2.0	55666.88933400001	53.09	2426.77	4288.0	2689.0	3906.0	4223.0	4283.0
2.0	2.0	1000.0	200000000.0	2.0	50045.040536	47.73	2915.46	4433.0	3312.0	4363.0	4407.0	4430.0
2.0	2.0	1000.0	200000000.0	2.0	44642.857143	42.57	3211.01	4954.0	3717.0	4759.0	4930.0	4945.0
2.0	2.0	1000.0	200000000.0	2.0	50118.26234	47.79667	2851.08	4558.33333	3239.33333	4342.66667	4520.0	4552.66667
2.0	2.0	1000.0	200000000.0	5.0	42731.390479	40.75	2992.3	5282.0	3272.0	4471.0	5230.0	5281.0
2.0	2.0	1000.0	200000000.0	5.0	55865.921788	53.28	2140.07	4570.0	2248.0	3382.0	4522.0	4569.0
2.0	2.0	1000.0	200000000.0	5.0	72181.319475	68.84	2121.63	3364.0	2526.0	3208.0	3332.0	3359.0
2.0	2.0	1000.0	200000000.0	5.0	56926.21058	54.29	2418.0	4405.33333	2682.0	3687.0	4361.33333	4403.0
2.0	5.0	100.0	33554432.0	0.0	130194.77137799999	12.42	1104.28	30980.0	638.0	11634.0	11886.0	11900.0
2.0	5.0	100.0	33554432.0	0.0	716127.184188	68.3	331.24	751.0	545.0	717.0	734.0	747.0
2.0	5.0	100.0	33554432.0	0.0	662251.655629	63.16	350.41	1440.0	91.0	260.0	724.0	733.0
2.0	5.0	100.0	33554432.0	0.0	502857.8704	47.96	595.31	11057.0	424.66667	4203.66667	4448.0	4460.0
2.0	5.0	100.0	33554432.0	2.0	670331.1435850001	63.93	371.93	1112.0	467.0	976.0	1094.0	1111.0
2.0	5.0	100.0	33554432.0	2.0	638406.537283	60.88	386.25	890.0	510.0	833.0	871.0	886.0
2.0	5.0	100.0	33554432.0	2.0	654707.345816	62.44	377.84	959.0	265.0	916.0	942.0	958.0
2.0	5.0	100.0	33554432.0	2.0	654481.67556	62.41667	378.67333	987.0	414.0	908.33333	969.0	985.0
2.0	5.0	100.0	33554432.0	5.0	629168.239587	60.0	399.27	1195.0	467.0	1073.0	1147.0	1193.0
2.0	5.0	100.0	33554432.0	5.0	709320.470989	67.65	346.58	713.0	486.0	653.0	683.0	694.0
2.0	5.0	100.0	33554432.0	5.0	691562.932227	65.95	324.31	884.0	478.0	823.0	875.0	881.0
2.0	5.0	100.0	33554432.0	5.0	676683.88093	64.53333	356.72	930.66667	477.0	849.66667	901.66667	922.66667
2.0	5.0	100.0	100000000.0	0.0	655050.4388840001	62.47	571.17	1759.0	669.0	1649.0	1751.0	1759.0
2.0	5.0	100.0	100000000.0	0.0	656857.593274	62.64	955.66	1457.0	882.0	1020.0	1039.0	1047.0
2.0	5.0	100.0	100000000.0	0.0	771962.328238	73.62	284.91	617.0	80.0	221.0	243.0	260.0
2.0	5.0	100.0	100000000.0	0.0	694623.45347	66.24333	603.91333	1277.66667	543.66667	963.33333	1011.0	1022.0
2.0	5.0	100.0	100000000.0	2.0	744379.931517	70.99	375.49	759.0	564.0	690.0	733.0	757.0
2.0	5.0	100.0	100000000.0	2.0	443931.456983	42.34	940.84	4376.0	220.0	1076.0	1098.0	1113.0
2.0	5.0	100.0	100000000.0	2.0	389105.058366	37.11	1541.88	4257.0	155.0	532.0	598.0	620.0
2.0	5.0	100.0	100000000.0	2.0	525805.48229	50.14667	952.73667	3130.66667	313.0	766.0	809.66667	830.0
2.0	5.0	100.0	100000000.0	5.0	528652.992176	50.42	903.02	2644.0	868.0	2517.0	2624.0	2638.0
2.0	5.0	100.0	100000000.0	5.0	548606.5393899999	52.32	831.22	2521.0	1010.0	2445.0	2509.0	2520.0
2.0	5.0	100.0	100000000.0	5.0	576103.2377	54.94	1098.22	1871.0	1367.0	1706.0	1835.0	1869.0
2.0	5.0	100.0	100000000.0	5.0	551120.92309	52.56	944.15333	2345.33333	1081.66667	2222.66667	2322.66667	2342.33333
2.0	5.0	100.0	200000000.0	0.0	396039.60396	37.77	2651.53	5080.0	3488.0	4613.0	5057.0	5072.0
2.0	5.0	100.0	200000000.0	0.0	252054.242073	24.04	5170.26	13759.0	492.0	13682.0	13745.0	13757.0
2.0	5.0	100.0	200000000.0	0.0	764759.865402	72.93	259.5	610.0	451.0	556.0	596.0	607.0
2.0	5.0	100.0	200000000.0	0.0	470951.23714	44.91333	2693.76333	6483.0	1477.0	6283.66667	6466.0	6478.66667
2.0	5.0	100.0	200000000.0	2.0	791264.440576	75.46	238.11	489.0	408.0	467.0	485.0	488.0
2.0	5.0	100.0	200000000.0	2.0	350803.339648	33.46	3226.21	8965.0	4100.0	8881.0	8940.0	8961.0
2.0	5.0	100.0	200000000.0	2.0	659022.011335	62.85	613.53	1407.0	237.0	378.0	397.0	406.0
2.0	5.0	100.0	200000000.0	2.0	600363.26385	57.25667	1359.28333	3620.33333	1581.66667	3242.0	3274.0	3285.0
2.0	5.0	100.0	200000000.0	5.0	608198.515996	58.0	731.21	1612.0	281.0	471.0	541.0	546.0
2.0	5.0	100.0	200000000.0	5.0	622354.991287	59.35	1113.45	2159.0	1770.0	2075.0	2149.0	2158.0
2.0	5.0	100.0	200000000.0	5.0	649013.499481	61.89	824.83	1584.0	732.0	892.0	939.0	944.0
2.0	5.0	100.0	200000000.0	5.0	626522.33559	59.74667	889.83	1785.0	927.66667	1146.0	1209.66667	1216.0
2.0	5.0	500.0	33554432.0	0.0	124517.494708	59.37	487.86	1509.0	442.0	1404.0	1486.0	1493.0
2.0	5.0	500.0	33554432.0	0.0	165782.493369	79.05	350.05	901.0	365.0	769.0	818.0	900.0
2.0	5.0	500.0	33554432.0	0.0	140607.424072	67.05	437.83	1710.0	364.0	1392.0	1625.0	1702.0
2.0	5.0	500.0	33554432.0	0.0	143635.80405	68.49	425.24667	1373.33333	390.33333	1188.33333	1309.66667	1365.0
2.0	5.0	500.0	33554432.0	2.0	191094.974202	91.12	307.34	610.0	361.0	572.0	589.0	609.0
2.0	5.0	500.0	33554432.0	2.0	85186.131698	40.62	701.64	2500.0	377.0	2356.0	2437.0	2497.0
2.0	5.0	500.0	33554432.0	2.0	89702.188733	42.77	667.78	1324.0	715.0	1294.0	1308.0	1319.0
2.0	5.0	500.0	33554432.0	2.0	121994.43154	58.17	558.92	1478.0	484.33333	1407.33333	1444.66667	1475.0
2.0	5.0	500.0	33554432.0	5.0	95987.713573	45.77	620.36	1343.0	670.0	1215.0	1327.0	1339.0
2.0	5.0	500.0	33554432.0	5.0	90456.806875	43.13	676.47	1828.0	745.0	1559.0	1744.0	1824.0
2.0	5.0	500.0	33554432.0	5.0	101978.380583	48.63	589.53	1618.0	471.0	1487.0	1589.0	1614.0
2.0	5.0	500.0	33554432.0	5.0	96140.96701	45.84333	628.78667	1596.33333	628.66667	1420.33333	1553.33333	1592.33333
2.0	5.0	500.0	100000000.0	0.0	133138.064173	63.49	1149.09	2321.0	1218.0	1988.0	2275.0	2315.0
2.0	5.0	500.0	100000000.0	0.0	116604.47761199999	55.6	1295.96	3206.0	1059.0	2876.0	3181.0	3204.0
2.0	5.0	500.0	100000000.0	0.0	117966.26164900001	56.25	1274.55	3383.0	1206.0	3170.0	3348.0	3378.0
2.0	5.0	500.0	100000000.0	0.0	122569.60114	58.44667	1239.86667	2970.0	1161.0	2678.0	2934.66667	2965.66667
2.0	5.0	500.0	100000000.0	2.0	106462.259129	50.77	1447.37	3496.0	931.0	3430.0	3486.0	3496.0
2.0	5.0	500.0	100000000.0	2.0	88253.463948	42.08	1734.48	4138.0	1083.0	4077.0	4130.0	4136.0
2.0	5.0	500.0	100000000.0	2.0	91701.054562	43.73	1675.83	3493.0	1469.0	3442.0	3480.0	3488.0
2.0	5.0	500.0	100000000.0	2.0	95472.25921	45.52667	1619.22667	3709.0	1161.0	3649.66667	3698.66667	3706.66667
2.0	5.0	500.0	100000000.0	5.0	93353.248693	44.51	1626.38	3475.0	1089.0	3431.0	3457.0	3471.0
2.0	5.0	500.0	100000000.0	5.0	95739.58832000001	45.65	1581.68	3483.0	1554.0	3452.0	3469.0	3479.0
2.0	5.0	500.0	100000000.0	5.0	94912.680334	45.26	1618.52	3379.0	956.0	3290.0	3346.0	3375.0
2.0	5.0	500.0	100000000.0	5.0	94668.50578	45.14	1608.86	3445.66667	1199.66667	3391.0	3424.0	3441.66667
2.0	5.0	500.0	200000000.0	0.0	103680.663556	49.44	2671.26	4919.0	2855.0	4832.0	4894.0	4915.0
2.0	5.0	500.0	200000000.0	0.0	115154.306771	54.91	2231.24	4295.0	1880.0	4252.0	4268.0	4292.0
2.0	5.0	500.0	200000000.0	0.0	118793.06248499999	56.64	1982.56	4085.0	2029.0	3282.0	3565.0	4079.0
2.0	5.0	500.0	200000000.0	0.0	112542.6776	53.66333	2295.02	4433.0	2254.66667	4122.0	4242.33333	4428.66667
2.0	5.0	500.0	200000000.0	2.0	125628.14070399999	59.9	1976.07	4152.0	1913.0	4053.0	4135.0	4151.0
2.0	5.0	500.0	200000000.0	2.0	130327.121074	62.14	1934.53	3554.0	1869.0	3408.0	3536.0	3552.0
2.0	5.0	500.0	200000000.0	2.0	84231.80593	40.16	3474.75	8593.0	1830.0	8425.0	8570.0	8592.0
2.0	5.0	500.0	200000000.0	2.0	113395.68924	54.06667	2461.78333	5433.0	1870.66667	5295.33333	5413.66667	5431.66667
2.0	5.0	500.0	200000000.0	5.0	161160.35455299998	76.85	1526.16	2543.0	1652.0	2248.0	2493.0	2527.0
2.0	5.0	500.0	200000000.0	5.0	83166.999335	39.66	2758.93	7923.0	1843.0	7095.0	7878.0	7912.0
2.0	5.0	500.0	200000000.0	5.0	94011.469399	44.83	2662.05	5530.0	2258.0	5254.0	5483.0	5521.0
2.0	5.0	500.0	200000000.0	5.0	112779.60776	53.78	2315.71333	5332.0	1917.66667	4865.66667	5284.66667	5320.0
2.0	5.0	1000.0	33554432.0	0.0	50973.595677	48.61	586.25	1239.0	549.0	1188.0	1217.0	1234.0
2.0	5.0	1000.0	33554432.0	0.0	47591.852275	45.39	654.41	2063.0	641.0	1708.0	2018.0	2059.0
2.0	5.0	1000.0	33554432.0	0.0	55157.198014	52.6	556.92	1136.0	502.0	1078.0	1120.0	1125.0
2.0	5.0	1000.0	33554432.0	0.0	51240.88199	48.86667	599.19333	1479.33333	564.0	1324.66667	1451.66667	1472.66667
2.0	5.0	1000.0	33554432.0	2.0	65634.024678	62.59	436.36	1177.0	398.0	961.0	1069.0	1165.0
2.0	5.0	1000.0	33554432.0	2.0	60393.767363	57.6	484.56	1437.0	419.0	1331.0	1422.0	1433.0
2.0	5.0	1000.0	33554432.0	2.0	53033.517182999996	50.58	563.72	1473.0	504.0	1421.0	1456.0	1463.0
2.0	5.0	1000.0	33554432.0	2.0	59687.10307	56.92333	494.88	1362.33333	440.33333	1237.66667	1315.66667	1353.66667
2.0	5.0	1000.0	33554432.0	5.0	55567.903978999995	52.99	534.11	1546.0	516.0	1334.0	1499.0	1542.0
2.0	5.0	1000.0	33554432.0	5.0	53602.058319	51.12	567.13	2223.0	573.0	2147.0	2210.0	2221.0
2.0	5.0	1000.0	33554432.0	5.0	56586.69081	53.97	548.52	1262.0	420.0	1241.0	1249.0	1256.0
2.0	5.0	1000.0	33554432.0	5.0	55252.2177	52.69333	549.92	1677.0	503.0	1574.0	1652.66667	1673.0
2.0	5.0	1000.0	100000000.0	0.0	43744.531934	41.72	1787.67	4041.0	1106.0	3994.0	4019.0	4028.0
2.0	5.0	1000.0	100000000.0	0.0	43702.473560000006	41.68	1845.53	4084.0	1438.0	3990.0	4047.0	4073.0
2.0	5.0	1000.0	100000000.0	0.0	48567.265663	46.32	1598.14	3476.0	1052.0	3401.0	3451.0	3469.0
2.0	5.0	1000.0	100000000.0	0.0	45338.09039	43.24	1743.78	3867.0	1198.66667	3795.0	3839.0	3856.66667
2.0	5.0	1000.0	100000000.0	2.0	50833.672224	48.48	1539.8	3296.0	1238.0	3149.0	3223.0	3282.0
2.0	5.0	1000.0	100000000.0	2.0	57032.052013	54.39	1376.24	2985.0	1118.0	2848.0	2924.0	2973.0
2.0	5.0	1000.0	100000000.0	2.0	58997.050147	56.26	1320.23	2998.0	1061.0	2939.0	2985.0	2997.0
2.0	5.0	1000.0	100000000.0	2.0	55620.92479	53.04333	1412.09	3093.0	1139.0	2978.66667	3044.0	3084.0
2.0	5.0	1000.0	100000000.0	5.0	58775.126367	56.05	1294.81	2842.0	812.0	2670.0	2805.0	2839.0
2.0	5.0	1000.0	100000000.0	5.0	62057.83790499999	59.18	1229.8	2780.0	1077.0	2621.0	2762.0	2779.0
2.0	5.0	1000.0	100000000.0	5.0	48652.330447	46.4	1448.31	5049.0	1057.0	4732.0	4983.0	5039.0
2.0	5.0	1000.0	100000000.0	5.0	56495.09824	53.87667	1324.30667	3557.0	982.0	3341.0	3516.66667	3552.33333
2.0	5.0	1000.0	200000000.0	0.0	55710.306407000004	53.13	2153.29	5000.0	1804.0	4808.0	4973.0	4985.0
2.0	5.0	1000.0	200000000.0	0.0	41649.312786	39.72	2975.08	6985.0	2233.0	6936.0	6964.0	6981.0
2.0	5.0	1000.0	200000000.0	0.0	46952.765518	44.78	2693.15	5647.0	2282.0	5388.0	5621.0	5640.0
2.0	5.0	1000.0	200000000.0	0.0	48104.12824	45.87667	2607.17333	5877.33333	2106.33333	5710.66667	5852.66667	5868.66667
2.0	5.0	1000.0	200000000.0	2.0	45298.061243000004	43.2	2806.07	5813.0	2277.0	5704.0	5791.0	5806.0
2.0	5.0	1000.0	200000000.0	2.0	45850.527281	43.73	2882.61	5714.0	2384.0	5474.0	5673.0	5711.0
2.0	5.0	1000.0	200000000.0	2.0	54579.194411000004	52.05	2405.55	4852.0	1969.0	4636.0	4814.0	4850.0
2.0	5.0	1000.0	200000000.0	2.0	48575.92765	46.32667	2698.07667	5459.66667	2210.0	5271.33333	5426.0	5455.66667
2.0	5.0	1000.0	200000000.0	5.0	61950.192046000004	59.08	2034.04	4181.0	1807.0	4129.0	4165.0	4180.0
2.0	5.0	1000.0	200000000.0	5.0	57517.542851	54.85	2152.67	4688.0	1717.0	4435.0	4625.0	4685.0
2.0	5.0	1000.0	200000000.0	5.0	64193.092823	61.22	1907.38	3786.0	1934.0	3462.0	3723.0	3783.0
2.0	5.0	1000.0	200000000.0	5.0	61220.27591	58.38333	2031.36333	4218.33333	1819.33333	4008.66667	4171.0	4216.0
5.0	1.0	100.0	33554432.0	0.0	172479.216254	16.45	1694.34	6276.0	1017.0	4415.0	5840.0	6220.0
5.0	1.0	100.0	33554432.0	0.0	140781.619552	13.43	2075.99	4216.0	1951.0	3758.0	4033.0	4172.0
5.0	1.0	100.0	33554432.0	0.0	271488.298854	25.89	1056.47	2114.0	925.0	2018.0	2098.0	2112.0
5.0	1.0	100.0	33554432.0	0.0	194916.37822	18.59	1608.93333	4202.0	1297.66667	3397.0	3990.33333	4168.0
5.0	1.0	100.0	33554432.0	2.0	139563.445542	13.31	2110.29	6698.0	1748.0	5871.0	6395.0	6692.0
5.0	1.0	100.0	33554432.0	2.0	276992.964379	26.42	1031.65	1622.0	938.0	1581.0	1612.0	1621.0
5.0	1.0	100.0	33554432.0	2.0	161974.796722	15.45	1699.95	3826.0	1242.0	3282.0	3400.0	3806.0
5.0	1.0	100.0	33554432.0	2.0	192843.73555	18.39333	1613.96333	4048.66667	1309.33333	3578.0	3802.33333	4039.66667
5.0	1.0	100.0	33554432.0	5.0	157584.544108	15.03	1805.78	3303.0	1729.0	3009.0	3282.0	3302.0
5.0	1.0	100.0	33554432.0	5.0	143918.024293	13.73	2026.98	6642.0	1926.0	5269.0	6569.0	6624.0
5.0	1.0	100.0	33554432.0	5.0	158172.787954	15.08	1834.73	4734.0	1568.0	4049.0	4671.0	4728.0
5.0	1.0	100.0	33554432.0	5.0	153225.11878	14.61333	1889.16333	4893.0	1741.0	4109.0	4840.66667	4884.66667
5.0	1.0	100.0	100000000.0	0.0	124168.073905	11.84	6581.08	15946.0	6790.0	13637.0	15014.0	15940.0
5.0	1.0	100.0	100000000.0	0.0	184223.13105599998	17.57	3921.08	8319.0	3286.0	7637.0	8164.0	8301.0
5.0	1.0	100.0	100000000.0	0.0	126020.768223	12.02	6279.78	8608.0	6809.0	8400.0	8546.0	8590.0
5.0	1.0	100.0	100000000.0	0.0	144803.99106	13.81	5593.98	10957.66667	5628.33333	9891.33333	10574.66667	10943.66667
5.0	1.0	100.0	100000000.0	2.0	173442.486471	16.54	4267.01	7979.0	3687.0	7488.0	7952.0	7977.0
5.0	1.0	100.0	100000000.0	2.0	135851.107187	12.96	6245.07	11561.0	6684.0	11232.0	11284.0	11550.0
5.0	1.0	100.0	100000000.0	2.0	147310.117259	14.05	5246.42	9125.0	5617.0	8447.0	9078.0	9122.0
5.0	1.0	100.0	100000000.0	2.0	152201.23697	14.51667	5252.83333	9555.0	5329.33333	9055.66667	9438.0	9549.66667
5.0	1.0	100.0	100000000.0	5.0	145036.839357	13.83	5328.23	7530.0	5983.0	7219.0	7431.0	7521.0
5.0	1.0	100.0	100000000.0	5.0	143905.597928	13.72	5361.46	7666.0	5506.0	7477.0	7635.0	7665.0
5.0	1.0	100.0	100000000.0	5.0	146760.98505999998	14.0	5571.91	8444.0	6131.0	8148.0	8286.0	8417.0
5.0	1.0	100.0	100000000.0	5.0	145234.47411	13.85	5420.53333	7880.0	5873.33333	7614.66667	7784.0	7867.66667
5.0	1.0	100.0	200000000.0	0.0	59807.897035	5.7	28723.95	46113.0	29657.0	44842.0	45844.0	46096.0
5.0	1.0	100.0	200000000.0	0.0	74194.984419	7.08	22725.19	40264.0	23604.0	39419.0	39903.0	40238.0
5.0	1.0	100.0	200000000.0	0.0	74177.372934	7.07	22719.12	40878.0	23575.0	39950.0	40577.0	40868.0
5.0	1.0	100.0	200000000.0	0.0	69393.41813	6.61667	24722.75333	42418.33333	25612.0	41403.66667	42108.0	42400.66667
5.0	1.0	100.0	200000000.0	2.0	76757.752533	7.32	21896.88	39471.0	22425.0	38161.0	38941.0	39042.0
5.0	1.0	100.0	200000000.0	2.0	73034.28229199999	6.97	23091.18	41760.0	23742.0	40630.0	41329.0	41748.0
5.0	1.0	100.0	200000000.0	2.0	70913.938844	6.76	23926.72	41977.0	24689.0	41032.0	41833.0	41959.0
5.0	1.0	100.0	200000000.0	2.0	73568.65789	7.01667	22971.59333	41069.33333	23618.66667	39941.0	40701.0	40916.33333
5.0	1.0	100.0	200000000.0	5.0	73121.8649	6.97	23131.09	41577.0	23726.0	40431.0	41368.0	41569.0
5.0	1.0	100.0	200000000.0	5.0	71664.038985	6.83	23619.66	41785.0	24455.0	40584.0	41248.0	41776.0
5.0	1.0	100.0	200000000.0	5.0	65229.870062	6.22	24518.79	42887.0	24834.0	40550.0	42260.0	42373.0
5.0	1.0	100.0	200000000.0	5.0	70005.25798	6.67333	23756.51333	42083.0	24338.33333	40521.66667	41625.33333	41906.0
5.0	1.0	500.0	33554432.0	0.0	58861.61634	28.07	1066.02	2353.0	819.0	2318.0	2325.0	2347.0
5.0	1.0	500.0	33554432.0	0.0	37465.812445999996	17.87	1633.16	3574.0	1259.0	3198.0	3279.0	3437.0
5.0	1.0	500.0	33554432.0	0.0	36440.492675	17.38	1693.09	3304.0	1406.0	3045.0	3107.0	3274.0
5.0	1.0	500.0	33554432.0	0.0	44255.97382	21.10667	1464.09	3077.0	1161.33333	2853.66667	2903.66667	3019.33333
5.0	1.0	500.0	33554432.0	2.0	67421.790723	32.15	923.68	1620.0	800.0	1609.0	1619.0	1620.0
5.0	1.0	500.0	33554432.0	2.0	36603.221083	17.45	1742.5	3947.0	1028.0	3743.0	3811.0	3925.0
5.0	1.0	500.0	33554432.0	2.0	24924.603076	11.88	2531.32	3591.0	2698.0	3509.0	3572.0	3583.0
5.0	1.0	500.0	33554432.0	2.0	42983.20496	20.49333	1732.5	3052.66667	1508.66667	2953.66667	3000.66667	3042.66667
5.0	1.0	500.0	33554432.0	5.0	27354.542222000004	13.04	2292.83	4509.0	2330.0	3579.0	4277.0	4486.0
5.0	1.0	500.0	33554432.0	5.0	31414.928374	14.98	1993.43	3263.0	2368.0	3192.0	3223.0	3250.0
5.0	1.0	500.0	33554432.0	5.0	25605.571772	12.21	2455.32	5277.0	2421.0	5012.0	5221.0	5273.0
5.0	1.0	500.0	33554432.0	5.0	28125.01412	13.41	2247.19333	4349.66667	2373.0	3927.66667	4240.33333	4336.33333
5.0	1.0	500.0	100000000.0	0.0	31418.876461	14.98	5302.24	10030.0	4595.0	9849.0	10013.0	10026.0
5.0	1.0	500.0	100000000.0	0.0	27341.079973000004	13.04	6383.98	10127.0	6295.0	10039.0	10087.0	10104.0
5.0	1.0	500.0	100000000.0	0.0	30477.583737	14.53	5550.31	9093.0	6310.0	8734.0	9045.0	9086.0
5.0	1.0	500.0	100000000.0	0.0	29745.84672	14.18333	5745.51	9750.0	5733.33333	9540.66667	9715.0	9738.66667
5.0	1.0	500.0	100000000.0	2.0	25318.378611	12.07	6911.7	11676.0	7108.0	11221.0	11521.0	11663.0
5.0	1.0	500.0	100000000.0	2.0	32446.463335000004	15.47	5268.47	8544.0	6309.0	8389.0	8449.0	8516.0
5.0	1.0	500.0	100000000.0	2.0	26043.023074	12.42	6704.84	8695.0	7140.0	8657.0	8688.0	8693.0
5.0	1.0	500.0	100000000.0	2.0	27935.95501	13.32	6295.00333	9638.33333	6852.33333	9422.33333	9552.66667	9624.0
5.0	1.0	500.0	100000000.0	5.0	27760.812837	13.24	6159.97	9519.0	6116.0	8831.0	9333.0	9492.0
5.0	1.0	500.0	100000000.0	5.0	27801.718146	13.26	6268.59	9260.0	6885.0	9049.0	9238.0	9244.0
5.0	1.0	500.0	100000000.0	5.0	29629.62963	14.13	5675.91	8470.0	6557.0	8042.0	8415.0	8458.0
5.0	1.0	500.0	100000000.0	5.0	28397.38687	13.54333	6034.82333	9083.0	6519.33333	8640.66667	8995.33333	9064.66667
5.0	1.0	500.0	200000000.0	0.0	26891.117864	12.82	11224.56	15981.0	13918.0	15897.0	15931.0	15956.0
5.0	1.0	500.0	200000000.0	0.0	29151.119402999997	13.9	10086.01	17724.0	10136.0	16138.0	17525.0	17701.0
5.0	1.0	500.0	200000000.0	0.0	27450.657443	13.09	11124.28	16550.0	14429.0	16254.0	16473.0	16541.0
5.0	1.0	500.0	200000000.0	0.0	27830.9649	13.27	10811.61667	16751.66667	12827.66667	16096.33333	16643.0	16732.66667
5.0	1.0	500.0	200000000.0	2.0	27776.234654000004	13.24	11985.25	18238.0	13266.0	17933.0	18182.0	18234.0
5.0	1.0	500.0	200000000.0	2.0	27464.227843	13.1	11069.97	18931.0	13089.0	18479.0	18829.0	18912.0
5.0	1.0	500.0	200000000.0	2.0	26195.153897	12.49	11726.12	18535.0	13929.0	17931.0	18285.0	18527.0
5.0	1.0	500.0	200000000.0	2.0	27145.20546	12.94333	11593.78	18568.0	13428.0	18114.33333	18432.0	18557.66667
5.0	1.0	500.0	200000000.0	5.0	29648.077322000005	14.14	9948.54	17940.0	9453.0	17668.0	17878.0	17923.0
5.0	1.0	500.0	200000000.0	5.0	27738.481595999998	13.23	12003.15	21569.0	12062.0	20846.0	21544.0	21567.0
5.0	1.0	500.0	200000000.0	5.0	25906.064609999998	12.35	11437.96	18324.0	13951.0	18072.0	18227.0	18302.0
5.0	1.0	500.0	200000000.0	5.0	27764.20784	13.24	11129.88333	19277.66667	11822.0	18862.0	19216.33333	19264.0
5.0	1.0	1000.0	33554432.0	0.0	14139.471749	13.48	2188.16	3974.0	2352.0	3511.0	3785.0	3967.0
5.0	1.0	1000.0	33554432.0	0.0	14171.933902	13.52	2212.45	4456.0	2397.0	3458.0	4229.0	4450.0
5.0	1.0	1000.0	33554432.0	0.0	12335.62776	11.76	2532.59	6105.0	2605.0	4480.0	5597.0	6090.0
5.0	1.0	1000.0	33554432.0	0.0	13549.01114	12.92	2311.06667	4845.0	2451.33333	3816.33333	4537.0	4835.66667
5.0	1.0	1000.0	33554432.0	2.0	15371.844928999999	14.66	2031.95	3933.0	2177.0	3855.0	3880.0	3930.0
5.0	1.0	1000.0	33554432.0	2.0	13346.85815	12.73	2349.87	3508.0	2510.0	3430.0	3498.0	3503.0
5.0	1.0	1000.0	33554432.0	2.0	13001.87227	12.4	2414.5	3821.0	2496.0	3613.0	3810.0	3819.0
5.0	1.0	1000.0	33554432.0	2.0	13906.85845	13.26333	2265.44	3754.0	2394.33333	3632.66667	3729.33333	3750.66667
5.0	1.0	1000.0	33554432.0	5.0	14754.049987	14.07	2104.2	3478.0	2473.0	3130.0	3447.0	3473.0
5.0	1.0	1000.0	33554432.0	5.0	13373.274848000001	12.75	2324.23	3746.0	2518.0	3577.0	3689.0	3730.0
5.0	1.0	1000.0	33554432.0	5.0	13866.163787000001	13.22	2262.83	3272.0	2569.0	2990.0	3092.0	3250.0
5.0	1.0	1000.0	33554432.0	5.0	13997.82954	13.34667	2230.42	3498.66667	2520.0	3232.33333	3409.33333	3484.33333
5.0	1.0	1000.0	100000000.0	0.0	12150.963571	11.59	7205.66	10059.0	8139.0	9008.0	10006.0	10055.0
5.0	1.0	1000.0	100000000.0	0.0	14788.086716999998	14.1	5818.07	9652.0	6060.0	9545.0	9616.0	9648.0
5.0	1.0	1000.0	100000000.0	0.0	12964.451474	12.36	6873.44	9314.0	7408.0	8909.0	9209.0	9301.0
5.0	1.0	1000.0	100000000.0	0.0	13301.16725	12.68333	6632.39	9675.0	7202.33333	9154.0	9610.33333	9668.0
5.0	1.0	1000.0	100000000.0	2.0	13325.160568000001	12.71	6395.17	8658.0	7274.0	8464.0	8623.0	8649.0
5.0	1.0	1000.0	100000000.0	2.0	14159.492524000001	13.5	6541.06	11651.0	6393.0	11307.0	11511.0	11629.0
5.0	1.0	1000.0	100000000.0	2.0	12600.488899	12.02	6868.97	10074.0	7854.0	9943.0	10042.0	10063.0
5.0	1.0	1000.0	100000000.0	2.0	13361.714	12.74333	6601.73333	10127.66667	7173.66667	9904.66667	10058.66667	10113.66667
5.0	1.0	1000.0	100000000.0	5.0	14989.357556	14.29	5905.11	12163.0	5587.0	11960.0	12122.0	12146.0
5.0	1.0	1000.0	100000000.0	5.0	12208.223459	11.64	7161.67	9540.0	8402.0	9098.0	9209.0	9488.0
5.0	1.0	1000.0	100000000.0	5.0	13898.154325	13.25	6699.34	12532.0	7111.0	12250.0	12494.0	12526.0
5.0	1.0	1000.0	100000000.0	5.0	13698.57845	13.06	6588.70667	11411.66667	7033.33333	11102.66667	11275.0	11386.66667
5.0	1.0	1000.0	200000000.0	0.0	12478.786064	11.9	12480.14	18334.0	15778.0	18180.0	18255.0	18312.0
5.0	1.0	1000.0	200000000.0	0.0	11098.779134	10.58	13684.97	20626.0	16612.0	20105.0	20398.0	20604.0
5.0	1.0	1000.0	200000000.0	0.0	15644.555695	14.92	8807.79	19353.0	7132.0	19002.0	19278.0	19330.0
5.0	1.0	1000.0	200000000.0	0.0	13074.0403	12.46667	11657.63333	19437.66667	13174.0	19095.66667	19310.33333	19415.33333
5.0	1.0	1000.0	200000000.0	2.0	12471.004914	11.89	12536.97	19120.0	14671.0	18638.0	18856.0	19098.0
5.0	1.0	1000.0	200000000.0	2.0	13769.173574	13.13	10879.46	17134.0	13028.0	17056.0	17119.0	17128.0
5.0	1.0	1000.0	200000000.0	2.0	11824.524062999999	11.28	12232.5	19182.0	14311.0	16797.0	19088.0	19146.0
5.0	1.0	1000.0	200000000.0	2.0	12688.23418	12.1	11882.97667	18478.66667	14003.33333	17497.0	18354.33333	18457.33333
5.0	1.0	1000.0	200000000.0	5.0	14582.786478999999	13.91	10404.46	14085.0	11024.0	13224.0	14067.0	14074.0
5.0	1.0	1000.0	200000000.0	5.0	12367.360063	11.79	12454.34	17767.0	15886.0	17623.0	17740.0	17752.0
5.0	1.0	1000.0	200000000.0	5.0	13641.448176	13.01	11583.24	16891.0	13071.0	16568.0	16860.0	16888.0
5.0	1.0	1000.0	200000000.0	5.0	13530.53157	12.90333	11480.68	16247.66667	13327.0	15805.0	16222.33333	16238.0
5.0	2.0	100.0	33554432.0	0.0	172342.478974	16.44	1691.46	6177.0	1064.0	4570.0	5617.0	5887.0
5.0	2.0	100.0	33554432.0	0.0	284511.20974200004	27.13	995.6	2710.0	812.0	2317.0	2691.0	2708.0
5.0	2.0	100.0	33554432.0	0.0	160642.570281	15.32	1741.97	4083.0	1196.0	3190.0	3361.0	3470.0
5.0	2.0	100.0	33554432.0	0.0	205832.08633	19.63	1476.34333	4323.33333	1024.0	3359.0	3889.66667	4021.66667
5.0	2.0	100.0	33554432.0	2.0	120059.54953699998	11.45	2434.12	6639.0	2381.0	5834.0	6442.0	6614.0
5.0	2.0	100.0	33554432.0	2.0	129991.680532	12.4	2202.96	4169.0	2519.0	3944.0	4131.0	4148.0
5.0	2.0	100.0	33554432.0	2.0	116833.348911	11.14	2455.47	4757.0	2436.0	4287.0	4667.0	4745.0
5.0	2.0	100.0	33554432.0	2.0	122294.85966	11.66333	2364.18333	5188.33333	2445.33333	4688.33333	5080.0	5169.0
5.0	2.0	100.0	33554432.0	5.0	128822.817097	12.29	2243.64	3242.0	2387.0	2730.0	3183.0	3223.0
5.0	2.0	100.0	33554432.0	5.0	123557.46657799999	11.78	2297.21	4517.0	2458.0	4285.0	4412.0	4500.0
5.0	2.0	100.0	33554432.0	5.0	121012.633719	11.54	2374.61	3591.0	2457.0	3523.0	3564.0	3582.0
5.0	2.0	100.0	33554432.0	5.0	124464.3058	11.87	2305.15333	3783.33333	2434.0	3512.66667	3719.66667	3768.33333
5.0	2.0	100.0	100000000.0	0.0	113726.828159	10.85	6854.69	12432.0	8483.0	11829.0	12312.0	12422.0
5.0	2.0	100.0	100000000.0	0.0	126668.86226	12.08	6037.52	10080.0	5755.0	6881.0	7100.0	7148.0
5.0	2.0	100.0	100000000.0	0.0	125836.814819	12.0	6227.3	8401.0	6936.0	7788.0	8035.0	8139.0
5.0	2.0	100.0	100000000.0	0.0	122077.50175	11.64333	6373.17	10304.33333	7058.0	8832.66667	9149.0	9236.33333
5.0	2.0	100.0	100000000.0	2.0	106833.041323	10.19	7497.05	10212.0	8232.0	9717.0	10082.0	10150.0
5.0	2.0	100.0	100000000.0	2.0	117428.77944500001	11.2	6778.1	8852.0	7583.0	8387.0	8441.0	8542.0
5.0	2.0	100.0	100000000.0	2.0	122097.140485	11.64	6490.77	8119.0	7468.0	7656.0	7802.0	7949.0
5.0	2.0	100.0	100000000.0	2.0	115452.98708	11.01	6921.97333	9061.0	7761.0	8586.66667	8775.0	8880.33333
5.0	2.0	100.0	100000000.0	5.0	92993.843808	8.87	9176.54	31448.0	6844.0	7488.0	7575.0	7721.0
5.0	2.0	100.0	100000000.0	5.0	154765.22116	14.76	4793.27	10061.0	3329.0	8997.0	9565.0	9840.0
5.0	2.0	100.0	100000000.0	5.0	114275.26626099998	10.9	6816.18	12440.0	8204.0	12015.0	12326.0	12424.0
5.0	2.0	100.0	100000000.0	5.0	120678.11041	11.51	6928.66333	17983.0	6125.66667	9500.0	9822.0	9995.0
5.0	2.0	100.0	200000000.0	0.0	72386.13660700001	6.9	23274.17	43220.0	24609.0	39502.0	40131.0	40212.0
5.0	2.0	100.0	200000000.0	0.0	79460.937003	7.58	21156.42	40965.0	21255.0	38984.0	39528.0	39566.0
5.0	2.0	100.0	200000000.0	0.0	75106.65144500001	7.16	22461.47	44866.0	23168.0	41797.0	42679.0	43324.0
5.0	2.0	100.0	200000000.0	0.0	75651.24169	7.21333	22297.35333	43017.0	23010.66667	40094.33333	40779.33333	41034.0
5.0	2.0	100.0	200000000.0	2.0	60234.432411	5.74	28582.8	47308.0	31059.0	44395.0	46724.0	46785.0
5.0	2.0	100.0	200000000.0	2.0	77696.45548799999	7.41	21022.95	42677.0	20417.0	36780.0	36835.0	37440.0
5.0	2.0	100.0	200000000.0	2.0	73582.434401	7.02	23000.8	45159.0	25028.0	44228.0	44598.0	44914.0
5.0	2.0	100.0	200000000.0	2.0	70504.44077	6.72333	24202.18333	45048.0	25501.33333	41801.0	42719.0	43046.33333
5.0	2.0	100.0	200000000.0	5.0	77374.228192	7.38	21793.92	43075.0	22280.0	42329.0	42738.0	43069.0
5.0	2.0	100.0	200000000.0	5.0	71329.728804	6.8	23721.91	41879.0	25124.0	41328.0	41545.0	41779.0
5.0	2.0	100.0	200000000.0	5.0	74123.489734	7.07	22866.33	43987.0	25678.0	43451.0	43670.0	43909.0
5.0	2.0	100.0	200000000.0	5.0	74275.81558	7.08333	22794.05333	42980.33333	24360.66667	42369.33333	42651.0	42919.0
5.0	2.0	500.0	33554432.0	0.0	77345.502359	36.88	796.81	2007.0	864.0	1973.0	1996.0	2001.0
5.0	2.0	500.0	33554432.0	0.0	56850.483229	27.11	967.66	4359.0	662.0	1965.0	3379.0	3605.0
5.0	2.0	500.0	33554432.0	0.0	21717.884678	10.36	2860.18	4285.0	2949.0	3390.0	3556.0	3621.0
5.0	2.0	500.0	33554432.0	0.0	51971.29009	24.78333	1541.55	3550.33333	1491.66667	2442.66667	2977.0	3075.66667
5.0	2.0	500.0	33554432.0	2.0	24291.891367	11.58	2580.7	3363.0	2627.0	2931.0	3055.0	3150.0
5.0	2.0	500.0	33554432.0	2.0	8498.63172	4.05	7658.99	92514.0	3376.0	91193.0	92457.0	92506.0
5.0	2.0	500.0	33554432.0	2.0	73822.530636	35.2	834.69	1823.0	665.0	1781.0	1821.0	1822.0
5.0	2.0	500.0	33554432.0	2.0	35537.68457	16.94333	3691.46	32566.66667	2222.66667	31968.33333	32444.33333	32492.66667
5.0	2.0	500.0	33554432.0	5.0	52834.574946	25.19	1116.04	2728.0	995.0	2528.0	2689.0	2717.0
5.0	2.0	500.0	33554432.0	5.0	26415.891800999998	12.6	2388.3	4533.0	2172.0	3275.0	3451.0	3566.0
5.0	2.0	500.0	33554432.0	5.0	49014.80247	23.37	1245.59	2353.0	716.0	1389.0	1444.0	1481.0
5.0	2.0	500.0	33554432.0	5.0	42755.08974	20.38667	1583.31	3204.66667	1294.33333	2397.33333	2528.0	2588.0
5.0	2.0	500.0	100000000.0	0.0	35283.325101	16.82	4730.25	6818.0	5576.0	5795.0	6714.0	6738.0
5.0	2.0	500.0	100000000.0	0.0	38857.586944	18.53	4454.53	5712.0	5169.0	5491.0	5557.0	5595.0
5.0	2.0	500.0	100000000.0	0.0	45118.209708999995	21.51	3784.55	5168.0	4291.0	4739.0	4841.0	4899.0
5.0	2.0	500.0	100000000.0	0.0	39753.04058	18.95333	4323.11	5899.33333	5012.0	5341.66667	5704.0	5744.0
5.0	2.0	500.0	100000000.0	2.0	40577.828275	19.35	3632.51	8092.0	4511.0	5300.0	8001.0	8081.0
5.0	2.0	500.0	100000000.0	2.0	45055.192611	21.48	3615.93	6517.0	3003.0	6459.0	6489.0	6507.0
5.0	2.0	500.0	100000000.0	2.0	36114.120620999995	17.22	4735.43	5779.0	5473.0	5689.0	5750.0	5778.0
5.0	2.0	500.0	100000000.0	2.0	40582.3805	19.35	3994.62333	6796.0	4329.0	5816.0	6746.66667	6788.66667
5.0	2.0	500.0	100000000.0	5.0	43329.433683999996	20.66	3941.68	5188.0	4403.0	4774.0	4897.0	4934.0
5.0	2.0	500.0	100000000.0	5.0	46763.935653	22.3	3567.37	5422.0	3693.0	4578.0	4753.0	4892.0
5.0	2.0	500.0	100000000.0	5.0	39530.379096	18.85	4194.0	6636.0	4590.0	5722.0	6408.0	6514.0
5.0	2.0	500.0	100000000.0	5.0	43207.91614	20.60333	3901.01667	5748.66667	4228.66667	5024.66667	5352.66667	5446.66667
5.0	2.0	500.0	200000000.0	0.0	35778.175313	17.06	8536.53	12272.0	10097.0	12150.0	12227.0	12262.0
5.0	2.0	500.0	200000000.0	0.0	41816.509158	19.94	7149.99	10063.0	9096.0	9628.0	9943.0	10047.0
5.0	2.0	500.0	200000000.0	0.0	43086.733595	20.55	6589.1	9884.0	8741.0	9459.0	9732.0	9877.0
5.0	2.0	500.0	200000000.0	0.0	40227.13936	19.18333	7425.20667	10739.66667	9311.33333	10412.33333	10634.0	10728.66667
5.0	2.0	500.0	200000000.0	2.0	45481.42084	21.69	6339.24	9592.0	7951.0	9345.0	9514.0	9586.0
5.0	2.0	500.0	200000000.0	2.0	35570.732401	16.96	8427.12	11859.0	10925.0	11724.0	11760.0	11803.0
5.0	2.0	500.0	200000000.0	2.0	37537.537538	17.9	7984.43	10980.0	9546.0	10829.0	10901.0	10957.0
5.0	2.0	500.0	200000000.0	2.0	39529.89693	18.85	7583.59667	10810.33333	9474.0	10632.66667	10725.0	10782.0
5.0	2.0	500.0	200000000.0	5.0	49652.432969	23.68	5529.36	9927.0	5780.0	9556.0	9887.0	9926.0
5.0	2.0	500.0	200000000.0	5.0	43025.557181000004	20.52	6417.11	10815.0	7832.0	10545.0	10674.0	10781.0
5.0	2.0	500.0	200000000.0	5.0	37145.722669999996	17.71	8085.96	11493.0	10343.0	11130.0	11413.0	11480.0
5.0	2.0	500.0	200000000.0	5.0	43274.57094	20.63667	6677.47667	10745.0	7985.0	10410.33333	10658.0	10729.0
5.0	2.0	1000.0	33554432.0	0.0	20197.93981	19.26	1552.92	1961.0	1604.0	1824.0	1918.0	1949.0
5.0	2.0	1000.0	33554432.0	0.0	21829.294914	20.82	1372.67	2609.0	1218.0	2123.0	2240.0	2585.0
5.0	2.0	1000.0	33554432.0	0.0	22036.139268	21.02	1391.89	4657.0	1206.0	3447.0	4416.0	4644.0
5.0	2.0	1000.0	33554432.0	0.0	21354.458	20.36667	1439.16	3075.66667	1342.66667	2464.66667	2858.0	3059.33333
5.0	2.0	1000.0	33554432.0	2.0	20564.283952	19.61	1509.71	2285.0	1584.0	1916.0	2139.0	2274.0
5.0	2.0	1000.0	33554432.0	2.0	19079.600091999997	18.2	1640.65	2605.0	1736.0	1990.0	2462.0	2593.0
5.0	2.0	1000.0	33554432.0	2.0	21152.381758	20.17	1486.42	2739.0	1447.0	2508.0	2715.0	2725.0
5.0	2.0	1000.0	33554432.0	2.0	20265.42193	19.32667	1545.59333	2543.0	1589.0	2138.0	2438.66667	2530.66667
5.0	2.0	1000.0	33554432.0	5.0	22053.634438999998	21.03	1358.79	3131.0	1091.0	2546.0	2888.0	3116.0
5.0	2.0	1000.0	33554432.0	5.0	21163.125369999998	20.18	1467.79	2206.0	1559.0	1966.0	2091.0	2165.0
5.0	2.0	1000.0	33554432.0	5.0	18795.57928	17.92	1669.54	2729.0	1656.0	2531.0	2643.0	2697.0
5.0	2.0	1000.0	33554432.0	5.0	20670.7797	19.71	1498.70667	2688.66667	1435.33333	2347.66667	2540.66667	2659.33333
5.0	2.0	1000.0	100000000.0	0.0	21150.592216999998	20.17	4067.3	5146.0	4497.0	4883.0	5074.0	5139.0
5.0	2.0	1000.0	100000000.0	0.0	22341.376228999998	21.31	3871.97	5245.0	4315.0	4789.0	5066.0	5242.0
5.0	2.0	1000.0	100000000.0	0.0	20619.406986	19.66	4152.47	5841.0	4399.0	5702.0	5742.0	5818.0
5.0	2.0	1000.0	100000000.0	0.0	21370.45848	20.38	4030.58	5410.66667	4403.66667	5124.66667	5294.0	5399.66667
5.0	2.0	1000.0	100000000.0	2.0	19103.65644	18.22	4468.58	5600.0	4936.0	5535.0	5561.0	5585.0
5.0	2.0	1000.0	100000000.0	2.0	19513.718144	18.61	4297.46	5986.0	4741.0	5570.0	5821.0	5960.0
5.0	2.0	1000.0	100000000.0	2.0	23697.805583	22.6	3574.03	4918.0	3854.0	4609.0	4718.0	4893.0
5.0	2.0	1000.0	100000000.0	2.0	20771.72672	19.81	4113.35667	5501.33333	4510.33333	5238.0	5366.66667	5479.33333
5.0	2.0	1000.0	100000000.0	5.0	20221.629054	19.28	4204.35	5676.0	4553.0	5471.0	5617.0	5667.0
5.0	2.0	1000.0	100000000.0	5.0	18932.939528	18.06	4552.08	6230.0	5116.0	5504.0	6153.0	6204.0
5.0	2.0	1000.0	100000000.0	5.0	20068.231989	19.14	4299.35	5319.0	4861.0	5125.0	5221.0	5300.0
5.0	2.0	1000.0	100000000.0	5.0	19740.93352	18.82667	4351.92667	5741.66667	4843.33333	5366.66667	5663.66667	5723.66667
5.0	2.0	1000.0	200000000.0	0.0	21372.088053	20.38	7076.94	9968.0	8718.0	9615.0	9879.0	9943.0
5.0	2.0	1000.0	200000000.0	0.0	20971.395017	20.0	7178.16	10793.0	8671.0	10535.0	10721.0	10776.0
5.0	2.0	1000.0	200000000.0	0.0	20247.833482	19.31	7370.55	10520.0	9102.0	10379.0	10430.0	10484.0
5.0	2.0	1000.0	200000000.0	0.0	20863.77218	19.89667	7208.55	10427.0	8830.33333	10176.33333	10343.33333	10401.0
5.0	2.0	1000.0	200000000.0	2.0	18082.528661	17.24	8102.52	12696.0	9647.0	12548.0	12619.0	12665.0
5.0	2.0	1000.0	200000000.0	2.0	25270.393207	24.1	5626.56	9388.0	6399.0	8850.0	9271.0	9384.0
5.0	2.0	1000.0	200000000.0	2.0	19575.600971	18.67	7483.45	11090.0	8973.0	10866.0	10977.0	11077.0
5.0	2.0	1000.0	200000000.0	2.0	20976.17428	20.00333	7070.84333	11058.0	8339.66667	10754.66667	10955.66667	11042.0
5.0	2.0	1000.0	200000000.0	5.0	20464.963981999997	19.52	7221.34	10764.0	8616.0	10448.0	10668.0	10739.0
5.0	2.0	1000.0	200000000.0	5.0	18918.612131	18.04	7919.34	11409.0	9898.0	11248.0	11365.0	11403.0
5.0	2.0	1000.0	200000000.0	5.0	21613.209994	20.61	6785.77	10153.0	8238.0	9840.0	10037.0	10149.0
5.0	2.0	1000.0	200000000.0	5.0	20332.26204	19.39	7308.81667	10775.33333	8917.33333	10512.0	10690.0	10763.66667
5.0	5.0	100.0	33554432.0	0.0	134680.13468	12.84	2111.6	5470.0	1241.0	4155.0	4816.0	5099.0
5.0	5.0	100.0	33554432.0	0.0	276380.520701	26.36	978.24	2101.0	943.0	1753.0	1866.0	1921.0
5.0	5.0	100.0	33554432.0	0.0	299670.362601	28.58	929.96	1715.0	732.0	1503.0	1693.0	1708.0
5.0	5.0	100.0	33554432.0	0.0	236910.33933	22.59333	1339.93333	3095.33333	972.0	2470.33333	2791.66667	2909.33333
5.0	5.0	100.0	33554432.0	2.0	296788.745771	28.3	918.45	1641.0	859.0	1203.0	1323.0	1352.0
5.0	5.0	100.0	33554432.0	2.0	182868.84646300002	17.44	1509.91	3295.0	2489.0	2962.0	3196.0	3285.0
5.0	5.0	100.0	33554432.0	2.0	197769.163832	18.86	1356.04	3203.0	1174.0	1463.0	1567.0	1604.0
5.0	5.0	100.0	33554432.0	2.0	225808.91869	21.53333	1261.46667	2713.0	1507.33333	1876.0	2028.66667	2080.33333
5.0	5.0	100.0	33554432.0	5.0	215044.514214	20.51	1275.2	2634.0	637.0	1035.0	1185.0	1199.0
5.0	5.0	100.0	33554432.0	5.0	201987.557566	19.26	1347.55	3409.0	975.0	1972.0	2111.0	2144.0
5.0	5.0	100.0	33554432.0	5.0	211193.241816	20.14	1269.7	2963.0	1099.0	1272.0	1349.0	1446.0
5.0	5.0	100.0	33554432.0	5.0	209408.43787	19.97	1297.48333	3002.0	903.66667	1426.33333	1548.33333	1596.33333
5.0	5.0	100.0	100000000.0	0.0	202347.227843	19.3	3769.01	7455.0	3830.0	6865.0	7270.0	7350.0
5.0	5.0	100.0	100000000.0	0.0	199060.434748	18.98	3637.26	5412.0	4370.0	5246.0	5276.0	5302.0
5.0	5.0	100.0	100000000.0	0.0	188097.20863699997	17.94	4076.34	6187.0	4537.0	6051.0	6097.0	6158.0
5.0	5.0	100.0	100000000.0	0.0	196501.62374	18.74	3827.53667	6351.33333	4245.66667	6054.0	6214.33333	6270.0
5.0	5.0	100.0	100000000.0	2.0	206143.063286	19.66	3587.18	5534.0	4131.0	5269.0	5445.0	5501.0
5.0	5.0	100.0	100000000.0	2.0	216188.17018299998	20.62	3484.71	4823.0	4190.0	4604.0	4703.0	4751.0
5.0	5.0	100.0	100000000.0	2.0	210508.58875	20.08	3402.56	5798.0	3830.0	4459.0	4683.0	4737.0
5.0	5.0	100.0	100000000.0	2.0	210946.60741	20.12	3491.48333	5385.0	4050.33333	4777.33333	4943.66667	4996.33333
5.0	5.0	100.0	100000000.0	5.0	212684.503807	20.28	3352.92	5820.0	3963.0	4281.0	4380.0	4444.0
5.0	5.0	100.0	100000000.0	5.0	222895.863053	21.26	3273.34	5309.0	3621.0	4737.0	5198.0	5227.0
5.0	5.0	100.0	100000000.0	5.0	213001.618812	20.31	3521.8	4799.0	4224.0	4488.0	4665.0	4767.0
5.0	5.0	100.0	100000000.0	5.0	216193.99522	20.61667	3382.68667	5309.33333	3936.0	4502.0	4747.66667	4812.66667
5.0	5.0	100.0	200000000.0	0.0	98374.847519	9.38	16336.31	39018.0	15346.0	34525.0	35706.0	35804.0
5.0	5.0	100.0	200000000.0	0.0	113378.684807	10.81	13748.67	31866.0	11439.0	29344.0	30225.0	30258.0
5.0	5.0	100.0	200000000.0	0.0	123386.718654	11.77	12348.36	29743.0	11719.0	29614.0	29727.0	29740.0
5.0	5.0	100.0	200000000.0	0.0	111713.41699	10.65333	14144.44667	33542.33333	12834.66667	31161.0	31886.0	31934.0
5.0	5.0	100.0	200000000.0	2.0	106478.129392	10.15	14863.12	35299.0	13321.0	31911.0	33030.0	33571.0
5.0	5.0	100.0	200000000.0	2.0	114390.299703	10.91	13507.71	31540.0	13390.0	31024.0	31095.0	31114.0
5.0	5.0	100.0	200000000.0	2.0	92359.982267	8.81	17446.69	42524.0	18627.0	41232.0	42329.0	42516.0
5.0	5.0	100.0	200000000.0	2.0	104409.47045	9.95667	15272.50667	36454.33333	15112.66667	34722.33333	35484.66667	35733.66667
5.0	5.0	100.0	200000000.0	5.0	120313.77833399999	11.47	12675.06	29624.0	11715.0	29355.0	29588.0	29620.0
5.0	5.0	100.0	200000000.0	5.0	115127.791849	10.98	13280.05	31609.0	12863.0	30710.0	31440.0	31484.0
5.0	5.0	100.0	200000000.0	5.0	118480.604725	11.3	12910.47	30930.0	10521.0	29598.0	29948.0	29993.0
5.0	5.0	100.0	200000000.0	5.0	117974.0583	11.25	12955.19333	30721.0	11699.66667	29887.66667	30325.33333	30365.66667
5.0	5.0	500.0	33554432.0	0.0	73174.301185	34.89	831.48	1651.0	822.0	1390.0	1623.0	1639.0
5.0	5.0	500.0	33554432.0	0.0	75024.382924	35.77	827.54	1381.0	808.0	1277.0	1358.0	1371.0
5.0	5.0	500.0	33554432.0	0.0	64616.179891	30.81	867.26	2691.0	736.0	1455.0	2267.0	2622.0
5.0	5.0	500.0	33554432.0	0.0	70938.288	33.82333	842.09333	1907.66667	788.66667	1374.0	1749.33333	1877.33333
5.0	5.0	500.0	33554432.0	2.0	34205.575508999995	16.31	1808.98	3581.0	1908.0	3243.0	3511.0	3569.0
5.0	5.0	500.0	33554432.0	2.0	38356.794906	18.29	1624.62	2050.0	1697.0	1888.0	1944.0	2023.0
5.0	5.0	500.0	33554432.0	2.0	43647.156388	20.81	1416.76	1870.0	1499.0	1685.0	1761.0	1823.0
5.0	5.0	500.0	33554432.0	2.0	38736.50893	18.47	1616.78667	2500.33333	1701.33333	2272.0	2405.33333	2471.66667
5.0	5.0	500.0	33554432.0	5.0	44072.278537	21.02	1403.13	1822.0	1487.0	1620.0	1711.0	1768.0
5.0	5.0	500.0	33554432.0	5.0	43779.00359	20.88	1410.75	1824.0	1490.0	1656.0	1747.0	1804.0
5.0	5.0	500.0	33554432.0	5.0	42142.526023	20.1	1460.75	1938.0	1549.0	1674.0	1754.0	1876.0
5.0	5.0	500.0	33554432.0	5.0	43331.26938	20.66667	1424.87667	1861.33333	1508.66667	1650.0	1737.33333	1816.0
5.0	5.0	500.0	100000000.0	0.0	43120.17593	20.56	3921.24	5192.0	4447.0	4842.0	5040.0	5177.0
5.0	5.0	500.0	100000000.0	0.0	42555.002341	20.29	3942.06	5075.0	4456.0	4870.0	4936.0	5030.0
5.0	5.0	500.0	100000000.0	0.0	41687.510422	19.88	4079.84	5375.0	4726.0	4908.0	5029.0	5341.0
5.0	5.0	500.0	100000000.0	0.0	42454.22956	20.24333	3981.04667	5214.0	4543.0	4873.33333	5001.66667	5182.66667
5.0	5.0	500.0	100000000.0	2.0	38284.839204	18.26	4058.4	7288.0	4717.0	4899.0	6307.0	7247.0
5.0	5.0	500.0	100000000.0	2.0	37750.094375	18.0	4433.35	6228.0	5031.0	6140.0	6182.0	6209.0
5.0	5.0	500.0	100000000.0	2.0	35176.586464	16.77	4910.85	7178.0	5271.0	6958.0	7116.0	7162.0
5.0	5.0	500.0	100000000.0	2.0	37070.50668	17.67667	4467.53333	6898.0	5006.33333	5999.0	6535.0	6872.66667
5.0	5.0	500.0	100000000.0	5.0	40779.708017000004	19.45	4190.8	5145.0	4785.0	4928.0	5035.0	5118.0
5.0	5.0	500.0	100000000.0	5.0	42222.597534	20.13	4014.33	5165.0	4583.0	4925.0	5088.0	5137.0
5.0	5.0	500.0	100000000.0	5.0	41689.248343	19.88	4086.11	5197.0	4706.0	4921.0	5045.0	5154.0
5.0	5.0	500.0	100000000.0	5.0	41563.8513	19.82	4097.08	5169.0	4691.33333	4924.66667	5056.0	5136.33333
5.0	5.0	500.0	200000000.0	0.0	41430.169449	19.76	7103.48	10378.0	8965.0	9826.0	9917.0	10369.0
5.0	5.0	500.0	200000000.0	0.0	40786.361041000004	19.45	7288.14	10692.0	9330.0	9953.0	10339.0	10659.0
5.0	5.0	500.0	200000000.0	0.0	41461.088768	19.77	7142.23	10308.0	9243.0	9809.0	9860.0	10241.0
5.0	5.0	500.0	200000000.0	0.0	41225.87309	19.66	7177.95	10459.33333	9179.33333	9862.66667	10038.66667	10423.0
5.0	5.0	500.0	200000000.0	2.0	41948.068291	20.0	6982.71	10263.0	8764.0	9868.0	9971.0	10217.0
5.0	5.0	500.0	200000000.0	2.0	39932.912706999996	19.04	7427.73	10683.0	9144.0	10376.0	10464.0	10613.0
5.0	5.0	500.0	200000000.0	2.0	37019.212972	17.65	7961.28	12458.0	9674.0	12230.0	12372.0	12447.0
5.0	5.0	500.0	200000000.0	2.0	39633.39799	18.89667	7457.24	11134.66667	9194.0	10824.66667	10935.66667	11092.33333
5.0	5.0	500.0	200000000.0	5.0	36987.720077	17.64	7946.76	11371.0	10104.0	11271.0	11316.0	11348.0
5.0	5.0	500.0	200000000.0	5.0	37419.547972	17.84	8014.84	11089.0	10228.0	10863.0	10925.0	11002.0
5.0	5.0	500.0	200000000.0	5.0	40420.371867	19.27	7388.42	10273.0	9503.0	10024.0	10120.0	10253.0
5.0	5.0	500.0	200000000.0	5.0	38275.87997	18.25	7783.34	10911.0	9945.0	10719.33333	10787.0	10867.66667
5.0	5.0	1000.0	33554432.0	0.0	21096.156280000003	20.12	1475.94	1932.0	1567.0	1728.0	1825.0	1896.0
5.0	5.0	1000.0	33554432.0	0.0	20271.639976	19.33	1483.23	2913.0	1371.0	2617.0	2764.0	2885.0
5.0	5.0	1000.0	33554432.0	0.0	21809.299485	20.8	1427.41	1825.0	1522.0	1654.0	1741.0	1804.0
5.0	5.0	1000.0	33554432.0	0.0	21059.03191	20.08333	1462.19333	2223.33333	1486.66667	1999.66667	2110.0	2195.0
5.0	5.0	1000.0	33554432.0	2.0	21054.404581	20.08	1481.75	1991.0	1557.0	1674.0	1833.0	1948.0
5.0	5.0	1000.0	33554432.0	2.0	20701.36215	19.74	1501.13	2325.0	1594.0	1745.0	1936.0	2292.0
5.0	5.0	1000.0	33554432.0	2.0	20896.021397999997	19.93	1479.48	2103.0	1515.0	1716.0	1861.0	2042.0
5.0	5.0	1000.0	33554432.0	2.0	20883.92938	19.91667	1487.45333	2139.66667	1555.33333	1711.66667	1876.66667	2094.0
5.0	5.0	1000.0	33554432.0	5.0	19511.4337	18.61	1543.05	3212.0	1504.0	2685.0	2802.0	3152.0
5.0	5.0	1000.0	33554432.0	5.0	19434.079602	18.53	1597.63	4048.0	1518.0	3759.0	3965.0	4029.0
5.0	5.0	1000.0	33554432.0	5.0	18222.238419999998	17.38	1706.24	3792.0	1682.0	3596.0	3735.0	3779.0
5.0	5.0	1000.0	33554432.0	5.0	19055.91724	18.17333	1615.64	3684.0	1568.0	3346.66667	3500.66667	3653.33333
5.0	5.0	1000.0	100000000.0	0.0	19679.615854	18.77	4351.72	5385.0	4875.0	5152.0	5254.0	5356.0
5.0	5.0	1000.0	100000000.0	0.0	19341.611543	18.45	4273.2	6322.0	4667.0	6070.0	6216.0	6290.0
5.0	5.0	1000.0	100000000.0	0.0	21811.202233	20.8	3914.24	5185.0	4346.0	4922.0	5091.0	5134.0
5.0	5.0	1000.0	100000000.0	0.0	20277.47654	19.34	4179.72	5630.66667	4629.33333	5381.33333	5520.33333	5593.33333
5.0	5.0	1000.0	100000000.0	2.0	20115.867396	19.18	4227.82	5346.0	4835.0	5136.0	5262.0	5333.0
5.0	5.0	1000.0	100000000.0	2.0	20469.990993	19.52	4180.16	5648.0	4762.0	4975.0	5057.0	5610.0
5.0	5.0	1000.0	100000000.0	2.0	20651.769857	19.7	4130.95	5372.0	4631.0	5124.0	5217.0	5340.0
5.0	5.0	1000.0	100000000.0	2.0	20412.54275	19.46667	4179.64333	5455.33333	4742.66667	5078.33333	5178.66667	5427.66667
5.0	5.0	1000.0	100000000.0	5.0	19185.020336	18.3	4460.87	6256.0	5020.0	5428.0	5507.0	6203.0
5.0	5.0	1000.0	100000000.0	5.0	20009.60461	19.08	4270.92	5681.0	4858.0	5088.0	5170.0	5640.0
5.0	5.0	1000.0	100000000.0	5.0	18521.948509	17.66	4631.6	8305.0	4847.0	7805.0	8190.0	8259.0
5.0	5.0	1000.0	100000000.0	5.0	19238.85782	18.34667	4454.46333	6747.33333	4908.33333	6107.0	6289.0	6700.66667
5.0	5.0	1000.0	200000000.0	0.0	18002.448333	17.17	8256.97	11753.0	10349.0	11649.0	11690.0	11722.0
5.0	5.0	1000.0	200000000.0	0.0	18087.107509999998	17.25	8405.14	11396.0	10791.0	11194.0	11260.0	11355.0
5.0	5.0	1000.0	200000000.0	0.0	19389.614922	18.49	7812.12	10631.0	10004.0	10288.0	10425.0	10587.0
5.0	5.0	1000.0	200000000.0	0.0	18493.05692	17.63667	8158.07667	11260.0	10381.33333	11043.66667	11125.0	11221.33333
5.0	5.0	1000.0	200000000.0	2.0	20679.1017	19.72	7165.26	10442.0	8904.0	10018.0	10125.0	10355.0
5.0	5.0	1000.0	200000000.0	2.0	19835.759908	18.92	7503.95	10521.0	9421.0	10405.0	10442.0	10473.0
5.0	5.0	1000.0	200000000.0	2.0	20119.914692	19.19	7375.38	11010.0	9164.0	10182.0	10410.0	10944.0
5.0	5.0	1000.0	200000000.0	2.0	20211.5921	19.27667	7348.19667	10657.66667	9163.0	10201.66667	10325.66667	10590.66667
5.0	5.0	1000.0	200000000.0	5.0	19723.087847	18.81	7575.02	10611.0	9443.0	10408.0	10460.0	10556.0
5.0	5.0	1000.0	200000000.0	5.0	20016.814124	19.09	7527.64	10944.0	9441.0	10178.0	10449.0	10837.0
5.0	5.0	1000.0	200000000.0	5.0	20149.91537	19.22	7419.99	10434.0	9397.0	10142.0	10360.0	10415.0
5.0	5.0	1000.0	200000000.0	5.0	19963.27245	19.04	7507.55	10663.0	9427.0	10242.66667	10423.0	10602.66667
