1	1	100	33554432	0	706214.689266	67.35	310.87	1069.00	314	800	1016	1066
1	1	100	33554432	0	1030715.316430	98.30	41.40	279.00	1	223	253	274
1	1	100	33554432	0	1008267.795927	96.16	109.53	404.00	1	363	397	403
1	1	100	33554432	2	995222.929936	94.91	107.85	378.00	3	295	354	375
1	1	100	33554432	2	1181753.722524	112.70	5.99	137.00	1	48	61	70
1	1	100	33554432	2	886839.304718	84.58	160.05	692.00	79	616	674	691
1	1	100	33554432	5	1099384.344767	104.85	35.94	345.00	1	282	318	343
1	1	100	33554432	5	1048877.700860	100.03	66.76	409.00	2	346	399	406
1	1	100	33554432	5	1105705.440071	105.45	28.53	263.00	4	141	246	260
1	1	100	100000000	0	759762.953958	72.46	695.10	1795.00	567	1757	1784	1787
1	1	100	100000000	0	1064962.726305	101.56	65.91	323.00	46	284	304	320
1	1	100	100000000	0	1119319.453772	106.75	45.33	266.00	1	231	253	264
1	1	100	100000000	2	1212709.192336	115.65	1.90	146.00	1	12	20	27
1	1	100	100000000	2	1097694.840834	104.68	25.63	352.00	1	164	311	348
1	1	100	100000000	2	1201345.506968	114.57	18.16	151.00	1	118	132	150
1	1	100	100000000	5	954562.810233	91.03	299.62	735.00	248	668	718	727
1	1	100	100000000	5	1050199.537912	100.15	110.71	390.00	71	294	315	329
1	1	100	100000000	5	1108156.028369	105.68	30.00	321.00	4	173	300	319
1	1	100	200000000	0	1116819.298637	106.51	15.91	141.00	8	62	76	80
1	1	100	200000000	0	1178967.224711	112.44	12.76	140.00	1	77	118	126
1	1	100	200000000	0	1056635.672020	100.77	57.36	328.00	4	291	319	327
1	1	100	200000000	2	1069061.364122	101.95	76.11	459.00	5	391	447	458
1	1	100	200000000	2	1237623.762376	118.03	19.95	166.00	1	124	148	154
1	1	100	200000000	2	1159017.153454	110.53	17.40	140.00	1	93	133	135
1	1	100	200000000	5	1183712.121212	112.89	18.48	142.00	1	103	139	141
1	1	100	200000000	5	962093.515490	91.75	277.40	667.00	291	589	652	665
1	1	100	200000000	5	1021033.285685	97.37	84.33	294.00	13	246	275	278
1	1	500	33554432	0	264760.391845	126.25	223.68	641.00	199	624	639	640
1	1	500	33554432	0	283205.890683	135.04	205.85	266.00	206	237	255	265
1	1	500	33554432	0	279329.608939	133.19	212.17	355.00	201	301	339	353
1	1	500	33554432	2	257466.529351	122.77	227.79	609.00	218	538	590	606
1	1	500	33554432	2	274876.305662	131.07	213.47	330.00	222	301	329	330
1	1	500	33554432	2	282565.696524	134.74	205.22	425.00	195	399	420	424
1	1	500	33554432	5	252461.499621	120.38	233.80	537.00	216	510	533	536
1	1	500	33554432	5	267165.375367	127.39	219.94	444.00	214	407	427	444
1	1	500	33554432	5	244558.571778	116.61	243.85	917.00	202	913	916	917
1	1	500	100000000	0	247770.069376	118.15	635.08	964.00	656	949	963	964
1	1	500	100000000	0	244439.012466	116.56	671.26	1166.00	698	1106	1164	1165
1	1	500	100000000	0	277469.478357	132.31	555.91	730.00	618	711	727	730
1	1	500	100000000	2	266524.520256	127.09	597.88	846.00	630	815	828	845
1	1	500	100000000	2	266808.964781	127.22	606.36	764.00	643	749	755	759
1	1	500	100000000	2	249625.561658	119.03	626.40	894.00	667	875	887	894
1	1	500	100000000	5	230946.882217	110.12	694.41	1238.00	701	1200	1228	1237
1	1	500	100000000	5	278318.953521	132.71	557.54	764.00	584	752	762	764
1	1	500	100000000	5	266169.816343	126.92	608.83	807.00	670	772	793	806
1	1	500	200000000	0	263296.471827	125.55	1017.90	1489.00	1159	1469	1487	1488
1	1	500	200000000	0	269034.167339	128.29	1001.02	1404.00	1110	1376	1393	1403
1	1	500	200000000	0	256081.946223	122.11	1108.63	1561.00	1165	1437	1540	1553
1	1	500	200000000	2	209951.711106	100.11	1442.85	2587.00	1313	2527	2579	2586
1	1	500	200000000	2	267022.696929	127.33	1067.17	1533.00	1189	1497	1530	1533
1	1	500	200000000	2	260348.867482	124.14	1012.35	1522.00	1199	1470	1483	1521
1	1	500	200000000	5	259740.259740	123.85	1079.42	1498.00	1208	1471	1494	1497
1	1	500	200000000	5	259470.679813	123.73	1024.99	1503.00	1141	1474	1501	1502
1	1	500	200000000	5	243546.030200	116.13	1184.74	1563.00	1277	1544	1557	1562
1	1	1000	33554432	0	148853.825543	141.96	199.03	315.00	194	262	305	313
1	1	1000	33554432	0	146156.094709	139.39	204.53	288.00	203	241	278	285
1	1	1000	33554432	0	157579.577687	150.28	185.39	297.00	183	244	283	295
1	1	1000	33554432	2	91877.986035	87.62	333.67	1787.00	199	1773	1784	1786
1	1	1000	33554432	2	135758.892207	129.47	219.55	569.00	203	557	567	568
1	1	1000	33554432	2	139082.058414	132.64	200.92	401.00	197	250	347	397
1	1	1000	33554432	5	150150.150150	143.19	196.21	275.00	200	235	255	273
1	1	1000	33554432	5	135244.793075	128.98	221.28	755.00	185	681	737	753
1	1	1000	33554432	5	129836.406128	123.82	231.47	710.00	201	689	709	709
1	1	1000	100000000	0	151011.778919	144.02	533.81	682.00	563	653	676	681
1	1	1000	100000000	0	145857.642940	139.10	553.29	727.00	560	721	725	726
1	1	1000	100000000	0	80671.184253	76.93	1093.10	3434.00	600	3405	3432	3434
1	1	1000	100000000	2	143307.537976	136.67	560.74	696.00	609	688	695	696
1	1	1000	100000000	2	145985.401460	139.22	554.25	696.00	625	670	690	695
1	1	1000	100000000	2	145518.044237	138.78	544.64	686.00	582	669	681	685
1	1	1000	100000000	5	127129.417747	121.24	651.87	1182.00	596	1172	1177	1181
1	1	1000	100000000	5	156347.717323	149.10	506.85	654.00	517	637	649	653
1	1	1000	100000000	5	146886.016451	140.08	547.89	692.00	605	685	690	692
1	1	1000	200000000	0	107342.206956	102.37	1194.95	2003.00	1370	1855	1977	2001
1	1	1000	200000000	0	64935.064935	61.93	2187.83	3732.00	2268	3691	3721	3730
1	1	1000	200000000	0	92919.531686	88.61	1495.17	2253.00	1855	2157	2242	2247
1	1	1000	200000000	2	98116.169545	93.57	1434.94	1988.00	1794	1962	1978	1985
1	1	1000	200000000	2	96153.846154	91.70	1397.20	2191.00	1598	2093	2185	2190
1	1	1000	200000000	2	103114.044133	98.34	1313.42	1968.00	1576	1917	1956	1966
1	1	1000	200000000	5	82304.526749	78.49	1841.54	2784.00	1707	2652	2745	2782
1	1	1000	200000000	5	115848.007414	110.48	1211.52	1803.00	1291	1788	1798	1802
1	1	1000	200000000	5	68455.640745	65.28	2483.60	5153.00	1316	5129	5151	5152
1	2	100	33554432	0	193393.672159	18.44	35.99	21771.00	1	360	496	510
1	2	100	33554432	0	1434308.663224	136.79	1.07	137.00	1	2	9	24
1	2	100	33554432	0	1441337.561257	137.46	0.79	135.00	1	1	4	11
1	2	100	33554432	2	1353179.972936	129.05	1.31	137.00	1	6	13	19
1	2	100	33554432	2	1151277.918490	109.79	63.37	801.00	1	776	795	799
1	2	100	33554432	2	1446340.757883	137.93	0.60	136.00	0	1	4	7
1	2	100	33554432	5	1417635.384179	135.20	1.52	138.00	1	5	30	36
1	2	100	33554432	5	1170686.022009	111.65	51.87	754.00	0	647	741	752
1	2	100	33554432	5	1422879.908936	135.70	1.27	137.00	1	4	22	31
1	2	100	100000000	0	1013993.104847	96.70	205.74	1135.00	1	985	1121	1133
1	2	100	100000000	0	1377410.468320	131.36	1.31	135.00	1	3	19	21
1	2	100	100000000	0	1315789.473684	125.48	10.93	259.00	1	96	123	133
1	2	100	100000000	2	1450536.698578	138.33	0.92	134.00	1	2	13	17
1	2	100	100000000	2	1323801.959227	126.25	7.48	139.00	0	82	129	134
1	2	100	100000000	2	1248751.248751	119.09	35.29	350.00	1	298	340	349
1	2	100	100000000	5	622045.284897	59.32	737.52	3416.00	192	3388	3407	3415
1	2	100	100000000	5	1403705.783268	133.87	0.66	135.00	1	1	3	17
1	2	100	100000000	5	1328374.070138	126.68	4.09	149.00	1	24	75	102
1	2	100	200000000	0	1067919.692439	101.84	217.89	1019.00	1	897	962	1012
1	2	100	200000000	0	1415628.539071	135.00	1.01	134.00	1	1	15	24
1	2	100	200000000	0	1429796.968830	136.36	0.72	135.00	1	1	2	12
1	2	100	200000000	2	946611.132147	90.28	101.08	667.00	1	541	633	666
1	2	100	200000000	2	626644.942975	59.76	542.02	1638.00	376	1503	1616	1634
1	2	100	200000000	2	379881.476979	36.23	3084.76	7681.00	1012	7458	7624	7661
1	2	100	200000000	5	1393145.723043	132.86	0.56	140.00	0	1	5	10
1	2	100	200000000	5	1323451.561673	126.21	14.16	174.00	1	140	161	173
1	2	100	200000000	5	1094331.363537	104.36	8.53	946.00	1	1	12	944
1	2	500	33554432	0	150285.542531	71.66	409.87	4328.00	139	4305	4327	4327
1	2	500	33554432	0	388500.388500	185.25	143.35	198.00	150	175	192	196
1	2	500	33554432	0	269179.004038	128.35	201.87	609.00	168	515	591	608
1	2	500	33554432	2	182415.176943	86.98	321.48	1259.00	247	1166	1213	1236
1	2	500	33554432	2	118623.962040	56.56	518.66	2402.00	356	2308	2365	2400
1	2	500	33554432	2	223964.165733	106.79	259.35	360.00	272	341	353	359
1	2	500	33554432	5	191241.155097	91.19	315.46	1111.00	287	956	1109	1110
1	2	500	33554432	5	161134.386078	76.83	369.04	2232.00	262	2150	2213	2231
1	2	500	33554432	5	194024.058983	92.52	300.13	1327.00	249	1027	1314	1325
1	2	500	100000000	0	227066.303361	108.27	658.97	949.00	804	928	945	948
1	2	500	100000000	0	210925.964986	100.58	741.74	1152.00	866	1065	1140	1152
1	2	500	100000000	0	199362.041467	95.06	761.85	1182.00	923	1129	1167	1179
1	2	500	100000000	2	131978.355550	62.93	1035.01	3585.00	930	2324	3559	3582
1	2	500	100000000	2	250438.266967	119.42	577.81	877.00	699	848	864	876
1	2	500	100000000	2	214041.095890	102.06	694.36	1046.00	822	994	1029	1045
1	2	500	100000000	5	197277.569540	94.07	779.76	1161.00	933	1105	1138	1142
1	2	500	100000000	5	190876.121397	91.02	881.41	2006.00	951	1876	1980	2005
1	2	500	100000000	5	110023.104852	52.46	1613.01	6541.00	499	6512	6536	6539
1	2	500	200000000	0	297088.532383	141.66	803.72	1190.00	966	1171	1180	1189
1	2	500	200000000	0	229357.798165	109.37	1015.66	1916.00	950	1758	1887	1915
1	2	500	200000000	0	220264.317181	105.03	1109.05	1896.00	1257	1854	1876	1895
1	2	500	200000000	2	86602.580757	41.30	4123.76	9350.00	1568	8943	9333	9348
1	2	500	200000000	2	318877.551020	152.05	778.02	1161.00	893	1136	1160	1161
1	2	500	200000000	2	287191.269385	136.94	895.08	1485.00	976	1386	1456	1484
1	2	500	200000000	5	217013.888889	103.48	1246.03	1987.00	1072	1949	1960	1985
1	2	500	200000000	5	162733.930024	77.60	1903.30	4112.00	842	4098	4110	4112
1	2	500	200000000	5	323939.099449	154.47	655.89	1082.00	798	1045	1073	1081
1	2	1000	33554432	0	118315.191671	112.83	244.30	411.00	258	359	391	406
1	2	1000	33554432	0	97789.947193	93.26	302.05	451.00	314	409	429	448
1	2	1000	33554432	0	50663.694397	48.32	623.49	5149.00	335	4999	5132	5148
1	2	1000	33554432	2	138888.888889	132.45	207.96	518.00	195	471	494	517
1	2	1000	33554432	2	114025.085519	108.74	265.41	1069.00	224	780	1066	1068
1	2	1000	33554432	2	116225.011623	110.84	258.64	1091.00	227	958	1061	1090
1	2	1000	33554432	5	102690.490861	97.93	289.72	385.00	303	358	378	382
1	2	1000	33554432	5	58997.050147	56.26	523.82	5203.00	155	5152	5188	5198
1	2	1000	33554432	5	137249.519627	130.89	214.71	492.00	211	416	470	491
1	2	1000	100000000	0	115633.672525	110.28	683.09	963.00	776	914	940	960
1	2	1000	100000000	0	107411.385607	102.44	731.89	1340.00	755	1258	1314	1336
1	2	1000	100000000	0	86415.485655	82.41	970.00	2257.00	796	2227	2253	2256
1	2	1000	100000000	2	95803.793830	91.37	851.52	1255.00	840	1222	1253	1254
1	2	1000	100000000	2	107526.881720	102.55	737.19	1044.00	841	996	1029	1042
1	2	1000	100000000	2	93179.276929	88.86	853.12	1197.00	983	1156	1177	1193
1	2	1000	100000000	5	60110.603510	57.33	1478.26	3101.00	1324	3019	3088	3097
1	2	1000	100000000	5	125786.163522	119.96	619.21	954.00	527	904	941	952
1	2	1000	100000000	5	111408.199643	106.25	714.88	1044.00	810	1012	1032	1041
1	2	1000	200000000	0	88323.617735	84.23	1662.62	2287.00	1694	2148	2248	2286
1	2	1000	200000000	0	77833.125778	74.23	1875.64	4205.00	1605	4127	4180	4201
1	2	1000	200000000	0	115233.924867	109.90	1115.08	1915.00	1400	1827	1891	1911
1	2	1000	200000000	2	110035.211268	104.94	1226.80	1885.00	1498	1819	1850	1882
1	2	1000	200000000	2	103092.783505	98.32	1297.39	2023.00	1633	1982	2005	2020
1	2	1000	200000000	2	82699.305326	78.87	1778.11	2289.00	1848	2110	2251	2288
1	2	1000	200000000	5	65608.187902	62.57	2452.26	4587.00	1455	4529	4572	4586
1	2	1000	200000000	5	125344.697919	119.54	1003.37	1714.00	1176	1580	1689	1713
1	2	1000	200000000	5	111037.086387	105.89	1179.46	1856.00	1453	1814	1840	1854
1	5	100	33554432	0	84590.918319	8.07	1.86	55596.00	1	6	18	32
1	5	100	33554432	0	1426126.640046	136.01	1.54	133.00	1	2	12	26
1	5	100	33554432	0	1413627.367826	134.81	1.26	141.00	1	2	6	24
1	5	100	33554432	2	1434308.663224	136.79	1.03	136.00	1	2	5	19
1	5	100	33554432	2	1399776.035834	133.49	1.25	146.00	1	2	15	24
1	5	100	33554432	2	1374381.528312	131.07	15.52	265.00	1	148	238	262
1	5	100	33554432	5	1340482.573727	127.84	34.56	457.00	1	240	307	322
1	5	100	33554432	5	1358695.652174	129.58	20.79	303.00	1	211	296	303
1	5	100	33554432	5	1270002.540005	121.12	34.17	530.00	1	396	506	528
1	5	100	100000000	0	1276161.306789	121.70	13.82	287.00	1	124	164	245
1	5	100	100000000	0	1264542.235711	120.60	55.08	670.00	1	410	614	661
1	5	100	100000000	0	1423690.205011	135.77	1.33	139.00	1	2	5	14
1	5	100	100000000	2	1464557.703574	139.67	1.00	138.00	1	2	4	15
1	5	100	100000000	2	1142857.142857	108.99	257.22	1370.00	1	1038	1178	1219
1	5	100	100000000	2	1277791.975466	121.86	69.85	704.00	1	465	643	702
1	5	100	100000000	5	1471020.888497	140.29	0.96	139.00	1	2	5	9
1	5	100	100000000	5	1494321.578004	142.51	1.03	137.00	1	2	7	14
1	5	100	100000000	5	1446759.259259	137.97	7.14	430.00	1	41	170	277
1	5	100	200000000	0	1448016.217782	138.09	2.29	144.00	1	2	48	80
1	5	100	200000000	0	1367614.879650	130.43	6.48	192.00	1	31	154	189
1	5	100	200000000	0	1472320.376914	140.41	2.70	131.00	1	13	35	41
1	5	100	200000000	2	793776.789967	75.70	281.64	1105.00	78	944	1066	1105
1	5	100	200000000	2	655307.994758	62.50	740.16	1721.00	683	1579	1681	1695
1	5	100	200000000	2	745600.954369	71.11	354.53	851.00	363	785	835	849
1	5	100	200000000	5	776276.975625	74.03	222.32	602.00	204	503	576	601
1	5	100	200000000	5	620347.394541	59.16	704.73	2419.00	241	2386	2415	2418
1	5	100	200000000	5	902038.607252	86.03	162.00	663.00	142	433	636	659
1	5	500	33554432	0	193199.381762	92.12	297.13	1270.00	302	1117	1249	1265
1	5	500	33554432	0	179051.029543	85.38	325.41	422.00	349	395	411	419
1	5	500	33554432	0	175254.118472	83.57	335.77	760.00	351	568	734	760
1	5	500	33554432	2	174155.346569	83.04	334.39	1194.00	348	1010	1170	1193
1	5	500	33554432	2	172294.968987	82.16	339.39	940.00	355	708	903	924
1	5	500	33554432	2	178094.390027	84.92	328.29	432.00	351	393	406	412
1	5	500	33554432	5	147666.863556	70.41	403.87	1926.00	325	1885	1909	1923
1	5	500	33554432	5	203376.042302	96.98	279.15	387.00	306	363	375	383
1	5	500	33554432	5	191497.510532	91.31	300.52	923.00	335	820	909	922
1	5	500	100000000	0	189825.360668	90.52	806.49	1078.00	997	1051	1063	1073
1	5	500	100000000	0	162972.620600	77.71	867.83	1766.00	1035	1169	1193	1764
1	5	500	100000000	0	159235.668790	75.93	1027.93	2182.00	979	2129	2169	2179
1	5	500	100000000	2	90464.990049	43.14	1026.27	7312.00	904	1059	7253	7260
1	5	500	100000000	2	209643.605870	99.97	822.64	2669.00	424	2559	2565	2574
1	5	500	100000000	2	350631.136045	167.19	361.73	658.00	400	628	649	656
1	5	500	100000000	5	280741.156654	133.87	456.90	821.00	551	796	810	819
1	5	500	100000000	5	240442.414042	114.65	619.93	1630.00	449	1507	1583	1628
1	5	500	100000000	5	205803.663305	98.13	718.79	1074.00	891	1026	1044	1074
1	5	500	200000000	0	185804.533631	88.60	1334.04	2240.00	1481	2185	2228	2237
1	5	500	200000000	0	179953.212165	85.81	1414.48	2339.00	1645	2278	2313	2335
1	5	500	200000000	0	178603.322022	85.16	1425.33	2326.00	1657	2271	2302	2316
1	5	500	200000000	2	174398.325776	83.16	1437.99	2388.00	1667	2339	2367	2386
1	5	500	200000000	2	139275.766017	66.41	1918.48	3850.00	1819	3790	3825	3847
1	5	500	200000000	2	66538.026482	31.73	5450.45	13240.00	996	13221	13237	13240
1	5	500	200000000	5	402252.614642	191.81	478.78	739.00	608	732	735	739
1	5	500	200000000	5	394477.317554	188.10	482.42	749.00	556	737	746	749
1	5	500	200000000	5	295945.546020	141.12	669.73	1406.00	694	1346	1381	1403
1	5	1000	33554432	0	132415.254237	126.28	221.03	371.00	239	304	359	370
1	5	1000	33554432	0	91290.852657	87.06	329.81	1408.00	272	1350	1393	1406
1	5	1000	33554432	0	71994.240461	68.66	427.37	2749.00	282	2659	2701	2748
1	5	1000	33554432	2	119817.876827	114.27	241.79	371.00	261	341	352	366
1	5	1000	33554432	2	94410.876133	90.04	317.54	817.00	292	685	759	767
1	5	1000	33554432	2	101522.842640	96.82	290.09	387.00	308	363	376	383
1	5	1000	33554432	5	91642.228739	87.40	325.56	444.00	336	415	427	441
1	5	1000	33554432	5	38077.831087	36.31	839.86	11186.00	116	11013	11182	11184
1	5	1000	33554432	5	196540.880503	187.44	140.36	210.00	143	189	206	209
1	5	1000	100000000	0	149164.677804	142.25	498.47	733.00	585	709	729	732
1	5	1000	100000000	0	128435.653737	122.49	582.87	865.00	688	840	856	863
1	5	1000	100000000	0	106067.034366	101.15	752.34	961.00	783	933	945	957
1	5	1000	100000000	2	80385.852090	76.66	1034.40	2436.00	861	2402	2434	2435
1	5	1000	100000000	2	103691.414351	98.89	756.19	1054.00	874	1009	1027	1039
1	5	1000	100000000	2	88605.351763	84.50	872.80	1446.00	960	1311	1430	1445
1	5	1000	100000000	5	87092.840968	83.06	924.56	1184.00	1077	1154	1168	1180
1	5	1000	100000000	5	73185.011710	69.79	1152.74	2535.00	1046	2502	2520	2531
1	5	1000	100000000	5	32522.440484	31.02	2887.17	12687.00	812	12552	12663	12685
1	5	1000	200000000	0	223114.680946	212.78	513.18	787.00	573	769	778	787
1	5	1000	200000000	0	188253.012048	179.53	577.25	1075.00	571	1042	1072	1074
1	5	1000	200000000	0	141683.196373	135.12	853.31	1484.00	956	1423	1456	1483
1	5	1000	200000000	2	119875.329657	114.32	1060.04	1813.00	1201	1778	1808	1812
1	5	1000	200000000	2	106405.618217	101.48	1244.37	2243.00	1510	2093	2213	2241
1	5	1000	200000000	2	96394.833237	91.93	1371.85	2154.00	1716	2105	2133	2151
1	5	1000	200000000	5	87183.958152	83.15	1568.44	2368.00	1581	2332	2356	2365
1	5	1000	200000000	5	86147.484493	82.16	1595.28	2817.00	2052	2683	2794	2815
1	5	1000	200000000	5	87275.266190	83.23	1569.91	2319.00	2070	2271	2298	2317
2	1	100	33554432	0	491014.435824	46.83	557.69	1538.00	471	1128	1452	1504
2	1	100	33554432	0	795165.394402	75.83	225.70	604.00	228	522	590	602
2	1	100	33554432	0	528597.103288	50.41	355.67	3798.00	52	3680	3760	3796
2	1	100	33554432	2	895575.855275	85.41	102.01	300.00	61	264	288	298
2	1	100	33554432	2	855139.387720	81.55	92.05	285.00	72	269	280	284
2	1	100	33554432	2	1026483.268323	97.89	18.21	136.00	2	80	101	112
2	1	100	33554432	5	809847.748623	77.23	196.87	1010.00	151	954	992	1009
2	1	100	33554432	5	913075.237400	87.08	162.52	457.00	125	407	440	456
2	1	100	33554432	5	828912.466844	79.05	146.86	621.00	126	457	609	620
2	1	100	100000000	0	611097.531166	58.28	639.37	3125.00	133	3078	3118	3124
2	1	100	100000000	0	1088850.174216	103.84	17.29	291.00	1	121	257	289
2	1	100	100000000	0	510360.314382	48.67	1075.79	3059.00	588	2929	3022	3057
2	1	100	100000000	2	646997.929607	61.70	612.45	1508.00	469	1437	1484	1507
2	1	100	100000000	2	707914.483930	67.51	415.64	1175.00	271	1105	1150	1171
2	1	100	100000000	2	711946.461626	67.90	420.45	1177.00	281	1068	1163	1169
2	1	100	100000000	5	620886.626102	59.21	589.76	2411.00	341	2336	2405	2410
2	1	100	100000000	5	764642.911760	72.92	295.17	874.00	188	775	863	872
2	1	100	100000000	5	708315.625443	67.55	454.16	1414.00	301	1256	1367	1406
2	1	100	200000000	0	629802.242096	60.06	677.00	2186.00	423	2074	2181	2184
2	1	100	200000000	0	493388.592856	47.05	1741.06	4391.00	490	4311	4371	4389
2	1	100	200000000	0	951474.785918	90.74	106.69	873.00	11	805	862	872
2	1	100	200000000	2	632591.093117	60.33	1050.30	2552.00	1482	2506	2542	2552
2	1	100	200000000	2	902853.015529	86.10	143.41	463.00	150	338	451	462
2	1	100	200000000	2	274891.417890	26.22	4961.53	13075.00	2237	12965	13056	13073
2	1	100	200000000	5	954927.425516	91.07	148.06	1031.00	1	945	1015	1029
2	1	100	200000000	5	456370.938299	43.52	2378.86	6142.00	2749	5964	6111	6141
2	1	100	200000000	5	1064962.726305	101.56	55.60	244.00	1	210	237	240
2	1	500	33554432	0	137061.403509	65.36	435.82	822.00	406	649	785	817
2	1	500	33554432	0	123961.819760	59.11	494.30	1021.00	532	900	1015	1020
2	1	500	33554432	0	99880.143827	47.63	618.86	3402.00	333	3292	3363	3392
2	1	500	33554432	2	198530.871551	94.67	294.47	585.00	297	395	560	584
2	1	500	33554432	2	156838.143036	74.79	385.89	1592.00	328	1546	1581	1591
2	1	500	33554432	2	187230.855645	89.28	317.84	501.00	331	425	473	500
2	1	500	33554432	5	163880.694854	78.14	358.83	655.00	367	475	595	649
2	1	500	33554432	5	167841.557570	80.03	355.95	748.00	353	664	721	747
2	1	500	33554432	5	151699.029126	72.34	393.24	732.00	391	654	699	731
2	1	500	100000000	0	148257.968866	70.69	1102.66	1464.00	1237	1408	1445	1459
2	1	500	100000000	0	103939.299449	49.56	1571.83	3128.00	1259	3059	3105	3128
2	1	500	100000000	0	211148.648649	100.68	756.76	1355.00	748	1267	1339	1355
2	1	500	100000000	2	182648.401826	87.09	859.11	1454.00	918	1390	1452	1453
2	1	500	100000000	2	162443.144899	77.46	966.21	1342.00	1133	1280	1318	1341
2	1	500	100000000	2	155908.949174	74.34	1031.74	1373.00	1176	1338	1360	1371
2	1	500	100000000	5	152741.713762	72.83	1089.65	1836.00	1217	1677	1804	1833
2	1	500	100000000	5	153491.941673	73.19	1035.97	1360.00	1243	1311	1333	1352
2	1	500	100000000	5	154631.204577	73.73	1063.79	1492.00	1211	1414	1487	1491
2	1	500	200000000	0	154416.306362	73.63	1799.80	2659.00	2274	2604	2644	2658
2	1	500	200000000	0	150217.815833	71.63	1767.53	2844.00	2072	2673	2831	2843
2	1	500	200000000	0	156128.024980	74.45	1695.96	2632.00	2012	2586	2616	2628
2	1	500	200000000	2	158052.789632	75.37	1703.40	2642.00	1917	2618	2636	2640
2	1	500	200000000	2	158679.784195	75.66	1695.40	2587.00	2089	2541	2566	2581
2	1	500	200000000	2	153421.294876	73.16	1756.85	2705.00	2169	2649	2693	2700
2	1	500	200000000	5	157803.376992	75.25	1703.49	2598.00	2052	2560	2577	2594
2	1	500	200000000	5	116468.669928	55.54	2694.14	5171.00	2435	5003	5099	5171
2	1	500	200000000	5	170386.777986	81.25	1386.46	2831.00	1532	2388	2462	2830
2	1	1000	33554432	0	93632.958801	89.30	311.48	591.00	318	422	538	586
2	1	1000	33554432	0	86385.625432	82.38	345.63	653.00	331	572	628	652
2	1	1000	33554432	0	79744.816587	76.05	379.17	807.00	371	648	780	801
2	1	1000	33554432	2	76010.945576	72.49	396.98	835.00	411	707	820	834
2	1	1000	33554432	2	76034.063260	72.51	407.67	740.00	403	611	710	737
2	1	1000	33554432	2	76312.576313	72.78	396.52	828.00	410	664	739	823
2	1	1000	33554432	5	75437.537719	71.94	402.66	527.00	417	501	515	523
2	1	1000	33554432	5	70382.882883	67.12	433.49	734.00	443	624	724	732
2	1	1000	33554432	5	65470.734582	62.44	458.62	2006.00	347	1965	2004	2005
2	1	1000	100000000	0	65172.054223	62.15	1350.03	4312.00	694	4285	4298	4311
2	1	1000	100000000	0	4627.829918	4.41	19218.16	80608.00	7934	70907	77984	80059
2	1	1000	100000000	0	136202.669572	129.89	597.08	755.00	622	741	746	754
2	1	1000	100000000	2	6938.373368	6.62	13338.08	27083.00	13520	26018	26903	27070
2	1	1000	100000000	2	115500.115500	110.15	729.36	1264.00	696	1221	1252	1263
2	1	1000	100000000	2	7318.501171	6.98	12727.11	29925.00	8026	29841	29886	29917
2	1	1000	100000000	5	117619.383674	112.17	611.55	1257.00	623	1223	1255	1257
2	1	1000	100000000	5	5915.829577	5.64	15524.11	28397.00	15042	28336	28381	28395
2	1	1000	100000000	5	124409.056979	118.65	662.14	941.00	727	887	940	941
2	1	1000	200000000	0	5653.742212	5.39	28112.57	40446.00	30597	35529	40089	40411
2	1	1000	200000000	0	122219.506233	116.56	1184.50	1657.00	1290	1647	1652	1656
2	1	1000	200000000	0	108506.944444	103.48	1167.91	1719.00	1388	1698	1718	1719
2	1	1000	200000000	2	139508.928571	133.05	1035.44	1403.00	1132	1388	1392	1401
2	1	1000	200000000	2	7531.595041	7.18	19661.40	38657.00	26913	31472	38652	38656
2	1	1000	200000000	2	126454.223571	120.60	1139.32	1594.00	1269	1561	1589	1593
2	1	1000	200000000	5	5711.805159	5.45	24447.28	50417.00	24777	38513	50376	50414
2	1	1000	200000000	5	125376.128385	119.57	1130.42	1565.00	1267	1526	1560	1565
2	1	1000	200000000	5	5625.942345	5.37	25313.34	43962.00	30054	36286	36923	40338
2	2	100	33554432	0	541887.937575	51.68	478.53	1528.00	31	497	551	590
2	2	100	33554432	0	815660.685155	77.79	218.51	727.00	256	667	710	725
2	2	100	33554432	0	986582.478295	94.09	67.68	354.00	1	42	78	81
2	2	100	33554432	2	955657.492355	91.14	84.12	338.00	32	295	327	337
2	2	100	33554432	2	1063151.180098	101.39	27.27	182.00	1	24	34	53
2	2	100	33554432	2	782962.730974	74.67	162.12	1855.00	48	1617	1852	1855
2	2	100	33554432	5	968616.815188	92.37	71.99	310.00	47	184	196	202
2	2	100	33554432	5	324149.108590	30.91	818.48	4995.00	828	4650	4911	4993
2	2	100	33554432	5	848032.564450	80.87	159.02	511.00	91	394	449	485
2	2	100	100000000	0	690894.016858	65.89	549.82	1019.00	541	873	995	1003
2	2	100	100000000	0	624687.656172	59.57	546.35	1765.00	245	1716	1737	1754
2	2	100	100000000	0	440917.107584	42.05	1423.77	5257.00	814	5171	5240	5255
2	2	100	100000000	2	825763.831544	78.75	337.70	941.00	271	866	931	939
2	2	100	100000000	2	810372.771475	77.28	246.15	1187.00	100	1031	1152	1185
2	2	100	100000000	2	618123.377426	58.95	606.79	2332.00	342	2004	2269	2307
2	2	100	100000000	5	615460.364353	58.69	663.48	1634.00	519	1598	1620	1629
2	2	100	100000000	5	612294.881215	58.39	770.60	1599.00	643	1557	1581	1590
2	2	100	100000000	5	587820.362097	56.06	1049.93	1608.00	980	1451	1577	1603
2	2	100	200000000	0	638732.754216	60.91	580.01	1580.00	506	1429	1552	1572
2	2	100	200000000	0	610351.562500	58.21	836.78	2235.00	651	2077	2186	2208
2	2	100	200000000	0	602046.959663	57.42	816.48	2093.00	653	1965	2040	2075
2	2	100	200000000	2	630676.084763	60.15	702.92	1890.00	518	1744	1849	1878
2	2	100	200000000	2	611695.620259	58.34	734.66	2233.00	531	1727	2190	2231
2	2	100	200000000	2	672043.010753	64.09	546.06	1427.00	590	1316	1395	1426
2	2	100	200000000	5	639795.265515	61.02	719.57	1924.00	469	1780	1916	1923
2	2	100	200000000	5	618429.189858	58.98	756.74	1929.00	644	1777	1881	1911
2	2	100	200000000	5	555000.555001	52.93	1218.11	3032.00	828	2964	3006	3020
2	2	500	33554432	0	125250.501002	59.72	482.78	1978.00	405	1608	1655	1673
2	2	500	33554432	0	166333.998669	79.31	356.39	470.00	375	436	453	464
2	2	500	33554432	0	151034.586920	72.02	395.57	1132.00	399	944	1111	1130
2	2	500	33554432	2	137193.030594	65.42	435.17	718.00	457	571	688	716
2	2	500	33554432	2	104318.798247	49.74	576.93	3289.00	404	703	929	956
2	2	500	33554432	2	153303.694619	73.10	393.40	493.00	403	468	478	491
2	2	500	33554432	5	145921.494236	69.58	418.20	1144.00	427	872	1084	1141
2	2	500	33554432	5	135519.718119	64.62	444.68	565.00	468	530	541	550
2	2	500	33554432	5	89919.971226	42.88	690.19	5170.00	437	5020	5125	5169
2	2	500	100000000	0	253292.806484	120.78	573.35	944.00	561	883	907	916
2	2	500	100000000	0	158679.784195	75.66	1021.65	1379.00	1026	1245	1293	1302
2	2	500	100000000	0	142633.005277	68.01	1110.66	1640.00	1263	1564	1593	1611
2	2	500	100000000	2	122955.858847	58.63	1311.79	2060.00	1456	1742	1941	2057
2	2	500	100000000	2	130140.551796	62.06	1240.77	1602.00	1425	1571	1588	1597
2	2	500	100000000	2	134300.295461	64.04	1201.20	1595.00	1400	1565	1575	1593
2	2	500	100000000	5	121315.055198	57.85	1370.16	2590.00	1344	2524	2551	2568
2	2	500	100000000	5	144133.756126	68.73	1108.76	1818.00	1283	1577	1751	1808
2	2	500	100000000	5	141622.999575	67.53	1135.93	1477.00	1308	1450	1464	1472
2	2	500	200000000	0	136202.669572	64.95	2028.79	3069.00	2081	2980	3019	3039
2	2	500	200000000	0	122549.019608	58.44	2328.81	3859.00	2470	3553	3570	3577
2	2	500	200000000	0	143719.459615	68.53	1867.86	2947.00	2273	2905	2925	2945
2	2	500	200000000	2	142045.454545	67.73	1904.71	2973.00	2355	2908	2946	2972
2	2	500	200000000	2	140825.235882	67.15	1901.58	2923.00	2345	2863	2898	2905
2	2	500	200000000	2	115968.920329	55.30	2067.23	4271.00	2601	3075	4238	4269
2	2	500	200000000	5	145243.282498	69.26	1852.65	2877.00	2317	2831	2860	2873
2	2	500	200000000	5	109027.474924	51.99	2701.52	5272.00	2303	4446	4591	4624
2	2	500	200000000	5	176242.509693	84.04	1433.18	2408.00	1666	2358	2385	2405
2	2	1000	33554432	0	74371.560315	70.93	409.08	1046.00	374	943	1028	1044
2	2	1000	33554432	0	70921.985816	67.64	429.72	702.00	414	609	658	701
2	2	1000	33554432	0	67449.075948	64.32	453.28	1049.00	453	690	931	1043
2	2	1000	33554432	2	61919.504644	59.05	495.23	1742.00	430	1689	1717	1740
2	2	1000	33554432	2	59227.671168	56.48	519.88	1916.00	448	1829	1883	1909
2	2	1000	33554432	2	72547.881602	69.19	417.91	545.00	434	516	532	544
2	2	1000	33554432	5	48178.839854	45.95	533.86	2570.00	432	2126	2441	2568
2	2	1000	33554432	5	67567.567568	64.44	449.14	3530.00	405	2258	3500	3527
2	2	1000	33554432	5	5500.005500	5.25	5917.59	66274.00	153	56179	65648	66103
2	2	1000	100000000	0	6413.380878	6.12	12304.55	41448.00	399	39430	41175	41426
2	2	1000	100000000	0	158679.784195	151.33	508.58	775.00	466	748	766	773
2	2	1000	100000000	0	7857.681670	7.49	11640.94	42374.00	337	34873	41837	42347
2	2	1000	100000000	2	137627.305257	131.25	599.67	1486.00	472	1332	1462	1485
2	2	1000	100000000	2	5665.722380	5.40	15820.24	47647.00	1791	45778	47333	47636
2	2	1000	100000000	2	7857.928650	7.49	12119.42	50459.00	299	49678	50413	50458
2	2	1000	100000000	5	125502.008032	119.69	645.85	1820.00	520	1456	1817	1820
2	2	1000	100000000	5	9073.586789	8.65	4141.92	38535.00	729	17414	31921	37978
2	2	1000	100000000	5	6228.356461	5.94	10161.81	38947.00	556	26504	32703	38774
2	2	1000	200000000	0	5722.788142	5.46	18014.17	71736.00	588	69599	71149	71711
2	2	1000	200000000	0	5915.619602	5.64	20506.80	73962.00	1490	65857	73545	73937
2	2	1000	200000000	0	6063.840109	5.78	18240.08	74112.00	733	73786	73942	74048
2	2	1000	200000000	2	6250.468785	5.96	19241.24	71799.00	756	71476	71669	71788
2	2	1000	200000000	2	7794.596786	7.43	16650.17	55746.00	757	55278	55597	55653
2	2	1000	200000000	2	154320.987654	147.17	925.22	1367.00	1003	1309	1358	1362
2	2	1000	200000000	5	6291.365730	6.00	22672.07	58411.00	562	58290	58391	58408
2	2	1000	200000000	5	4888.111136	4.66	22830.67	73879.00	656	72841	73390	73772
2	2	1000	200000000	5	8107.669856	7.73	12423.82	48801.00	1043	44793	44952	48701
2	5	100	33554432	0	1051082.615094	100.24	14.08	150.00	6	71	90	101
2	5	100	33554432	0	1095050.372317	104.43	36.91	380.00	2	164	205	230
2	5	100	33554432	0	1067463.706234	101.80	45.99	614.00	2	545	604	613
2	5	100	33554432	2	1186239.620403	113.13	9.59	139.00	2	45	122	138
2	5	100	33554432	2	1321353.065539	126.01	34.85	397.00	1	363	390	394
2	5	100	33554432	2	1366493.577480	130.32	1.37	144.00	1	5	10	12
2	5	100	33554432	5	675037.127042	64.38	246.33	1870.00	114	1775	1826	1869
2	5	100	33554432	5	503524.672709	48.02	478.66	1566.00	1	9	38	46
2	5	100	33554432	5	547945.205479	52.26	446.28	1168.00	1	87	124	133
2	5	100	100000000	0	257440.016476	24.55	2465.78	14900.00	1	72	211	239
2	5	100	100000000	0	869111.767773	82.88	79.39	1354.00	1	767	1234	1353
2	5	100	100000000	0	314287.510214	29.97	2252.41	5172.00	3729	5055	5145	5164
2	5	100	100000000	2	528038.863660	50.36	977.42	3021.00	1583	2980	3005	3016
2	5	100	100000000	2	554692.700244	52.90	841.97	2938.00	1	148	170	180
2	5	100	100000000	2	535274.595868	51.05	1006.15	3675.00	1634	3285	3617	3673
2	5	100	100000000	5	545256.270447	52.00	946.99	2962.00	1550	2920	2944	2954
2	5	100	100000000	5	516155.672551	49.22	995.36	3140.00	1094	3051	3099	3132
2	5	100	100000000	5	628614.533568	59.95	620.67	2746.00	791	2591	2727	2745
2	5	100	200000000	0	559973.121290	53.40	900.86	3441.00	1249	3309	3404	3428
2	5	100	200000000	0	493339.911199	47.05	1473.53	4335.00	121	1924	2158	2216
2	5	100	200000000	0	589622.641509	56.23	772.44	3093.00	1004	2942	3061	3092
2	5	100	200000000	2	518027.351844	49.40	1187.79	2873.00	1912	2744	2853	2873
2	5	100	200000000	2	524438.850430	50.01	803.19	4125.00	1	148	176	191
2	5	100	200000000	2	595805.529075	56.82	680.54	3052.00	866	2870	3010	3051
2	5	100	200000000	5	522903.158335	49.87	993.39	3848.00	1	362	396	406
2	5	100	200000000	5	493583.415597	47.07	1188.04	4151.00	86	515	582	598
2	5	100	200000000	5	461339.730578	44.00	1203.56	4875.00	1627	4744	4836	4873
2	5	500	33554432	0	134300.295461	64.04	431.90	948.00	487	923	939	945
2	5	500	33554432	0	118105.586394	56.32	497.73	1535.00	569	1036	1400	1529
2	5	500	33554432	0	87673.154480	41.81	711.70	7509.00	156	6634	7418	7508
2	5	500	33554432	2	280819.994384	133.91	202.95	1249.00	117	958	1199	1242
2	5	500	33554432	2	105285.323226	50.20	553.28	1310.00	387	1268	1286	1307
2	5	500	33554432	2	98444.575704	46.94	608.31	2395.00	669	2255	2340	2368
2	5	500	33554432	5	117495.006462	56.03	502.07	1038.00	582	1001	1019	1024
2	5	500	33554432	5	115207.373272	54.94	512.90	1076.00	600	1030	1054	1058
2	5	500	33554432	5	107538.444994	51.28	553.31	1858.00	611	1796	1827	1846
2	5	500	100000000	0	120048.019208	57.24	1250.46	2859.00	962	2785	2835	2855
2	5	500	100000000	0	122249.388753	58.29	1256.71	3566.00	786	3087	3466	3560
2	5	500	100000000	0	117178.345442	55.87	1287.00	2882.00	863	2803	2854	2880
2	5	500	100000000	2	116686.114352	55.64	1315.73	3090.00	1165	2602	2963	3047
2	5	500	100000000	2	121462.407385	57.92	1225.13	2931.00	734	2872	2913	2928
2	5	500	100000000	2	121432.908318	57.90	1231.57	2819.00	812	2735	2801	2816
2	5	500	100000000	5	110035.211268	52.47	1371.84	3171.00	1001	3126	3152	3169
2	5	500	100000000	5	114810.562572	54.75	1319.77	3117.00	888	2906	3001	3108
2	5	500	100000000	5	126790.921770	60.46	1195.16	2033.00	1216	1927	2003	2023
2	5	500	200000000	0	110095.783331	52.50	2182.27	4847.00	1778	4718	4824	4845
2	5	500	200000000	0	112195.669247	53.50	2192.06	4553.00	1832	4430	4515	4546
2	5	500	200000000	0	118049.817023	56.29	2169.92	3901.00	1813	3776	3864	3898
2	5	500	200000000	2	125786.163522	59.98	1869.63	4175.00	1550	4039	4125	4163
2	5	500	200000000	2	116360.251338	55.48	2032.52	4635.00	1663	4480	4588	4634
2	5	500	200000000	2	102923.013586	49.08	2125.57	5588.00	1709	4523	5557	5570
2	5	500	200000000	5	117288.294628	55.93	2000.55	4516.00	1652	4356	4466	4500
2	5	500	200000000	5	110656.191214	52.76	2158.54	4772.00	1758	4615	4739	4770
2	5	500	200000000	5	107192.625147	51.11	2271.11	4890.00	1887	4760	4855	4888
2	5	1000	33554432	0	58906.691800	56.18	503.90	1036.00	570	1002	1023	1032
2	5	1000	33554432	0	56028.686688	53.43	532.08	1081.00	638	1034	1054	1069
2	5	1000	33554432	0	15902.802074	15.17	2036.25	26397.00	167	25675	26277	26395
2	5	1000	33554432	2	48211.358596	45.98	605.28	4993.00	199	4818	4831	4840
2	5	1000	33554432	2	42365.700729	40.40	712.07	1445.00	707	1383	1416	1443
2	5	1000	33554432	2	46133.973058	44.00	653.43	1389.00	791	1264	1322	1387
2	5	1000	33554432	5	4433.017111	4.23	5049.54	102728.00	548	28739	102598	102723
2	5	1000	33554432	5	40413.837698	38.54	772.08	7946.00	166	7915	7940	7945
2	5	1000	33554432	5	3825.437630	3.65	8470.65	105188.00	2117	83296	103843	105052
2	5	1000	100000000	0	184162.062615	175.63	405.66	545.00	416	522	542	545
2	5	1000	100000000	0	5617.409475	5.36	16092.92	40077.00	16085	37850	38976	39521
2	5	1000	100000000	0	192901.234568	183.96	376.19	598.00	384	571	594	597
2	5	1000	100000000	2	47528.517110	45.33	1932.75	8715.00	352	8694	8709	8713
2	5	1000	100000000	2	186776.242062	178.12	390.05	541.00	395	519	538	540
2	5	1000	100000000	2	5612.680167	5.35	16610.08	48715.00	10625	46474	47603	48429
2	5	1000	100000000	5	187828.700225	179.13	390.00	541.00	401	510	533	539
2	5	1000	100000000	5	178380.306814	170.12	419.16	617.00	416	596	611	615
2	5	1000	100000000	5	50869.874860	48.51	1808.98	8139.00	366	8066	8133	8138
2	5	1000	200000000	0	13718.926631	13.08	675.11	34169.00	729	920	942	944
2	5	1000	200000000	0	8745.386808	8.34	19160.62	48573.00	16809	47124	48272	48522
2	5	1000	200000000	0	197628.458498	188.47	642.09	864.00	744	839	851	863
2	5	1000	200000000	2	17356.289919	16.55	9259.30	27167.00	2648	27077	27159	27166
2	5	1000	200000000	2	93005.952381	88.70	1187.03	3921.00	591	3881	3905	3919
2	5	1000	200000000	2	191791.331032	182.91	610.67	1033.00	665	988	1024	1029
2	5	1000	200000000	5	154894.671623	147.72	636.42	961.00	712	922	948	960
2	5	1000	200000000	5	204666.393778	195.19	591.81	853.00	698	824	847	852
2	5	1000	200000000	5	195771.339076	186.70	594.17	906.00	643	875	903	905
5	1	100	33554432	0	275284.919892	26.25	1042.46	2709.00	811	2265	2562	2692
5	1	100	33554432	0	493388.592856	47.05	544.92	1244.00	483	1049	1194	1240
5	1	100	33554432	0	292107.261787	27.86	848.74	4830.00	422	1584	4744	4798
5	1	100	33554432	2	319101.410428	30.43	813.58	2844.00	857	967	2803	2841
5	1	100	33554432	2	373608.309049	35.63	741.32	1804.00	752	1708	1757	1800
5	1	100	33554432	2	354635.080502	33.82	774.14	968.00	857	922	940	956
5	1	100	33554432	5	361873.054932	34.51	762.82	1608.00	746	1429	1506	1556
5	1	100	33554432	5	375206.363500	35.78	722.29	923.00	803	874	899	919
5	1	100	33554432	5	369276.218612	35.22	742.35	1040.00	821	902	991	1019
5	1	100	100000000	0	338524.035206	32.28	2147.83	4975.00	2086	4710	4891	4964
5	1	100	100000000	0	390259.132064	37.22	1768.74	2585.00	2239	2510	2533	2579
5	1	100	100000000	0	325436.084353	31.04	2336.51	5546.00	2393	5270	5483	5538
5	1	100	100000000	2	429368.827823	40.95	1479.36	2533.00	1739	2468	2496	2521
5	1	100	100000000	2	329597.890574	31.43	2324.93	5163.00	2285	4959	5096	5163
5	1	100	100000000	2	384941.104011	36.71	1651.49	3576.00	2037	2464	3538	3569
5	1	100	100000000	5	376222.723853	35.88	1885.63	2742.00	2308	2610	2652	2738
5	1	100	100000000	5	368541.313481	35.15	1923.83	2692.00	2347	2652	2667	2684
5	1	100	100000000	5	321212.899910	30.63	2381.27	5830.00	1985	4580	4724	5797
5	1	100	200000000	0	417571.404710	39.82	2068.61	4162.00	2223	4010	4139	4156
5	1	100	200000000	0	253923.112082	24.22	5552.09	13158.00	2996	13016	13138	13157
5	1	100	200000000	0	438327.342860	41.80	1594.66	4594.00	963	4150	4503	4587
5	1	100	200000000	2	171209.423367	16.33	9146.39	19811.00	7963	19405	19661	19810
5	1	100	200000000	2	416979.401218	39.77	1736.43	4907.00	1002	4622	4825	4900
5	1	100	200000000	2	189451.348894	18.07	8039.26	19242.00	4756	18546	19207	19242
5	1	100	200000000	5	823451.910408	78.53	200.03	1374.00	28	1324	1363	1372
5	1	100	200000000	5	747607.655502	71.30	287.90	1181.00	159	1115	1170	1180
5	1	100	200000000	5	644662.197009	61.48	633.95	1827.00	441	1657	1773	1821
5	1	500	33554432	0	134282.261313	64.03	450.67	826.00	483	773	823	825
5	1	500	33554432	0	136407.038603	65.04	440.94	674.00	459	536	662	674
5	1	500	33554432	0	137438.152831	65.54	439.66	856.00	460	669	823	852
5	1	500	33554432	2	8791.595235	4.19	7358.32	60062.00	466	38478	55634	59894
5	1	500	33554432	2	5942.476824	2.83	10505.89	32943.00	5449	26060	31046	32597
5	1	500	33554432	2	5634.469430	2.69	11223.83	32647.00	11284	25312	30867	32501
5	1	500	33554432	5	7503.902029	3.58	8304.45	29048.00	5411	22329	28685	29014
5	1	500	33554432	5	11008.245176	5.25	5696.49	21147.00	1640	19510	20913	21124
5	1	500	33554432	5	6874.789460	3.28	9074.42	28645.00	8402	24729	27752	28585
5	1	500	100000000	0	8995.556195	4.29	20173.58	51161.00	18099	43711	50664	50971
5	1	500	100000000	0	12080.650422	5.76	15644.86	50352.00	17316	44275	49367	50345
5	1	500	100000000	0	25924.869728	12.36	7280.00	28710.00	1641	19199	26758	28709
5	1	500	100000000	2	149880.095923	71.47	1154.31	2314.00	951	2248	2308	2312
5	1	500	100000000	2	138484.974380	66.03	1122.68	2137.00	819	2085	2106	2127
5	1	500	100000000	2	141683.196373	67.56	1172.20	2311.00	1108	2255	2303	2310
5	1	500	100000000	5	141402.714932	67.43	1141.13	1683.00	1344	1586	1652	1677
5	1	500	100000000	5	128435.653737	61.24	1262.46	2275.00	1372	2138	2248	2274
5	1	500	100000000	5	133226.751932	63.53	1230.23	2306.00	1338	2141	2284	2305
5	1	500	200000000	0	133743.480005	63.77	2071.28	2995.00	2561	2925	2980	2989
5	1	500	200000000	0	134789.055129	64.27	2020.73	3285.00	2534	3129	3200	3283
5	1	500	200000000	0	138561.729250	66.07	2011.12	3105.00	2547	3036	3089	3104
5	1	500	200000000	2	138197.899392	65.90	1976.25	3110.00	2528	2882	3084	3101
5	1	500	200000000	2	140232.786425	66.87	2008.19	3205.00	2631	3018	3179	3204
5	1	500	200000000	2	126694.539465	60.41	2328.69	3840.00	2459	3808	3829	3836
5	1	500	200000000	5	147579.693034	70.37	1841.28	2717.00	2114	2668	2694	2714
5	1	500	200000000	5	113288.773083	54.02	2759.72	5440.00	2390	5202	5408	5434
5	1	500	200000000	5	170010.200612	81.07	1572.00	2374.00	1895	2350	2369	2372
5	1	1000	33554432	0	78333.072223	74.70	387.57	1114.00	372	992	1092	1111
5	1	1000	33554432	0	71103.526735	67.81	428.04	1249.00	430	1090	1221	1247
5	1	1000	33554432	0	6585.272696	6.28	4918.98	49204.00	451	32358	46868	48936
5	1	1000	33554432	2	3685.820648	3.52	8826.97	26525.00	8137	22621	25398	26335
5	1	1000	33554432	2	3732.485313	3.56	8682.61	33562.00	5721	26882	32623	33448
5	1	1000	33554432	2	4170.280910	3.98	7791.04	27670.00	3714	22430	25998	27515
5	1	1000	33554432	5	8101.233008	7.73	4020.12	30735.00	506	21480	29256	30618
5	1	1000	33554432	5	134807.225667	128.56	220.90	549.00	200	487	533	547
5	1	1000	33554432	5	95165.588123	90.76	316.84	1019.00	259	900	1001	1018
5	1	1000	100000000	0	45339.136743	43.24	2029.47	6852.00	981	6731	6821	6851
5	1	1000	100000000	0	101812.258196	97.10	775.47	1381.00	701	1364	1372	1380
5	1	1000	100000000	0	65172.054223	62.15	1261.62	1766.00	1449	1702	1723	1763
5	1	1000	100000000	2	61957.868649	59.09	1350.00	1615.00	1515	1563	1589	1612
5	1	1000	100000000	2	63946.796266	60.98	1301.18	1639.00	1445	1591	1626	1634
5	1	1000	100000000	2	65547.981122	62.51	1262.49	1947.00	1402	1773	1890	1934
5	1	1000	100000000	5	66871.740003	63.77	1246.26	1661.00	1418	1569	1645	1660
5	1	1000	100000000	5	68653.027599	65.47	1227.24	1751.00	1373	1559	1718	1748
5	1	1000	100000000	5	69988.801792	66.75	1185.52	1691.00	1300	1482	1632	1690
5	1	1000	200000000	0	67024.128686	63.92	2175.45	2946.00	2568	2858	2909	2936
5	1	1000	200000000	0	67204.301075	64.09	2170.10	2965.00	2619	2920	2939	2963
5	1	1000	200000000	0	72811.999418	69.44	1986.77	2989.00	2524	2800	2963	2989
5	1	1000	200000000	2	59354.226021	56.60	2035.51	4475.00	2472	3776	4395	4458
5	1	1000	200000000	2	81300.813008	77.53	1771.68	3028.00	2192	2887	3019	3027
5	1	1000	200000000	2	73833.431778	70.41	1925.63	2778.00	2421	2729	2757	2776
5	1	1000	200000000	5	4869.118105	4.64	30775.26	71628.00	42267	66880	69734	71417
5	1	1000	200000000	5	3783.264352	3.61	44061.00	58203.00	53189	58136	58167	58199
5	1	1000	200000000	5	3683.376920	3.51	43271.74	59180.00	44694	59063	59147	59174
5	2	100	33554432	0	217760.550499	20.77	1301.08	3687.00	1133	3267	3568	3657
5	2	100	33554432	0	429737.859905	40.98	643.62	1920.00	802	1624	1824	1917
5	2	100	33554432	0	527704.485488	50.33	458.03	2252.00	833	2045	2241	2250
5	2	100	33554432	2	822774.395261	78.47	125.98	579.00	38	511	550	578
5	2	100	33554432	2	271399.880584	25.88	953.39	14072.00	20	13917	14022	14070
5	2	100	33554432	2	803729.303970	76.65	176.07	572.00	86	486	514	535
5	2	100	33554432	5	611097.531166	58.28	338.71	780.00	389	591	743	778
5	2	100	33554432	5	641190.048730	61.15	326.14	764.00	305	671	729	761
5	2	100	33554432	5	599808.061420	57.20	433.42	688.00	332	379	414	430
5	2	100	100000000	0	570906.599680	54.45	1244.11	1584.00	1333	1477	1502	1538
5	2	100	100000000	0	568763.508133	54.24	792.40	2503.00	563	2407	2426	2439
5	2	100	100000000	0	650195.058518	62.01	539.19	1439.00	400	1379	1413	1434
5	2	100	100000000	2	614703.712810	58.62	670.14	1560.00	568	1508	1542	1552
5	2	100	100000000	2	580517.821897	55.36	1190.50	1913.00	1256	1581	1851	1885
5	2	100	100000000	2	650364.203954	62.02	637.54	1430.00	536	1375	1419	1428
5	2	100	100000000	5	648760.866745	61.87	597.54	1448.00	435	1395	1423	1439
5	2	100	100000000	5	564334.085779	53.82	1134.67	1500.00	1362	1452	1476	1487
5	2	100	100000000	5	568117.259402	54.18	1164.80	1913.00	1168	1668	1866	1912
5	2	100	200000000	0	625000.000000	59.60	642.27	1691.00	506	1564	1657	1684
5	2	100	200000000	0	573263.013070	54.67	1197.42	2744.00	787	2449	2593	2645
5	2	100	200000000	0	601467.580897	57.36	902.02	1949.00	1289	1827	1904	1924
5	2	100	200000000	2	666133.759659	63.53	484.95	1442.00	261	1296	1412	1420
5	2	100	200000000	2	548426.017330	52.30	1057.90	2935.00	704	2902	2919	2934
5	2	100	200000000	2	513874.614594	49.01	1595.18	4003.00	3134	3800	3947	4000
5	2	100	200000000	5	717051.484297	68.38	337.53	1210.00	183	1025	1121	1209
5	2	100	200000000	5	640614.990391	61.09	626.90	1693.00	416	1483	1583	1617
5	2	100	200000000	5	640697.078421	61.10	515.04	1466.00	345	1397	1445	1465
5	2	500	33554432	0	120612.712580	57.51	501.91	1592.00	457	1468	1501	1511
5	2	500	33554432	0	143533.802210	68.44	418.27	522.00	453	500	511	515
5	2	500	33554432	0	134264.232009	64.02	444.92	877.00	476	785	873	876
5	2	500	33554432	2	134120.171674	63.95	445.34	605.00	542	583	593	603
5	2	500	33554432	2	94250.706880	44.94	624.34	3303.00	493	3141	3280	3298
5	2	500	33554432	2	5984.547897	2.85	10530.15	55322.00	334	47598	50028	50032
5	2	500	33554432	5	4570.801719	2.18	14080.33	56159.00	26445	45953	53021	56064
5	2	500	33554432	5	6273.407652	2.99	9539.99	30296.00	16158	27222	29295	30164
5	2	500	33554432	5	5939.088706	2.83	10134.36	33844.00	1442	14369	16022	16064
5	2	500	100000000	0	7619.105669	3.63	22403.43	39358.00	27021	35822	36163	36278
5	2	500	100000000	0	11092.131242	5.29	13597.19	52242.00	27326	46245	51644	52204
5	2	500	100000000	0	12412.646004	5.92	15338.84	66700.00	32258	64410	66209	66657
5	2	500	100000000	2	132855.055135	63.35	1273.75	2437.00	914	1584	1724	1745
5	2	500	100000000	2	24784.990210	11.82	3027.89	31968.00	2246	31766	31957	31966
5	2	500	100000000	2	35922.120842	17.13	5262.38	22589.00	3177	22177	22507	22580
5	2	500	100000000	5	200400.801603	95.56	681.78	1470.00	925	1177	1250	1467
5	2	500	100000000	5	175994.368180	83.92	912.39	1299.00	934	1205	1262	1275
5	2	500	100000000	5	101605.364763	48.45	1617.70	4611.00	748	2887	2984	3002
5	2	500	200000000	0	145964.092833	69.60	1796.95	3073.00	1957	2964	3040	3065
5	2	500	200000000	0	117219.552221	55.89	2430.67	3426.00	3103	3395	3405	3417
5	2	500	200000000	0	128816.179312	61.42	2145.54	3040.00	2777	3004	3025	3037
5	2	500	200000000	2	134843.581446	64.30	2047.67	3018.00	2689	2956	2987	3002
5	2	500	200000000	2	132450.331126	63.16	2098.12	3030.00	2542	2997	3011	3019
5	2	500	200000000	2	131268.049357	62.59	2141.21	3043.00	2844	2993	3007	3011
5	2	500	200000000	5	129718.510831	61.85	2125.77	3176.00	2770	3134	3153	3173
5	2	500	200000000	5	121951.219512	58.15	2235.81	3759.00	2575	3473	3658	3755
5	2	500	200000000	5	127469.725940	60.78	2213.16	3348.00	2839	3230	3331	3347
5	2	1000	33554432	0	63686.154630	60.74	477.02	1275.00	438	821	1145	1266
5	2	1000	33554432	0	59701.492537	56.94	514.93	1701.00	459	1630	1669	1697
5	2	1000	33554432	0	3561.710191	3.40	8020.88	106328.00	443	82497	106260	106318
5	2	1000	33554432	2	3145.702656	3.00	10237.99	40015.00	7269	27400	39843	40004
5	2	1000	33554432	2	3335.245541	3.18	9261.32	57877.00	347	42564	48210	57478
5	2	1000	33554432	2	13976.240391	13.33	2314.96	26426.00	350	25814	26399	26422
5	2	1000	33554432	5	51376.900945	49.00	571.15	1405.00	556	1261	1341	1373
5	2	1000	33554432	5	42863.266181	40.88	720.68	3491.00	572	2792	3399	3467
5	2	1000	33554432	5	66782.422866	63.69	453.79	666.00	470	613	649	664
5	2	1000	100000000	0	56350.726924	53.74	1427.97	2792.00	1445	2532	2772	2788
5	2	1000	100000000	0	70751.379652	67.47	1158.12	1486.00	1304	1444	1463	1475
5	2	1000	100000000	0	48351.223286	46.11	1767.32	5011.00	1453	4784	4958	5002
5	2	1000	100000000	2	70067.264574	66.82	1105.48	2250.00	1056	2166	2215	2241
5	2	1000	100000000	2	69252.077562	66.04	1175.33	1607.00	1298	1568	1596	1606
5	2	1000	100000000	2	63403.499873	60.47	1306.89	2161.00	1424	1921	2126	2156
5	2	1000	100000000	5	61606.702809	58.75	1342.80	1684.00	1495	1640	1655	1670
5	2	1000	100000000	5	61177.046372	58.34	1349.77	1740.00	1525	1674	1692	1736
5	2	1000	100000000	5	57570.523892	54.90	1468.23	1807.00	1524	1629	1741	1806
5	2	1000	200000000	0	66015.315553	62.96	2163.20	2984.00	2836	2936	2958	2977
5	2	1000	200000000	0	46129.716764	43.99	2786.79	7059.00	2749	6780	6996	7048
5	2	1000	200000000	0	84990.651028	81.05	1659.99	2751.00	1845	2578	2712	2738
5	2	1000	200000000	2	71571.714858	68.26	1889.95	3553.00	2122	3314	3503	3514
5	2	1000	200000000	2	56053.811659	53.46	2579.95	3658.00	3349	3592	3620	3632
5	2	1000	200000000	2	4217.096108	4.02	29035.64	96476.00	10174	79358	96007	96471
5	2	1000	200000000	5	3343.743521	3.19	45878.37	82174.00	48954	78395	82059	82158
5	2	1000	200000000	5	3152.545365	3.01	38573.41	104874.00	29945	89462	103479	104685
5	2	1000	200000000	5	3621.640023	3.45	47338.46	87231.00	51489	81136	85802	86967
5	5	100	33554432	0	146864.444118	14.01	1836.60	4066.00	1279	3478	3644	3684
5	5	100	33554432	0	291868.542408	27.83	931.59	2011.00	419	1392	1492	1548
5	5	100	33554432	0	360438.292964	34.37	763.60	2020.00	1286	1872	1996	2017
5	5	100	33554432	2	532992.218314	50.83	419.64	1430.00	323	896	1063	1120
5	5	100	33554432	2	408563.490766	38.96	523.24	2838.00	498	832	2678	2694
5	5	100	33554432	2	588512.241055	56.12	398.65	849.00	430	572	664	712
5	5	100	33554432	5	474248.316418	45.23	494.45	1963.00	506	737	853	877
5	5	100	33554432	5	541184.110835	51.61	438.51	852.00	471	704	776	788
5	5	100	33554432	5	556854.883617	53.11	430.88	928.00	481	811	907	924
5	5	100	100000000	0	505561.172902	48.21	1227.88	2162.00	1374	1579	1646	1698
5	5	100	100000000	0	615233.173373	58.67	728.63	1595.00	688	1505	1559	1591
5	5	100	100000000	0	551632.833186	52.61	884.61	2097.00	545	1914	2000	2026
5	5	100	100000000	2	596658.711217	56.90	652.54	2128.00	516	1512	1998	2082
5	5	100	100000000	2	608642.726719	58.04	722.48	1642.00	561	1528	1563	1573
5	5	100	100000000	2	568440.200091	54.21	931.95	1982.00	921	1733	1869	1950
5	5	100	100000000	5	538909.247683	51.39	1050.51	2183.00	982	1806	2108	2134
5	5	100	100000000	5	551024.906326	52.55	1105.20	1774.00	1351	1674	1760	1770
5	5	100	100000000	5	588650.812338	56.14	785.20	1622.00	631	1561	1586	1596
5	5	100	200000000	0	606354.596168	57.83	848.12	2095.00	652	1901	2070	2078
5	5	100	200000000	0	596018.595780	56.84	865.42	2195.00	758	1940	2083	2114
5	5	100	200000000	0	583362.501458	55.63	892.54	2530.00	692	2377	2499	2527
5	5	100	200000000	2	581936.685289	55.50	1005.23	2350.00	831	2100	2251	2308
5	5	100	200000000	2	573723.465290	54.71	1102.42	2916.00	910	2675	2876	2914
5	5	100	200000000	2	485389.767984	46.29	1619.18	3713.00	1041	3605	3678	3712
5	5	100	200000000	5	581801.256691	55.48	924.00	2387.00	659	2138	2302	2336
5	5	100	200000000	5	564270.398375	53.81	1123.50	2286.00	984	2090	2211	2238
5	5	100	200000000	5	574778.710197	54.82	1167.81	2313.00	1062	2206	2271	2293
5	5	500	33554432	0	129282.482224	61.65	457.17	961.00	486	695	891	956
5	5	500	33554432	0	133297.787257	63.56	448.17	744.00	480	665	694	727
5	5	500	33554432	0	128849.375081	61.44	464.19	718.00	490	553	595	701
5	5	500	33554432	2	126087.504728	60.12	476.13	601.00	501	559	581	594
5	5	500	33554432	2	119274.809160	56.87	502.65	656.00	529	593	619	637
5	5	500	33554432	2	6261.191880	2.99	9757.99	59711.00	5160	36556	49739	58459
5	5	500	33554432	5	4892.248233	2.33	12655.57	42524.00	12263	29605	36733	41908
5	5	500	33554432	5	5186.426086	2.47	12373.20	40560.00	11661	29994	39459	40527
5	5	500	33554432	5	4181.563487	1.99	13497.90	48535.00	11497	38996	45683	47451
5	5	500	100000000	0	5390.138203	2.57	31213.28	75340.00	30054	64135	73286	74681
5	5	500	100000000	0	5110.305954	2.44	32052.52	70275.00	35643	59812	67811	69685
5	5	500	100000000	0	21931.748399	10.46	8484.18	42053.00	1079	34425	40964	41972
5	5	500	100000000	2	79233.024325	37.78	2040.05	3449.00	2217	2871	3080	3447
5	5	500	100000000	2	13028.467201	6.21	12790.49	74284.00	511	62610	74112	74262
5	5	500	100000000	2	85851.648352	40.94	2030.56	3979.00	1774	3618	3822	3960
5	5	500	100000000	5	110460.620789	52.67	1583.02	2952.00	1672	2732	2857	2942
5	5	500	100000000	5	140232.786425	66.87	1016.31	2519.00	1015	2013	2335	2515
5	5	500	100000000	5	94268.476621	44.95	1742.98	2557.00	1978	2285	2424	2529
5	5	500	200000000	0	109206.071858	52.07	2612.18	4028.00	3432	3657	3905	4012
5	5	500	200000000	0	119617.224880	57.04	2355.38	3515.00	3054	3317	3474	3511
5	5	500	200000000	0	122714.443490	58.51	2223.86	3309.00	2809	3228	3268	3303
5	5	500	200000000	2	119731.800766	57.09	2297.23	3555.00	2850	3372	3449	3547
5	5	500	200000000	2	127032.520325	60.57	2181.31	3411.00	2612	3180	3362	3406
5	5	500	200000000	2	108766.586905	51.86	2395.35	4319.00	2765	4176	4269	4317
5	5	500	200000000	5	128998.968008	61.51	2120.47	3204.00	2696	3129	3163	3180
5	5	500	200000000	5	117855.038303	56.20	2358.94	3457.00	3076	3355	3402	3454
5	5	500	200000000	5	104712.041885	49.93	2626.53	4497.00	3096	4378	4471	4494
5	5	1000	33554432	0	61713.157245	58.85	489.11	642.00	510	579	605	631
5	5	1000	33554432	0	59241.706161	56.50	513.79	1159.00	539	951	1129	1153
5	5	1000	33554432	0	57510.927076	54.85	529.32	1046.00	543	838	963	1028
5	5	1000	33554432	2	57950.857673	55.27	524.20	1213.00	533	957	1139	1198
5	5	1000	33554432	2	59087.686126	56.35	515.59	771.00	533	604	717	762
5	5	1000	33554432	2	50200.803213	47.88	586.92	2052.00	491	1370	1967	2043
5	5	1000	33554432	5	36635.404455	34.94	778.10	4034.00	396	3147	3901	4004
5	5	1000	33554432	5	2013.149895	1.92	14032.23	62923.00	9114	54727	61822	62703
5	5	1000	33554432	5	1977.402247	1.89	14236.16	61055.00	4725	54348	57505	60422
5	5	1000	100000000	0	2170.685329	2.07	39000.77	80377.00	42589	67086	70374	77857
5	5	1000	100000000	0	17297.446897	16.50	4733.61	24556.00	892	22528	24280	24544
5	5	1000	100000000	0	61334.641806	58.49	1404.71	3024.00	1190	2708	2873	3012
5	5	1000	100000000	2	68908.489526	65.72	1108.21	2295.00	1026	2037	2200	2265
5	5	1000	100000000	2	50586.806961	48.24	1608.12	2344.00	1831	2245	2287	2309
5	5	1000	100000000	2	56072.670181	53.48	1488.86	1954.00	1703	1834	1927	1951
5	5	1000	100000000	5	50627.784528	48.28	1463.29	3288.00	1424	3162	3250	3283
5	5	1000	100000000	5	65231.572081	62.21	1263.29	1896.00	1406	1615	1816	1887
5	5	1000	100000000	5	62104.086449	59.23	1317.24	1779.00	1503	1659	1726	1771
5	5	1000	200000000	0	56869.881711	54.24	2528.77	3668.00	3155	3570	3618	3659
5	5	1000	200000000	0	54764.512596	52.23	2593.05	3786.00	3293	3697	3741	3772
5	5	1000	200000000	0	54495.912807	51.97	2640.91	3729.00	3164	3639	3678	3711
5	5	1000	200000000	2	55072.144509	52.52	2611.26	4366.00	3274	3937	4310	4342
5	5	1000	200000000	2	53033.517183	50.58	2703.98	3909.00	3442	3799	3853	3898
5	5	1000	200000000	2	55922.156358	53.33	2594.39	3997.00	3288	3630	3808	3974
5	5	1000	200000000	5	56306.306306	53.70	2498.03	3760.00	3189	3497	3615	3697
5	5	1000	200000000	5	57796.786499	55.12	2532.47	4242.00	3020	3871	4139	4224
5	5	1000	200000000	5	56734.369681	54.11	2516.48	3733.00	3233	3523	3591	3714
