1.0	1.0	100.0	0.0	667022.411953	63.61	310.7	1133.0	289.0	864.0	1072.0	1128.0
1.0	1.0	100.0	0.0	749962.501875	71.52	212.36	1611.0	28.0	1539.0	1598.0	1609.0
1.0	1.0	100.0	0.0	1032417.922775	98.46	32.87	201.0	4.0	139.0	165.0	180.0
1.0	1.0	100.0	0.0	816467.6122	77.86333	185.31	981.66667	107.0	847.33333	945.0	972.33333
1.0	1.0	100.0	1.0	1135331.5168030001	108.27	17.7	141.0	1.0	101.0	116.0	129.0
1.0	1.0	100.0	1.0	1041449.6979799999	99.32	65.9	266.0	57.0	163.0	236.0	263.0
1.0	1.0	100.0	1.0	1125619.0905	107.35	11.69	151.0	1.0	67.0	112.0	143.0
1.0	1.0	100.0	1.0	1100800.10176	104.98	31.76333	186.0	19.66667	110.33333	154.66667	178.33333
1.0	1.0	100.0	2.0	1209189.842805	115.32	4.41	134.0	1.0	20.0	29.0	31.0
1.0	1.0	100.0	2.0	1053074.978939	100.43	41.34	178.0	13.0	155.0	173.0	177.0
1.0	1.0	100.0	2.0	1129943.502825	107.76	5.6	142.0	1.0	28.0	47.0	61.0
1.0	1.0	100.0	2.0	1130736.10819	107.83667	17.11667	151.33333	5.0	67.66667	83.0	89.66667
1.0	1.0	100.0	5.0	985027.5807719999	93.94	157.34	477.0	108.0	380.0	394.0	404.0
1.0	1.0	100.0	5.0	1064735.945486	101.54	24.63	448.0	1.0	71.0	91.0	445.0
1.0	1.0	100.0	5.0	1161710.037175	110.79	25.41	246.0	1.0	150.0	233.0	244.0
1.0	1.0	100.0	5.0	1070491.18781	102.09	69.12667	390.33333	36.66667	200.33333	239.33333	364.33333
1.0	1.0	100.0	10.0	1102779.003088	105.17	24.89	140.0	9.0	108.0	130.0	134.0
1.0	1.0	100.0	10.0	1155268.0221809999	110.17	7.44	143.0	1.0	51.0	67.0	77.0
1.0	1.0	100.0	10.0	1061796.559779	101.26	48.38	218.0	32.0	155.0	203.0	216.0
1.0	1.0	100.0	10.0	1106614.52835	105.53333	26.90333	167.0	14.0	104.66667	133.33333	142.33333
1.0	1.0	500.0	0.0	263435.19494200003	125.62	221.93	569.0	192.0	540.0	560.0	568.0
1.0	1.0	500.0	0.0	246487.552379	117.53	239.14	613.0	220.0	580.0	594.0	612.0
1.0	1.0	500.0	0.0	265745.415892	126.72	218.96	535.0	201.0	518.0	533.0	534.0
1.0	1.0	500.0	0.0	258556.0544	123.29	226.67667	572.33333	204.33333	546.0	562.33333	571.33333
1.0	1.0	500.0	1.0	235793.444942	112.44	250.21	842.0	220.0	806.0	839.0	841.0
1.0	1.0	500.0	1.0	267094.017094	127.36	219.15	554.0	209.0	529.0	539.0	554.0
1.0	1.0	500.0	1.0	202880.908906	96.74	296.44	1529.0	221.0	1507.0	1521.0	1528.0
1.0	1.0	500.0	1.0	235256.12365	112.18	255.26667	975.0	216.66667	947.33333	966.33333	974.33333
1.0	1.0	500.0	2.0	269396.55172399996	128.46	215.72	312.0	214.0	298.0	310.0	311.0
1.0	1.0	500.0	2.0	272108.843537	129.75	212.68	347.0	206.0	324.0	334.0	346.0
1.0	1.0	500.0	2.0	278164.116829	132.64	208.41	260.0	214.0	249.0	254.0	258.0
1.0	1.0	500.0	2.0	273223.1707	130.28333	212.27	306.33333	211.33333	290.33333	299.33333	305.0
1.0	1.0	500.0	5.0	272108.843537	129.75	212.93	278.0	213.0	267.0	276.0	278.0
1.0	1.0	500.0	5.0	266311.584554	126.99	220.06	536.0	201.0	523.0	533.0	535.0
1.0	1.0	500.0	5.0	284495.021337	135.66	202.82	274.0	213.0	258.0	270.0	274.0
1.0	1.0	500.0	5.0	274305.14981	130.8	211.93667	362.66667	209.0	349.33333	359.66667	362.33333
1.0	1.0	500.0	10.0	273897.56231199997	130.6	211.08	268.0	217.0	251.0	263.0	267.0
1.0	1.0	500.0	10.0	274197.970935	130.75	210.84	278.0	215.0	251.0	259.0	276.0
1.0	1.0	500.0	10.0	278396.43652600003	132.75	208.09	274.0	204.0	259.0	269.0	273.0
1.0	1.0	500.0	10.0	275497.32326	131.36667	210.00333	273.33333	212.0	253.66667	263.66667	272.0
1.0	1.0	1000.0	0.0	137892.99503599998	131.51	216.33	634.0	189.0	526.0	614.0	633.0
1.0	1.0	1000.0	0.0	112841.345069	107.61	269.91	1219.0	204.0	1201.0	1217.0	1219.0
1.0	1.0	1000.0	0.0	131995.776135	125.88	224.26	633.0	198.0	540.0	603.0	630.0
1.0	1.0	1000.0	0.0	127576.70541	121.66667	236.83333	828.66667	197.0	755.66667	811.33333	827.33333
1.0	1.0	1000.0	1.0	125031.25781400001	119.24	238.73	639.0	208.0	620.0	636.0	638.0
1.0	1.0	1000.0	1.0	142979.696883	136.36	206.89	329.0	203.0	254.0	300.0	324.0
1.0	1.0	1000.0	1.0	121036.068748	115.43	248.11	809.0	199.0	800.0	807.0	809.0
1.0	1.0	1000.0	1.0	129682.34115	123.67667	231.24333	592.33333	203.33333	558.0	581.0	590.33333
1.0	1.0	1000.0	2.0	147362.216328	140.54	198.65	302.0	189.0	253.0	289.0	299.0
1.0	1.0	1000.0	2.0	144133.756126	137.46	203.84	278.0	203.0	244.0	264.0	276.0
1.0	1.0	1000.0	2.0	134734.57289100002	128.49	221.55	491.0	204.0	476.0	488.0	490.0
1.0	1.0	1000.0	2.0	142076.84845	135.49667	208.01333	357.0	198.66667	324.33333	347.0	355.0
1.0	1.0	1000.0	5.0	136761.487965	130.43	217.19	451.0	203.0	437.0	450.0	450.0
1.0	1.0	1000.0	5.0	123731.749567	118.0	241.13	838.0	203.0	678.0	797.0	834.0
1.0	1.0	1000.0	5.0	145433.391507	138.7	202.92	319.0	200.0	255.0	298.0	317.0
1.0	1.0	1000.0	5.0	135308.87635	129.04333	220.41333	536.0	202.0	456.66667	515.0	533.66667
1.0	1.0	1000.0	10.0	124533.001245	118.76	206.71	716.0	205.0	237.0	260.0	714.0
1.0	1.0	1000.0	10.0	146198.830409	139.43	201.67	322.0	202.0	249.0	302.0	318.0
1.0	1.0	1000.0	10.0	141763.538418	135.2	207.65	285.0	209.0	247.0	266.0	283.0
1.0	1.0	1000.0	10.0	137498.45669	131.13	205.34333	441.0	205.33333	244.33333	276.0	438.33333
1.0	2.0	100.0	0.0	1293661.060802	123.37	1.5	145.0	1.0	7.0	19.0	31.0
1.0	2.0	100.0	0.0	1431434.297166	136.51	0.9	133.0	1.0	1.0	5.0	22.0
1.0	2.0	100.0	0.0	1404889.013768	133.98	0.87	137.0	1.0	1.0	3.0	10.0
1.0	2.0	100.0	0.0	1376661.45725	131.28667	1.09	138.33333	1.0	3.0	9.0	21.0
1.0	2.0	100.0	1.0	1407657.657658	134.24	2.34	133.0	1.0	16.0	28.0	34.0
1.0	2.0	100.0	1.0	1336183.8588989999	127.43	5.16	136.0	1.0	46.0	115.0	125.0
1.0	2.0	100.0	1.0	1318217.769576	125.72	0.93	133.0	0.0	2.0	16.0	26.0
1.0	2.0	100.0	1.0	1354019.76204	129.13	2.81	134.0	0.66667	21.33333	53.0	61.66667
1.0	2.0	100.0	2.0	1175917.215428	112.14	52.17	435.0	1.0	362.0	426.0	433.0
1.0	2.0	100.0	2.0	1111358.0795729998	105.99	51.86	801.0	1.0	688.0	792.0	798.0
1.0	2.0	100.0	2.0	1368363.437329	130.5	0.79	135.0	0.0	1.0	14.0	24.0
1.0	2.0	100.0	2.0	1218546.24411	116.21	34.94	457.0	0.66667	350.33333	410.66667	418.33333
1.0	2.0	100.0	5.0	1191327.138432	113.61	20.64	232.0	1.0	143.0	199.0	230.0
1.0	2.0	100.0	5.0	1155802.126676	110.23	44.65	704.0	1.0	582.0	684.0	702.0
1.0	2.0	100.0	5.0	1420858.198352	135.5	0.53	140.0	0.0	1.0	4.0	9.0
1.0	2.0	100.0	5.0	1255995.82115	119.78	21.94	358.66667	0.66667	242.0	295.66667	313.66667
1.0	2.0	100.0	10.0	1290655.653072	123.09	0.88	152.0	0.0	3.0	11.0	21.0
1.0	2.0	100.0	10.0	1215657.6708	115.93	40.99	497.0	1.0	422.0	487.0	496.0
1.0	2.0	100.0	10.0	1278118.609407	121.89	15.85	226.0	1.0	151.0	216.0	223.0
1.0	2.0	100.0	10.0	1261477.31109	120.30333	19.24	291.66667	0.66667	192.0	238.0	246.66667
1.0	2.0	500.0	0.0	367376.928729	175.18	151.21	190.0	157.0	184.0	188.0	190.0
1.0	2.0	500.0	0.0	372023.809524	177.39	151.09	209.0	153.0	187.0	201.0	208.0
1.0	2.0	500.0	0.0	365630.71298	174.35	150.84	184.0	154.0	174.0	182.0	184.0
1.0	2.0	500.0	0.0	368343.81708	175.64	151.04667	194.33333	154.66667	181.66667	190.33333	194.0
1.0	2.0	500.0	1.0	263157.894737	125.48	215.44	1343.0	141.0	1330.0	1339.0	1342.0
1.0	2.0	500.0	1.0	285306.704708	136.04	203.37	652.0	149.0	621.0	646.0	650.0
1.0	2.0	500.0	1.0	337837.83783800004	161.09	164.75	385.0	157.0	327.0	382.0	384.0
1.0	2.0	500.0	1.0	295434.14576	140.87	194.52	793.33333	149.0	759.33333	789.0	792.0
1.0	2.0	500.0	2.0	297000.297	141.62	193.03	727.0	159.0	678.0	724.0	727.0
1.0	2.0	500.0	2.0	336587.007742	160.5	171.31	312.0	168.0	281.0	311.0	311.0
1.0	2.0	500.0	2.0	367917.586461	175.44	149.51	204.0	154.0	184.0	201.0	203.0
1.0	2.0	500.0	2.0	333834.96373	159.18667	171.28333	414.33333	160.33333	381.0	412.0	413.66667
1.0	2.0	500.0	5.0	220604.45621	105.19	268.57	1383.0	158.0	1363.0	1379.0	1382.0
1.0	2.0	500.0	5.0	367511.944138	175.24	150.06	204.0	159.0	195.0	202.0	203.0
1.0	2.0	500.0	5.0	374672.161858	178.66	147.23	191.0	151.0	176.0	186.0	190.0
1.0	2.0	500.0	5.0	320929.52074	153.03	188.62	592.66667	156.0	578.0	589.0	591.66667
1.0	2.0	500.0	10.0	260010.400416	123.98	222.77	1073.0	165.0	1030.0	1071.0	1072.0
1.0	2.0	500.0	10.0	210703.750527	100.47	271.12	1119.0	208.0	1099.0	1115.0	1119.0
1.0	2.0	500.0	10.0	213219.616205	101.67	272.2	652.0	273.0	444.0	650.0	652.0
1.0	2.0	500.0	10.0	227977.92238	108.70667	255.36333	948.0	215.33333	857.66667	945.33333	947.66667
1.0	2.0	1000.0	0.0	85353.362922	81.4	364.13	1253.0	277.0	1199.0	1241.0	1251.0
1.0	2.0	1000.0	0.0	93861.46048400001	89.51	320.39	1232.0	277.0	1148.0	1230.0	1232.0
1.0	2.0	1000.0	0.0	118035.882908	112.57	248.97	1100.0	207.0	1008.0	1093.0	1100.0
1.0	2.0	1000.0	0.0	99083.56877	94.49333	311.16333	1195.0	253.66667	1118.33333	1188.0	1194.33333
1.0	2.0	1000.0	1.0	116822.429907	111.41	251.05	341.0	263.0	310.0	327.0	340.0
1.0	2.0	1000.0	1.0	109793.58805399999	104.71	267.47	465.0	280.0	355.0	442.0	445.0
1.0	2.0	1000.0	1.0	112334.306897	107.13	262.67	352.0	273.0	314.0	341.0	349.0
1.0	2.0	1000.0	1.0	112983.44162	107.75	260.39667	386.0	272.0	326.33333	370.0	378.0
1.0	2.0	1000.0	2.0	49387.593836	47.1	616.1	4173.0	226.0	4095.0	4152.0	4172.0
1.0	2.0	1000.0	2.0	212585.034014	202.74	133.13	199.0	130.0	180.0	191.0	198.0
1.0	2.0	1000.0	2.0	163773.337701	156.19	178.68	612.0	150.0	595.0	609.0	611.0
1.0	2.0	1000.0	2.0	141915.32185	135.34333	309.30333	1661.33333	168.66667	1623.33333	1650.66667	1660.33333
1.0	2.0	1000.0	5.0	195236.23584500002	186.19	146.94	211.0	146.0	177.0	201.0	207.0
1.0	2.0	1000.0	5.0	69842.156726	66.61	264.74	3884.0	174.0	520.0	3858.0	3880.0
1.0	2.0	1000.0	5.0	196309.383589	187.22	144.45	186.0	150.0	173.0	180.0	184.0
1.0	2.0	1000.0	5.0	153795.92539	146.67333	185.37667	1427.0	156.66667	290.0	1413.0	1423.66667
1.0	2.0	1000.0	10.0	180375.180375	172.02	155.8	220.0	149.0	197.0	217.0	220.0
1.0	2.0	1000.0	10.0	126806.999746	120.93	216.7	781.0	206.0	354.0	700.0	752.0
1.0	2.0	1000.0	10.0	127811.860941	121.89	231.3	362.0	227.0	305.0	334.0	361.0
1.0	2.0	1000.0	10.0	144998.01369	138.28	201.26667	454.33333	194.0	285.33333	417.0	444.33333
1.0	5.0	100.0	0.0	102406.554019	9.77	2.01	45282.0	1.0	6.0	20.0	26.0
1.0	5.0	100.0	0.0	1478415.138971	140.99	2.25	142.0	1.0	6.0	26.0	38.0
1.0	5.0	100.0	0.0	1360914.534567	129.79	1.25	135.0	1.0	2.0	8.0	19.0
1.0	5.0	100.0	0.0	980578.74252	93.51667	1.83667	15186.33333	1.0	4.66667	18.0	27.66667
1.0	5.0	100.0	1.0	1433075.379765	136.67	1.32	136.0	1.0	2.0	13.0	34.0
1.0	5.0	100.0	1.0	1437194.5961479999	137.06	1.19	135.0	1.0	2.0	15.0	21.0
1.0	5.0	100.0	1.0	1380834.02375	131.69	14.84	209.0	1.0	133.0	203.0	208.0
1.0	5.0	100.0	1.0	1417034.66655	135.14	5.78333	160.0	1.0	45.66667	77.0	87.66667
1.0	5.0	100.0	2.0	1420454.545455	135.47	7.55	174.0	1.0	53.0	141.0	172.0
1.0	5.0	100.0	2.0	1329787.234043	126.82	26.46	298.0	1.0	279.0	289.0	296.0
1.0	5.0	100.0	2.0	1323101.349563	126.18	23.26	287.0	1.0	167.0	260.0	286.0
1.0	5.0	100.0	2.0	1357781.04302	129.49	19.09	253.0	1.0	166.33333	230.0	251.33333
1.0	5.0	100.0	5.0	1346257.404416	128.39	5.81	136.0	1.0	48.0	95.0	119.0
1.0	5.0	100.0	5.0	1200768.491835	114.51	55.78	901.0	1.0	765.0	894.0	900.0
1.0	5.0	100.0	5.0	1384274.6400889999	132.01	1.06	147.0	1.0	2.0	6.0	14.0
1.0	5.0	100.0	5.0	1310433.51211	124.97	20.88333	394.66667	1.0	271.66667	331.66667	344.33333
1.0	5.0	100.0	10.0	1247193.813919	118.94	34.04	604.0	1.0	411.0	575.0	602.0
1.0	5.0	100.0	10.0	1422475.106686	135.66	0.94	147.0	1.0	2.0	4.0	10.0
1.0	5.0	100.0	10.0	1032204.7894299999	98.44	93.88	1585.0	1.0	1403.0	1547.0	1582.0
1.0	5.0	100.0	10.0	1233957.90334	117.68	42.95333	778.66667	1.0	605.33333	708.66667	731.33333
1.0	5.0	500.0	0.0	455788.514129	217.34	107.49	155.0	110.0	140.0	153.0	155.0
1.0	5.0	500.0	0.0	348432.055749	166.15	159.48	721.0	128.0	657.0	713.0	720.0
1.0	5.0	500.0	0.0	440722.78536800004	210.15	111.05	151.0	121.0	142.0	148.0	150.0
1.0	5.0	500.0	0.0	414981.11842	197.88	126.00667	342.33333	119.66667	313.0	338.0	341.66667
1.0	5.0	500.0	1.0	350140.056022	166.96	148.31	502.0	125.0	336.0	485.0	501.0
1.0	5.0	500.0	1.0	372578.241431	177.66	133.34	482.0	123.0	417.0	476.0	480.0
1.0	5.0	500.0	1.0	341413.45169	162.8	152.26	935.0	111.0	915.0	932.0	934.0
1.0	5.0	500.0	1.0	354710.58305	169.14	144.63667	639.66667	119.66667	556.0	631.0	638.33333
1.0	5.0	500.0	2.0	458085.203848	218.43	112.18	148.0	120.0	139.0	144.0	147.0
1.0	5.0	500.0	2.0	458926.112896	218.83	108.39	160.0	106.0	146.0	154.0	159.0
1.0	5.0	500.0	2.0	399680.255795	190.58	129.16	414.0	121.0	390.0	410.0	414.0
1.0	5.0	500.0	2.0	438897.19085	209.28	116.57667	240.66667	115.66667	225.0	236.0	240.0
1.0	5.0	500.0	5.0	326904.21706399997	155.88	155.51	304.0	182.0	241.0	295.0	303.0
1.0	5.0	500.0	5.0	237079.184448	113.05	246.03	572.0	228.0	490.0	518.0	521.0
1.0	5.0	500.0	5.0	200762.899016	95.73	286.46	422.0	317.0	398.0	412.0	419.0
1.0	5.0	500.0	5.0	254915.43351	121.55333	229.33333	432.66667	242.33333	376.33333	408.33333	414.33333
1.0	5.0	500.0	10.0	171585.449554	81.82	348.59	530.0	352.0	412.0	518.0	530.0
1.0	5.0	500.0	10.0	182215.74344000002	86.89	320.48	688.0	349.0	536.0	662.0	687.0
1.0	5.0	500.0	10.0	178603.322022	85.16	330.99	955.0	345.0	783.0	929.0	953.0
1.0	5.0	500.0	10.0	177468.17167	84.62333	333.35333	724.33333	348.66667	577.0	703.0	723.33333
1.0	5.0	1000.0	0.0	94643.195154	90.26	314.06	399.0	332.0	368.0	386.0	396.0
1.0	5.0	1000.0	0.0	71245.369051	67.94	434.88	2638.0	304.0	2566.0	2626.0	2637.0
1.0	5.0	1000.0	0.0	135611.608354	129.33	210.78	354.0	227.0	313.0	332.0	349.0
1.0	5.0	1000.0	0.0	100500.05752	95.84333	319.90667	1130.33333	287.66667	1082.33333	1114.66667	1127.33333
1.0	5.0	1000.0	1.0	124069.47890799999	118.32	233.36	335.0	255.0	294.0	323.0	330.0
1.0	5.0	1000.0	1.0	116360.25133800002	110.97	250.6	699.0	270.0	681.0	695.0	698.0
1.0	5.0	1000.0	1.0	113739.76342100001	108.47	257.17	450.0	272.0	326.0	406.0	449.0
1.0	5.0	1000.0	1.0	118056.49789	112.58667	247.04333	494.66667	265.66667	433.66667	474.66667	492.33333
1.0	5.0	1000.0	2.0	108412.83608	103.39	259.66	517.0	282.0	311.0	332.0	505.0
1.0	5.0	1000.0	2.0	112007.168459	106.82	261.54	416.0	287.0	347.0	389.0	414.0
1.0	5.0	1000.0	2.0	113404.400091	108.15	263.12	571.0	289.0	458.0	541.0	571.0
1.0	5.0	1000.0	2.0	111274.80154	106.12	261.44	501.33333	286.0	372.0	420.66667	496.66667
1.0	5.0	1000.0	5.0	108225.108225	103.21	274.15	669.0	280.0	525.0	665.0	668.0
1.0	5.0	1000.0	5.0	35390.713477	33.75	466.86	9922.0	290.0	332.0	9900.0	9919.0
1.0	5.0	1000.0	5.0	248262.164846	236.76	108.97	161.0	110.0	146.0	157.0	160.0
1.0	5.0	1000.0	5.0	130625.99552	124.57333	283.32667	3584.0	226.66667	334.33333	3574.0	3582.33333
1.0	5.0	1000.0	10.0	236518.448439	225.56	114.39	146.0	121.0	133.0	138.0	141.0
1.0	5.0	1000.0	10.0	218531.468531	208.41	123.77	176.0	129.0	166.0	174.0	175.0
1.0	5.0	1000.0	10.0	115901.715345	110.53	259.37	2006.0	145.0	1992.0	2004.0	2005.0
1.0	5.0	1000.0	10.0	190317.21077	181.5	165.84333	776.0	131.66667	763.66667	772.0	773.66667
2.0	1.0	100.0	0.0	286976.984446	27.37	1005.46	3439.0	721.0	2451.0	3225.0	3420.0
2.0	1.0	100.0	0.0	407066.677522	38.82	687.55	1151.0	662.0	918.0	1080.0	1129.0
2.0	1.0	100.0	0.0	405416.362604	38.66	691.95	2015.0	584.0	1841.0	1998.0	2013.0
2.0	1.0	100.0	0.0	366486.67486	34.95	794.98667	2201.66667	655.66667	1736.66667	2101.0	2187.33333
2.0	1.0	100.0	1.0	426330.15006799996	40.66	655.8	1179.0	641.0	973.0	1171.0	1174.0
2.0	1.0	100.0	1.0	400384.368994	38.18	704.05	1847.0	589.0	1333.0	1727.0	1839.0
2.0	1.0	100.0	1.0	447187.192559	42.65	615.3	955.0	632.0	894.0	941.0	954.0
2.0	1.0	100.0	1.0	424633.90387	40.49667	658.38333	1327.0	620.66667	1066.66667	1279.66667	1322.33333
2.0	1.0	100.0	2.0	442047.56431800005	42.16	629.53	1439.0	574.0	1217.0	1416.0	1439.0
2.0	1.0	100.0	2.0	420556.817226	40.11	663.88	1778.0	614.0	1604.0	1763.0	1776.0
2.0	1.0	100.0	2.0	432376.340367	41.23	642.51	1362.0	591.0	1330.0	1355.0	1361.0
2.0	1.0	100.0	2.0	431660.24064	41.16667	645.30667	1526.33333	593.0	1383.66667	1511.33333	1525.33333
2.0	1.0	100.0	5.0	457372.85034799995	43.62	614.89	779.0	617.0	729.0	749.0	776.0
2.0	1.0	100.0	5.0	406834.825061	38.8	689.94	1395.0	602.0	1155.0	1383.0	1394.0
2.0	1.0	100.0	5.0	458505.27281099994	43.73	602.37	820.0	609.0	789.0	812.0	819.0
2.0	1.0	100.0	5.0	440904.31607	42.05	635.73333	998.0	609.33333	891.0	981.33333	996.33333
2.0	1.0	100.0	10.0	460489.96131899994	43.92	603.39	1146.0	579.0	1087.0	1119.0	1144.0
2.0	1.0	100.0	10.0	466548.47438599996	44.49	583.57	959.0	579.0	862.0	954.0	958.0
2.0	1.0	100.0	10.0	412916.012883	39.38	679.7	1758.0	576.0	1581.0	1703.0	1757.0
2.0	1.0	100.0	10.0	446651.48286	42.59667	622.22	1287.66667	578.0	1176.66667	1258.66667	1286.33333
2.0	1.0	500.0	0.0	111994.624258	53.4	548.21	1177.0	511.0	1083.0	1170.0	1175.0
2.0	1.0	500.0	0.0	109841.827768	52.38	557.62	991.0	533.0	744.0	934.0	989.0
2.0	1.0	500.0	0.0	98580.44164	47.01	628.97	2062.0	529.0	1765.0	1990.0	2057.0
2.0	1.0	500.0	0.0	106805.63122	50.93	578.26667	1410.0	524.33333	1197.33333	1364.66667	1407.0
2.0	1.0	500.0	1.0	103369.85735	49.29	596.47	1611.0	520.0	1218.0	1603.0	1610.0
2.0	1.0	500.0	1.0	110509.44855799999	52.7	558.62	827.0	533.0	788.0	814.0	819.0
2.0	1.0	500.0	1.0	107422.924052	51.22	575.7	1147.0	513.0	986.0	1143.0	1146.0
2.0	1.0	500.0	1.0	107100.74332	51.07	576.93	1195.0	522.0	997.33333	1186.66667	1191.66667
2.0	1.0	500.0	2.0	97059.108997	46.28	633.91	1877.0	547.0	1700.0	1849.0	1876.0
2.0	1.0	500.0	2.0	104986.87664	50.06	586.33	1031.0	538.0	1005.0	1026.0	1029.0
2.0	1.0	500.0	2.0	109325.4619	52.13	564.81	1096.0	533.0	1033.0	1091.0	1095.0
2.0	1.0	500.0	2.0	103790.48251	49.49	595.01667	1334.66667	539.33333	1246.0	1322.0	1333.33333
2.0	1.0	500.0	5.0	104854.77613500001	50.0	575.65	1251.0	522.0	964.0	1249.0	1250.0
2.0	1.0	500.0	5.0	101739.74972	48.51	606.06	1256.0	541.0	1170.0	1251.0	1255.0
2.0	1.0	500.0	5.0	104177.518492	49.68	588.76	1163.0	540.0	1111.0	1154.0	1161.0
2.0	1.0	500.0	5.0	103590.68145	49.39667	590.15667	1223.33333	534.33333	1081.66667	1218.0	1222.0
2.0	1.0	500.0	10.0	100421.77144	47.88	616.21	1830.0	501.0	1766.0	1825.0	1827.0
2.0	1.0	500.0	10.0	106439.59552999999	50.75	576.48	1400.0	535.0	1350.0	1396.0	1399.0
2.0	1.0	500.0	10.0	114103.14924700001	54.41	536.89	874.0	522.0	852.0	866.0	873.0
2.0	1.0	500.0	10.0	106988.17207	51.01333	576.52667	1368.0	519.33333	1322.66667	1362.33333	1366.33333
2.0	1.0	1000.0	0.0	55704.099822000004	53.12	554.04	991.0	513.0	908.0	982.0	987.0
2.0	1.0	1000.0	0.0	57175.528874	54.53	541.7	1097.0	500.0	1084.0	1093.0	1096.0
2.0	1.0	1000.0	0.0	53493.099389999996	51.01	579.9	1149.0	529.0	1101.0	1141.0	1147.0
2.0	1.0	1000.0	0.0	55457.57603	52.88667	558.54667	1079.0	514.0	1031.0	1072.0	1076.66667
2.0	1.0	1000.0	1.0	56261.955665999994	53.66	549.07	761.0	539.0	742.0	756.0	760.0
2.0	1.0	1000.0	1.0	40866.36698	38.97	761.47	3686.0	541.0	3674.0	3684.0	3685.0
2.0	1.0	1000.0	1.0	56401.57924400001	53.79	547.16	1052.0	522.0	1028.0	1044.0	1050.0
2.0	1.0	1000.0	1.0	51176.63396	48.80667	619.23333	1833.0	534.0	1814.66667	1828.0	1831.66667
2.0	1.0	1000.0	2.0	57830.210502	55.15	533.44	777.0	506.0	762.0	772.0	777.0
2.0	1.0	1000.0	2.0	60306.356289999996	57.51	512.63	904.0	486.0	869.0	891.0	902.0
2.0	1.0	1000.0	2.0	58934.464875	56.2	523.85	675.0	513.0	656.0	668.0	674.0
2.0	1.0	1000.0	2.0	59023.67722	56.28667	523.30667	785.33333	501.66667	762.33333	777.0	784.33333
2.0	1.0	1000.0	5.0	55426.227691	52.86	558.2	1094.0	503.0	1053.0	1072.0	1092.0
2.0	1.0	1000.0	5.0	58315.838582000004	55.61	527.97	648.0	524.0	631.0	644.0	648.0
2.0	1.0	1000.0	5.0	54896.794026999996	52.35	564.66	1324.0	519.0	1294.0	1320.0	1324.0
2.0	1.0	1000.0	5.0	56212.95343	53.60667	550.27667	1022.0	515.33333	992.66667	1012.0	1021.33333
2.0	1.0	1000.0	10.0	56882.821388	54.25	545.16	1183.0	496.0	1160.0	1172.0	1181.0
2.0	1.0	1000.0	10.0	52061.640983	49.65	597.24	1774.0	530.0	1203.0	1765.0	1772.0
2.0	1.0	1000.0	10.0	55685.488362000004	53.11	554.84	1084.0	524.0	1056.0	1071.0	1082.0
2.0	1.0	1000.0	10.0	54876.65024	52.33667	565.74667	1347.0	516.66667	1139.66667	1336.0	1345.0
2.0	2.0	100.0	0.0	145976.877263	13.92	1822.23	20453.0	1572.0	18152.0	19035.0	19207.0
2.0	2.0	100.0	0.0	521539.584854	49.74	522.2	1761.0	254.0	516.0	1261.0	1270.0
2.0	2.0	100.0	0.0	597728.6312010001	57.0	446.8	736.0	332.0	620.0	657.0	668.0
2.0	2.0	100.0	0.0	421748.36444	40.22	930.41	7650.0	719.33333	6429.33333	6984.33333	7048.33333
2.0	2.0	100.0	1.0	553036.1685649999	52.74	481.96	1056.0	577.0	1010.0	1034.0	1055.0
2.0	2.0	100.0	1.0	621967.906456	59.32	430.73	895.0	458.0	830.0	856.0	862.0
2.0	2.0	100.0	1.0	484261.50121099997	46.18	564.9	2843.0	533.0	1975.0	2831.0	2842.0
2.0	2.0	100.0	1.0	553088.52541	52.74667	492.53	1598.0	522.66667	1271.66667	1573.66667	1586.33333
2.0	2.0	100.0	2.0	607681.088965	57.95	439.3	812.0	473.0	784.0	804.0	811.0
2.0	2.0	100.0	2.0	600889.316188	57.31	447.57	860.0	574.0	822.0	849.0	857.0
2.0	2.0	100.0	2.0	630358.043369	60.12	421.39	907.0	309.0	516.0	701.0	726.0
2.0	2.0	100.0	2.0	612976.14951	58.46	436.08667	859.66667	452.0	707.33333	784.66667	798.0
2.0	2.0	100.0	5.0	627431.296273	59.84	423.39	728.0	276.0	533.0	581.0	588.0
2.0	2.0	100.0	5.0	590318.772137	56.3	456.15	1190.0	348.0	989.0	1049.0	1071.0
2.0	2.0	100.0	5.0	614628.1499689999	58.62	430.19	776.0	309.0	585.0	629.0	640.0
2.0	2.0	100.0	5.0	610792.73946	58.25333	436.57667	898.0	311.0	702.33333	753.0	766.33333
2.0	2.0	100.0	10.0	650533.437419	62.04	408.01	677.0	348.0	620.0	649.0	675.0
2.0	2.0	100.0	10.0	587337.013979	56.01	458.73	1131.0	484.0	1099.0	1123.0	1130.0
2.0	2.0	100.0	10.0	647165.41548	61.72	409.85	678.0	492.0	611.0	623.0	635.0
2.0	2.0	100.0	10.0	628345.28896	59.92333	425.53	828.66667	441.33333	776.66667	798.33333	813.33333
2.0	2.0	500.0	0.0	140449.438202	66.97	421.74	831.0	375.0	665.0	682.0	684.0
2.0	2.0	500.0	0.0	85572.47989	40.8	716.51	1549.0	696.0	1406.0	1439.0	1457.0
2.0	2.0	500.0	0.0	82877.507045	39.52	740.74	1267.0	742.0	887.0	907.0	908.0
2.0	2.0	500.0	0.0	102966.47505	49.09667	626.33	1215.66667	604.33333	986.0	1009.33333	1016.33333
2.0	2.0	500.0	1.0	100482.315113	47.91	601.18	1928.0	232.0	461.0	932.0	998.0
2.0	2.0	500.0	1.0	58411.214952999995	27.85	1083.47	6807.0	678.0	6778.0	6802.0	6806.0
2.0	2.0	500.0	1.0	149812.73408199998	71.44	405.22	1627.0	327.0	1602.0	1618.0	1625.0
2.0	2.0	500.0	1.0	102902.08805	49.06667	696.62333	3454.0	412.33333	2947.0	3117.33333	3143.0
2.0	2.0	500.0	2.0	168890.39013699998	80.53	353.3	546.0	358.0	520.0	543.0	545.0
2.0	2.0	500.0	2.0	91962.47930800001	43.85	658.74	1363.0	852.0	1294.0	1318.0	1358.0
2.0	2.0	500.0	2.0	81665.986117	38.94	746.11	2492.0	3.0	374.0	418.0	435.0
2.0	2.0	500.0	2.0	114172.95185	54.44	586.05	1467.0	404.33333	729.33333	759.66667	779.33333
2.0	2.0	500.0	5.0	82576.383154	39.38	758.99	6357.0	297.0	6306.0	6333.0	6345.0
2.0	2.0	500.0	5.0	140706.345856	67.09	418.5	869.0	426.0	781.0	818.0	836.0
2.0	2.0	500.0	5.0	91390.970572	43.58	663.75	1638.0	617.0	1075.0	1124.0	1150.0
2.0	2.0	500.0	5.0	104891.23319	50.01667	613.74667	2954.66667	446.66667	2720.66667	2758.33333	2777.0
2.0	2.0	500.0	10.0	89694.142972	42.77	677.41	1065.0	633.0	888.0	899.0	901.0
2.0	2.0	500.0	10.0	81221.57245	38.73	777.13	6736.0	126.0	5775.0	5906.0	5942.0
2.0	2.0	500.0	10.0	111919.418019	53.37	509.1	1355.0	424.0	794.0	1264.0	1271.0
2.0	2.0	500.0	10.0	94278.37781	44.95667	654.54667	3052.0	394.33333	2485.66667	2689.66667	2704.66667
2.0	2.0	1000.0	0.0	48360.576457999996	46.12	632.06	974.0	641.0	950.0	964.0	972.0
2.0	2.0	1000.0	0.0	48680.751631	46.43	625.14	1068.0	520.0	998.0	1060.0	1065.0
2.0	2.0	1000.0	0.0	29671.829564999996	28.3	1071.36	10489.0	535.0	7916.0	10483.0	10488.0
2.0	2.0	1000.0	0.0	42237.71922	40.28333	776.18667	4177.0	565.33333	3288.0	4169.0	4175.0
2.0	2.0	1000.0	1.0	71839.08046	68.51	427.15	1261.0	350.0	1207.0	1249.0	1259.0
2.0	2.0	1000.0	1.0	66684.449186	63.6	416.55	1798.0	390.0	1209.0	1768.0	1797.0
2.0	2.0	1000.0	1.0	42261.85445	40.3	725.97	1166.0	818.0	994.0	1080.0	1161.0
2.0	2.0	1000.0	1.0	60261.7947	57.47	523.22333	1408.33333	519.33333	1136.66667	1365.66667	1405.66667
2.0	2.0	1000.0	2.0	35440.884604	33.8	868.16	2707.0	741.0	2278.0	2647.0	2700.0
2.0	2.0	1000.0	2.0	49246.528119999995	46.97	623.34	1603.0	559.0	1361.0	1521.0	1593.0
2.0	2.0	1000.0	2.0	47709.923664	45.5	635.6	1241.0	630.0	1052.0	1228.0	1240.0
2.0	2.0	1000.0	2.0	44132.44546	42.09	709.03333	1850.33333	643.33333	1563.66667	1798.66667	1844.33333
2.0	2.0	1000.0	5.0	46943.948925	44.77	635.48	1669.0	584.0	1416.0	1606.0	1668.0
2.0	2.0	1000.0	5.0	27066.52953	25.81	771.99	8363.0	692.0	1244.0	7091.0	8356.0
2.0	2.0	1000.0	5.0	73670.25195199999	70.26	419.54	994.0	375.0	901.0	987.0	993.0
2.0	2.0	1000.0	5.0	49226.91014	46.94667	609.00333	3675.33333	550.33333	1187.0	3228.0	3672.33333
2.0	2.0	1000.0	10.0	78505.259852	74.87	378.79	584.0	388.0	553.0	579.0	582.0
2.0	2.0	1000.0	10.0	52725.930613	50.28	585.55	1776.0	616.0	1611.0	1728.0	1762.0
2.0	2.0	1000.0	10.0	45612.114578	43.5	664.55	1191.0	681.0	1089.0	1145.0	1182.0
2.0	2.0	1000.0	10.0	58947.76835	56.21667	542.96333	1183.66667	561.66667	1084.33333	1150.66667	1175.33333
2.0	5.0	100.0	0.0	621272.3658050001	59.25	425.19	991.0	12.0	183.0	271.0	308.0
2.0	5.0	100.0	0.0	703729.7677689999	67.11	313.15	1077.0	386.0	1025.0	1063.0	1074.0
2.0	5.0	100.0	0.0	708215.29745	67.54	331.1	722.0	72.0	437.0	571.0	578.0
2.0	5.0	100.0	0.0	677739.14367	64.63333	356.48	930.0	156.66667	548.33333	635.0	653.33333
2.0	5.0	100.0	1.0	741179.9584939999	70.68	293.68	548.0	126.0	292.0	332.0	340.0
2.0	5.0	100.0	1.0	724427.702115	69.09	199.74	402.0	24.0	210.0	249.0	265.0
2.0	5.0	100.0	1.0	689750.310388	65.78	295.36	899.0	371.0	866.0	883.0	898.0
2.0	5.0	100.0	1.0	718452.657	68.51667	262.92667	616.33333	173.66667	456.0	488.0	501.0
2.0	5.0	100.0	2.0	689750.310388	65.78	359.8	840.0	102.0	463.0	507.0	525.0
2.0	5.0	100.0	2.0	602554.83249	57.46	417.65	1196.0	554.0	958.0	1117.0	1173.0
2.0	5.0	100.0	2.0	576236.0262760001	54.95	406.22	1607.0	555.0	1141.0	1556.0	1598.0
2.0	5.0	100.0	2.0	622847.05638	59.39667	394.55667	1214.33333	403.66667	854.0	1060.0	1098.66667
2.0	5.0	100.0	5.0	437828.37127799995	41.75	600.47	3357.0	368.0	1417.0	1469.0	1521.0
2.0	5.0	100.0	5.0	367890.515783	35.08	731.27	1653.0	4.0	333.0	353.0	366.0
2.0	5.0	100.0	5.0	367755.22212399996	35.07	727.09	1553.0	1385.0	1499.0	1523.0	1549.0
2.0	5.0	100.0	5.0	391158.0364	37.3	686.27667	2187.66667	585.66667	1083.0	1115.0	1145.33333
2.0	5.0	100.0	10.0	417397.111612	39.81	630.72	1352.0	179.0	1110.0	1161.0	1180.0
2.0	5.0	100.0	10.0	405910.050333	38.71	658.15	1510.0	1082.0	1377.0	1469.0	1508.0
2.0	5.0	100.0	10.0	419427.900344	40.0	622.09	1463.0	4.0	275.0	296.0	311.0
2.0	5.0	100.0	10.0	414245.02076	39.50667	636.98667	1441.66667	421.66667	920.66667	975.33333	999.66667
2.0	5.0	500.0	0.0	104025.798398	49.6	577.94	1524.0	465.0	1443.0	1507.0	1522.0
2.0	5.0	500.0	0.0	105296.409392	50.21	570.67	1426.0	595.0	1084.0	1325.0	1422.0
2.0	5.0	500.0	0.0	94975.781176	45.29	637.41	1652.0	626.0	1519.0	1639.0	1649.0
2.0	5.0	500.0	0.0	101432.66299	48.36667	595.34	1534.0	562.0	1348.66667	1490.33333	1531.0
2.0	5.0	500.0	1.0	96553.055904	46.04	609.72	1921.0	537.0	1648.0	1876.0	1917.0
2.0	5.0	500.0	1.0	127518.490181	60.81	480.34	1967.0	385.0	1909.0	1964.0	1966.0
2.0	5.0	500.0	1.0	114955.742039	54.82	525.62	1273.0	360.0	1237.0	1250.0	1271.0
2.0	5.0	500.0	1.0	113009.09604	53.89	538.56	1720.33333	427.33333	1598.0	1696.66667	1718.0
2.0	5.0	500.0	2.0	89936.145337	42.88	659.85	1397.0	712.0	1350.0	1368.0	1387.0
2.0	5.0	500.0	2.0	85418.980097	40.73	700.57	1474.0	507.0	1379.0	1454.0	1468.0
2.0	5.0	500.0	2.0	88778.409091	42.33	674.32	1399.0	781.0	1318.0	1371.0	1392.0
2.0	5.0	500.0	2.0	88044.51151	41.98	678.24667	1423.33333	666.66667	1349.0	1397.66667	1415.66667
2.0	5.0	500.0	5.0	89381.480157	42.62	671.18	1833.0	786.0	1484.0	1756.0	1831.0
2.0	5.0	500.0	5.0	81819.66944900001	39.01	737.88	1960.0	795.0	1726.0	1891.0	1951.0
2.0	5.0	500.0	5.0	112132.765194	53.47	503.12	1779.0	393.0	1542.0	1677.0	1754.0
2.0	5.0	500.0	5.0	94444.63827	45.03333	637.39333	1857.33333	658.0	1584.0	1774.66667	1845.33333
2.0	5.0	500.0	10.0	117453.605826	56.01	519.25	1522.0	441.0	1425.0	1502.0	1520.0
2.0	5.0	500.0	10.0	123578.843302	58.93	459.92	1219.0	380.0	1002.0	1203.0	1217.0
2.0	5.0	500.0	10.0	105263.15789500001	50.19	565.23	1879.0	428.0	1512.0	1839.0	1874.0
2.0	5.0	500.0	10.0	115431.86901	55.04333	514.8	1540.0	416.33333	1313.0	1514.66667	1537.0
2.0	5.0	1000.0	0.0	7144.69435	6.81	4551.92	65106.0	449.0	64959.0	65094.0	65103.0
2.0	5.0	1000.0	0.0	99621.438534	95.01	298.68	480.0	330.0	451.0	471.0	477.0
2.0	5.0	1000.0	0.0	98463.96218999999	93.9	301.7	498.0	360.0	476.0	494.0	496.0
2.0	5.0	1000.0	0.0	68410.03169	65.24	1717.43333	22028.0	379.66667	21962.0	22019.66667	22025.33333
2.0	5.0	1000.0	1.0	89445.43828300001	85.3	333.54	658.0	405.0	633.0	650.0	656.0
2.0	5.0	1000.0	1.0	82960.013274	79.12	367.32	990.0	402.0	826.0	981.0	988.0
2.0	5.0	1000.0	1.0	95292.548123	90.88	315.21	650.0	361.0	600.0	639.0	649.0
2.0	5.0	1000.0	1.0	89232.66656	85.1	338.69	766.0	389.33333	686.33333	756.66667	764.33333
2.0	5.0	1000.0	2.0	75907.089722	72.39	355.67	1724.0	399.0	910.0	1415.0	1528.0
2.0	5.0	1000.0	2.0	88198.97689199999	84.11	341.68	714.0	412.0	677.0	693.0	710.0
2.0	5.0	1000.0	2.0	92047.12813	87.78	327.96	1114.0	332.0	1064.0	1108.0	1112.0
2.0	5.0	1000.0	2.0	85384.39825	81.42667	341.77	1184.0	381.0	883.66667	1072.0	1116.66667
2.0	5.0	1000.0	5.0	61500.61500599999	58.65	464.35	1760.0	382.0	1700.0	1734.0	1751.0
2.0	5.0	1000.0	5.0	22176.882816999998	21.15	841.47	11882.0	751.0	1614.0	2336.0	11870.0
2.0	5.0	1000.0	5.0	98561.009265	94.0	291.6	527.0	342.0	449.0	468.0	521.0
2.0	5.0	1000.0	5.0	60746.16903	57.93333	532.47333	4723.0	491.66667	1254.33333	1512.66667	4714.0
2.0	5.0	1000.0	10.0	53682.628301	51.2	565.45	1378.0	419.0	1314.0	1355.0	1370.0
2.0	5.0	1000.0	10.0	39394.894422000005	37.57	781.06	2587.0	809.0	2489.0	2552.0	2576.0
2.0	5.0	1000.0	10.0	43588.178886	41.57	690.23	1483.0	803.0	1404.0	1460.0	1480.0
2.0	5.0	1000.0	10.0	45555.23387	43.44667	678.91333	1816.0	677.0	1735.66667	1789.0	1808.66667
5.0	1.0	100.0	0.0	170916.797703	16.3	1707.57	6133.0	1042.0	4505.0	5793.0	6088.0
5.0	1.0	100.0	0.0	137249.519627	13.09	2139.55	4356.0	2231.0	3918.0	4317.0	4353.0
5.0	1.0	100.0	0.0	255219.233321	24.34	1127.07	2454.0	936.0	1977.0	2349.0	2440.0
5.0	1.0	100.0	0.0	187795.18355	17.91	1658.06333	4314.33333	1403.0	3466.66667	4153.0	4293.66667
5.0	1.0	100.0	1.0	154102.200579	14.7	1904.79	3995.0	1669.0	3627.0	3965.0	3991.0
5.0	1.0	100.0	1.0	279064.57554299996	26.61	1025.02	1983.0	935.0	1946.0	1977.0	1981.0
5.0	1.0	100.0	1.0	181369.704005	17.3	1601.57	4060.0	1293.0	3158.0	3820.0	4054.0
5.0	1.0	100.0	1.0	204845.49338	19.53667	1510.46	3346.0	1299.0	2910.33333	3254.0	3342.0
5.0	1.0	100.0	2.0	207770.621234	19.81	1340.6	2809.0	1055.0	2617.0	2655.0	2797.0
5.0	1.0	100.0	2.0	137102.744797	13.08	2155.94	5144.0	1999.0	4569.0	5100.0	5136.0
5.0	1.0	100.0	2.0	197776.98667	18.86	1419.32	3182.0	1130.0	2915.0	3133.0	3174.0
5.0	1.0	100.0	2.0	180883.4509	17.25	1638.62	3711.66667	1394.66667	3367.0	3629.33333	3702.33333
5.0	1.0	100.0	5.0	148871.553624	14.2	1961.83	4974.0	1664.0	4374.0	4820.0	4972.0
5.0	1.0	100.0	5.0	160797.555877	15.33	1805.75	3990.0	1570.0	3485.0	3954.0	3982.0
5.0	1.0	100.0	5.0	152008.026024	14.5	1886.06	3435.0	1894.0	2976.0	3337.0	3404.0
5.0	1.0	100.0	5.0	153892.37851	14.67667	1884.54667	4133.0	1709.33333	3611.66667	4037.0	4119.33333
5.0	1.0	100.0	10.0	160261.546844	15.28	1784.29	4304.0	1599.0	3966.0	4125.0	4292.0
5.0	1.0	100.0	10.0	150303.613299	14.33	1947.78	5815.0	1898.0	5314.0	5694.0	5801.0
5.0	1.0	100.0	10.0	161623.997931	15.41	1769.23	3993.0	1586.0	3526.0	3908.0	3972.0
5.0	1.0	100.0	10.0	157396.38602	15.00667	1833.76667	4704.0	1694.33333	4268.66667	4575.66667	4688.33333
5.0	1.0	500.0	0.0	33935.116058	16.18	1850.13	7833.0	1336.0	7428.0	7763.0	7830.0
5.0	1.0	500.0	0.0	33101.621979	15.78	1877.62	4775.0	1654.0	4610.0	4698.0	4734.0
5.0	1.0	500.0	0.0	30114.132562	14.36	2076.17	9963.0	1353.0	8710.0	9729.0	9944.0
5.0	1.0	500.0	0.0	32383.62353	15.44	1934.64	7523.66667	1447.66667	6916.0	7396.66667	7502.66667
5.0	1.0	500.0	1.0	49613.018456	23.66	1215.04	3109.0	1016.0	2694.0	2897.0	3105.0
5.0	1.0	500.0	1.0	28654.116164	13.66	2177.26	4107.0	2013.0	3555.0	4077.0	4100.0
5.0	1.0	500.0	1.0	37191.312109	17.73	1661.03	5503.0	1220.0	4282.0	5317.0	5501.0
5.0	1.0	500.0	1.0	38486.14891	18.35	1684.44333	4239.66667	1416.33333	3510.33333	4097.0	4235.33333
5.0	1.0	500.0	2.0	28295.747149000003	13.49	2117.23	4857.0	2370.0	2915.0	4801.0	4849.0
5.0	1.0	500.0	2.0	36571.094207	17.44	1694.16	3285.0	1289.0	3003.0	3248.0	3279.0
5.0	1.0	500.0	2.0	34000.884023	16.21	1850.82	4038.0	1782.0	2940.0	3857.0	4023.0
5.0	1.0	500.0	2.0	32955.90846	15.71333	1887.40333	4060.0	1813.66667	2952.66667	3968.66667	4050.33333
5.0	1.0	500.0	5.0	31960.113777999995	15.24	1946.7	2833.0	1984.0	2751.0	2811.0	2828.0
5.0	1.0	500.0	5.0	30843.25458	14.71	2007.06	6459.0	1590.0	6144.0	6408.0	6454.0
5.0	1.0	500.0	5.0	32195.750161	15.35	1963.73	5967.0	1601.0	5800.0	5954.0	5962.0
5.0	1.0	500.0	5.0	31666.37284	15.1	1972.49667	5086.33333	1725.0	4898.33333	5057.66667	5081.33333
5.0	1.0	500.0	10.0	40407.305641	19.27	1572.9	3102.0	1272.0	2758.0	2971.0	3091.0
5.0	1.0	500.0	10.0	28794.379337000002	13.73	2178.2	3834.0	2329.0	3577.0	3778.0	3807.0
5.0	1.0	500.0	10.0	28073.327532	13.39	2197.23	5733.0	2338.0	4793.0	5447.0	5698.0
5.0	1.0	500.0	10.0	32425.00417	15.46333	1982.77667	4223.0	1979.66667	3709.33333	4065.33333	4198.66667
5.0	1.0	1000.0	0.0	20820.320633000003	19.86	1467.14	4455.0	1065.0	3307.0	4369.0	4450.0
5.0	1.0	1000.0	0.0	12772.370807	12.18	2455.39	4550.0	2399.0	4228.0	4504.0	4544.0
5.0	1.0	1000.0	0.0	18084.490741	17.25	1731.19	4646.0	1141.0	4449.0	4588.0	4620.0
5.0	1.0	1000.0	0.0	17225.72739	16.43	1884.57333	4550.33333	1535.0	3994.66667	4487.0	4538.0
5.0	1.0	1000.0	1.0	16526.194018000002	15.76	1890.4	3547.0	2238.0	3202.0	3421.0	3518.0
5.0	1.0	1000.0	1.0	14533.616253999999	13.86	2147.31	4093.0	2229.0	3763.0	4008.0	4083.0
5.0	1.0	1000.0	1.0	20006.402049	19.08	1536.62	3483.0	1204.0	2635.0	3302.0	3468.0
5.0	1.0	1000.0	1.0	17022.07077	16.23333	1858.11	3707.66667	1890.33333	3200.0	3577.0	3689.66667
5.0	1.0	1000.0	2.0	12918.227619	12.32	2493.13	7835.0	2506.0	6154.0	7365.0	7813.0
5.0	1.0	1000.0	2.0	19150.484507	18.26	1625.23	3415.0	1110.0	3313.0	3368.0	3397.0
5.0	1.0	1000.0	2.0	13036.789820999998	12.43	2470.63	5228.0	2601.0	4591.0	4947.0	5203.0
5.0	1.0	1000.0	2.0	15035.16732	14.33667	2196.33	5492.66667	2072.33333	4686.0	5226.66667	5471.0
5.0	1.0	1000.0	5.0	21283.841308000003	20.3	1415.83	3506.0	1044.0	3207.0	3463.0	3489.0
5.0	1.0	1000.0	5.0	13776.002203999999	13.14	2268.16	3453.0	2288.0	3042.0	3411.0	3448.0
5.0	1.0	1000.0	5.0	15584.091759	14.86	2041.01	4245.0	2014.0	4062.0	4227.0	4236.0
5.0	1.0	1000.0	5.0	16881.31176	16.1	1908.33333	3734.66667	1782.0	3437.0	3700.33333	3724.33333
5.0	1.0	1000.0	10.0	17332.824904	16.53	1792.05	4212.0	1295.0	4043.0	4168.0	4208.0
5.0	1.0	1000.0	10.0	13924.085884	13.28	2234.94	5768.0	2278.0	5585.0	5704.0	5750.0
5.0	1.0	1000.0	10.0	17326.81845	16.52	1774.76	3531.0	1222.0	3369.0	3512.0	3527.0
5.0	1.0	1000.0	10.0	16194.57641	15.44333	1933.91667	4503.66667	1598.33333	4332.33333	4461.33333	4495.0
5.0	2.0	100.0	0.0	143810.400368	13.71	1833.34	13329.0	382.0	9955.0	11700.0	12006.0
5.0	2.0	100.0	0.0	291324.360543	27.78	952.85	1624.0	1012.0	1432.0	1604.0	1622.0
5.0	2.0	100.0	0.0	159821.000479	15.24	1756.03	2796.0	1829.0	2065.0	2238.0	2490.0
5.0	2.0	100.0	0.0	198318.58713	18.91	1514.07333	5916.33333	1074.33333	4484.0	5180.66667	5372.66667
5.0	2.0	100.0	1.0	138804.06418299998	13.24	2016.83	7113.0	1825.0	2197.0	2355.0	2417.0
5.0	2.0	100.0	1.0	167785.234899	16.0	1696.62	3311.0	1825.0	2981.0	3113.0	3204.0
5.0	2.0	100.0	1.0	144258.511252	13.76	1998.11	7093.0	1943.0	5908.0	6914.0	7053.0
5.0	2.0	100.0	1.0	150282.60344	14.33333	1903.85333	5839.0	1864.33333	3695.33333	4127.33333	4224.66667
5.0	2.0	100.0	2.0	156450.452142	14.92	1793.37	4350.0	827.0	1955.0	2509.0	2598.0
5.0	2.0	100.0	2.0	145272.82236	13.85	2001.01	13057.0	1156.0	2428.0	2589.0	2699.0
5.0	2.0	100.0	2.0	182621.717375	17.42	1539.12	4211.0	1095.0	3613.0	3877.0	3925.0
5.0	2.0	100.0	2.0	161448.33063	15.39667	1777.83333	7206.0	1026.0	2665.33333	2991.66667	3074.0
5.0	2.0	100.0	5.0	143554.40712000002	13.69	1952.95	3407.0	1676.0	3199.0	3293.0	3405.0
5.0	2.0	100.0	5.0	161087.66390699998	15.36	1744.16	4557.0	3466.0	4211.0	4386.0	4554.0
5.0	2.0	100.0	5.0	159708.691347	15.23	1779.73	3491.0	1821.0	3129.0	3340.0	3466.0
5.0	2.0	100.0	5.0	154783.58746	14.76	1825.61333	3818.33333	2321.0	3513.0	3673.0	3808.33333
5.0	2.0	100.0	10.0	125524.06296300002	11.97	2265.42	4776.0	2317.0	4561.0	4729.0	4773.0
5.0	2.0	100.0	10.0	147067.47455699998	14.03	1903.98	3277.0	2064.0	2277.0	2439.0	2509.0
5.0	2.0	100.0	10.0	154865.886143	14.77	1851.6	3235.0	1908.0	2941.0	3105.0	3214.0
5.0	2.0	100.0	10.0	142485.80789	13.59	2007.0	3762.66667	2096.33333	3259.66667	3424.33333	3498.66667
5.0	2.0	500.0	0.0	35623.953546	16.99	1733.57	2621.0	1930.0	2316.0	2411.0	2598.0
5.0	2.0	500.0	0.0	30440.473654	14.52	2055.41	2416.0	2178.0	2366.0	2388.0	2404.0
5.0	2.0	500.0	0.0	30687.083806	14.63	2025.39	3528.0	2096.0	3414.0	3498.0	3523.0
5.0	2.0	500.0	0.0	32250.50367	15.38	1938.12333	2855.0	2068.0	2698.66667	2765.66667	2841.66667
5.0	2.0	500.0	1.0	33024.008454	15.75	1907.31	3501.0	1871.0	3036.0	3445.0	3491.0
5.0	2.0	500.0	1.0	30451.597186000003	14.52	2030.68	10035.0	513.0	1096.0	1258.0	1303.0
5.0	2.0	500.0	1.0	34312.379907	16.36	1795.4	3591.0	1099.0	3052.0	3266.0	3374.0
5.0	2.0	500.0	1.0	32595.99518	15.54333	1911.13	5709.0	1161.0	2394.66667	2656.33333	2722.66667
5.0	2.0	500.0	2.0	28598.39277	13.64	2200.43	4397.0	2125.0	4016.0	4321.0	4364.0
5.0	2.0	500.0	2.0	32477.022506999998	15.49	1927.33	3000.0	1998.0	2249.0	2692.0	2815.0
5.0	2.0	500.0	2.0	31372.54902	14.96	1954.84	4167.0	1282.0	2117.0	2347.0	2408.0
5.0	2.0	500.0	2.0	30815.9881	14.69667	2027.53333	3854.66667	1801.66667	2794.0	3120.0	3195.66667
5.0	2.0	500.0	5.0	32117.163412	15.31	1940.59	3223.0	2062.0	3111.0	3178.0	3205.0
5.0	2.0	500.0	5.0	29313.478337	13.98	2130.76	3300.0	2249.0	2462.0	3103.0	3281.0
5.0	2.0	500.0	5.0	32384.468408999997	15.44	1910.57	3628.0	2052.0	3226.0	3532.0	3621.0
5.0	2.0	500.0	5.0	31271.70339	14.91	1993.97333	3383.66667	2121.0	2933.0	3271.0	3369.0
5.0	2.0	500.0	10.0	33835.222467	16.13	1864.53	3650.0	1874.0	3244.0	3611.0	3646.0
5.0	2.0	500.0	10.0	31501.023782999997	15.02	1970.41	2885.0	2064.0	2491.0	2743.0	2881.0
5.0	2.0	500.0	10.0	27392.007012000002	13.06	2298.75	3807.0	2253.0	3533.0	3766.0	3794.0
5.0	2.0	500.0	10.0	30909.41775	14.73667	2044.56333	3447.33333	2063.66667	3089.33333	3373.33333	3440.33333
5.0	2.0	1000.0	0.0	15284.910736000002	14.58	2021.74	2709.0	2105.0	2424.0	2639.0	2687.0
5.0	2.0	1000.0	0.0	16320.668494999998	15.56	1881.45	3516.0	1826.0	2887.0	3297.0	3501.0
5.0	2.0	1000.0	0.0	15647.982975	14.92	1965.63	9130.0	1666.0	6742.0	8164.0	9102.0
5.0	2.0	1000.0	0.0	15751.1874	15.02	1956.27333	5118.33333	1865.66667	4017.66667	4700.0	5096.66667
5.0	2.0	1000.0	1.0	14357.914082	13.69	2180.42	2644.0	2456.0	2570.0	2605.0	2630.0
5.0	2.0	1000.0	1.0	13957.123716	13.31	2207.15	4650.0	2112.0	3945.0	4589.0	4627.0
5.0	2.0	1000.0	1.0	16805.028064	16.03	1827.81	3255.0	1607.0	2893.0	3131.0	3206.0
5.0	2.0	1000.0	1.0	15040.02195	14.34333	2071.79333	3516.33333	2058.33333	3136.0	3441.66667	3487.66667
5.0	2.0	1000.0	2.0	13814.826071000001	13.17	2298.37	11948.0	2027.0	7228.0	11576.0	11908.0
5.0	2.0	1000.0	2.0	16662.223406999998	15.89	1865.87	3226.0	2087.0	2658.0	3004.0	3188.0
5.0	2.0	1000.0	2.0	14158.690604	13.5	2212.94	3551.0	2241.0	3240.0	3458.0	3523.0
5.0	2.0	1000.0	2.0	14878.58003	14.18667	2125.72667	6241.66667	2118.33333	4375.33333	6012.66667	6206.33333
5.0	2.0	1000.0	5.0	15412.120090999999	14.7	2003.38	4009.0	2041.0	3047.0	3623.0	3984.0
5.0	2.0	1000.0	5.0	15697.108593	14.97	1951.69	4509.0	1636.0	4187.0	4384.0	4481.0
5.0	2.0	1000.0	5.0	14682.994156	14.0	2127.29	3625.0	2266.0	3314.0	3542.0	3608.0
5.0	2.0	1000.0	5.0	15264.07428	14.55667	2027.45333	4047.66667	1981.0	3516.0	3849.66667	4024.33333
5.0	2.0	1000.0	10.0	13744.193078	13.11	2284.35	3340.0	2361.0	3188.0	3294.0	3331.0
5.0	2.0	1000.0	10.0	14919.138271000002	14.23	2106.75	3495.0	2129.0	2828.0	3371.0	3451.0
5.0	2.0	1000.0	10.0	15864.957482	15.13	1979.86	3315.0	1962.0	3141.0	3252.0	3298.0
5.0	2.0	1000.0	10.0	14842.76294	14.15667	2123.65333	3383.33333	2150.66667	3052.33333	3305.66667	3360.0
5.0	5.0	100.0	0.0	112772.627828	10.75	1585.74	18435.0	151.0	2407.0	3276.0	3464.0
5.0	5.0	100.0	0.0	285600.045696	27.24	953.13	1643.0	1270.0	1584.0	1618.0	1641.0
5.0	5.0	100.0	0.0	148911.457248	14.2	1847.9	3747.0	1878.0	2125.0	2319.0	2570.0
5.0	5.0	100.0	0.0	182428.04359	17.39667	1462.25667	7941.66667	1099.66667	2038.66667	2404.33333	2558.33333
5.0	5.0	100.0	1.0	146554.50362	13.98	1934.09	2896.0	2085.0	2250.0	2418.0	2547.0
5.0	5.0	100.0	1.0	144910.73498699997	13.82	1966.55	2394.0	2127.0	2205.0	2247.0	2283.0
5.0	5.0	100.0	1.0	143418.523937	13.68	1944.34	3580.0	1910.0	2375.0	2601.0	2715.0
5.0	5.0	100.0	1.0	144961.25418	13.82667	1948.32667	2956.66667	2040.66667	2276.66667	2422.0	2515.0
5.0	5.0	100.0	2.0	151579.457952	14.46	1874.83	2701.0	2050.0	2192.0	2391.0	2484.0
5.0	5.0	100.0	2.0	148064.793153	14.12	1916.0	2750.0	2087.0	2199.0	2349.0	2412.0
5.0	5.0	100.0	2.0	149490.238287	14.26	1905.96	2973.0	2038.0	2267.0	2778.0	2866.0
5.0	5.0	100.0	2.0	149711.49646	14.28	1898.93	2808.0	2058.33333	2219.33333	2506.0	2587.33333
5.0	5.0	100.0	5.0	52207.325732	4.98	4962.5	71221.0	2017.0	7346.0	8113.0	8268.0
5.0	5.0	100.0	5.0	323206.205559	30.82	846.48	2115.0	545.0	999.0	1053.0	1072.0
5.0	5.0	100.0	5.0	284187.791292	27.1	966.46	2721.0	806.0	1909.0	2576.0	2601.0
5.0	5.0	100.0	5.0	219867.10753	20.96667	2258.48	25352.33333	1122.66667	3418.0	3914.0	3980.33333
5.0	5.0	100.0	10.0	158815.86888199998	15.15	1702.82	5271.0	1123.0	2025.0	2076.0	2231.0
5.0	5.0	100.0	10.0	132380.195923	12.62	2157.01	2871.0	2327.0	2526.0	2663.0	2744.0
5.0	5.0	100.0	10.0	122294.239941	11.66	2308.29	3597.0	2417.0	2617.0	2783.0	3034.0
5.0	5.0	100.0	10.0	137830.10158	13.14333	2056.04	3913.0	1955.66667	2389.33333	2507.33333	2669.66667
5.0	5.0	500.0	0.0	29494.1749	14.06	2050.47	4091.0	2157.0	2431.0	3778.0	4038.0
5.0	5.0	500.0	0.0	31188.597449	14.87	1995.89	3493.0	2045.0	3196.0	3380.0	3455.0
5.0	5.0	500.0	0.0	30662.619200999998	14.62	2030.94	2658.0	2180.0	2323.0	2509.0	2584.0
5.0	5.0	500.0	0.0	30448.46385	14.51667	2025.76667	3414.0	2127.33333	2650.0	3222.33333	3359.0
5.0	5.0	500.0	1.0	28995.592669999998	13.83	2101.22	3602.0	2010.0	3296.0	3370.0	3567.0
5.0	5.0	500.0	1.0	29163.021289	13.91	2127.42	3121.0	2311.0	2537.0	2689.0	2996.0
5.0	5.0	500.0	1.0	24355.196181	11.61	2477.72	5191.0	2584.0	2682.0	5047.0	5142.0
5.0	5.0	500.0	1.0	27504.60338	13.11667	2235.45333	3971.33333	2301.66667	2838.33333	3702.0	3901.66667
5.0	5.0	500.0	2.0	29378.066336	14.01	2118.98	3015.0	2258.0	2445.0	2515.0	2944.0
5.0	5.0	500.0	2.0	28331.019633	13.51	2201.84	2896.0	2343.0	2413.0	2548.0	2773.0
5.0	5.0	500.0	2.0	28570.612268	13.62	2141.3	3650.0	2133.0	3204.0	3323.0	3590.0
5.0	5.0	500.0	2.0	28759.89941	13.71333	2154.04	3187.0	2244.66667	2687.33333	2795.33333	3102.33333
5.0	5.0	500.0	5.0	30304.866962	14.45	2048.06	3818.0	2094.0	3438.0	3613.0	3737.0
5.0	5.0	500.0	5.0	30157.724900999998	14.38	2069.48	3027.0	2197.0	2453.0	2646.0	2983.0
5.0	5.0	500.0	5.0	28916.777513999998	13.79	2092.6	4046.0	1952.0	3471.0	3565.0	3997.0
5.0	5.0	500.0	5.0	29793.12313	14.20667	2070.04667	3630.33333	2081.0	3120.66667	3274.66667	3572.33333
5.0	5.0	500.0	10.0	27971.245560000003	13.34	2177.47	4422.0	2129.0	3529.0	3687.0	4328.0
5.0	5.0	500.0	10.0	28030.048212	13.37	2228.19	2928.0	2357.0	2633.0	2779.0	2878.0
5.0	5.0	500.0	10.0	26489.36452	12.63	2294.97	4363.0	2389.0	3008.0	4080.0	4294.0
5.0	5.0	500.0	10.0	27496.8861	13.11333	2233.54333	3904.33333	2291.66667	3056.66667	3515.33333	3833.33333
5.0	5.0	1000.0	0.0	13968.431344999999	13.32	2233.24	5179.0	2145.0	4740.0	5060.0	5156.0
5.0	5.0	1000.0	0.0	11753.64363	11.21	2689.32	5862.0	2720.0	5151.0	5670.0	5801.0
5.0	5.0	1000.0	0.0	14119.906244	13.47	2218.95	3249.0	2342.0	2535.0	2663.0	3095.0
5.0	5.0	1000.0	0.0	13280.66041	12.66667	2380.50333	4763.33333	2402.33333	4142.0	4464.33333	4684.0
5.0	5.0	1000.0	1.0	14118.710115	13.46	2220.76	2786.0	2327.0	2503.0	2652.0	2749.0
5.0	5.0	1000.0	1.0	13389.390247	12.77	2283.09	3811.0	2208.0	3475.0	3548.0	3708.0
5.0	5.0	1000.0	1.0	13347.570742	12.73	2321.6	3652.0	2401.0	3020.0	3074.0	3538.0
5.0	5.0	1000.0	1.0	13618.55703	12.98667	2275.15	3416.33333	2312.0	2999.33333	3091.33333	3331.66667
5.0	5.0	1000.0	2.0	13348.996154999999	12.73	2355.35	3521.0	2475.0	2657.0	2873.0	3456.0
5.0	5.0	1000.0	2.0	13829.728384	13.19	2269.56	3091.0	2400.0	2575.0	2773.0	3008.0
5.0	5.0	1000.0	2.0	13295.397134	12.68	2266.0	5301.0	2093.0	3613.0	4666.0	5103.0
5.0	5.0	1000.0	2.0	13491.37389	12.86667	2296.97	3971.0	2322.66667	2948.33333	3437.33333	3855.66667
5.0	5.0	1000.0	5.0	14113.529229	13.46	2199.97	3187.0	2238.0	2947.0	3020.0	3135.0
5.0	5.0	1000.0	5.0	9578.360568	9.13	2551.58	16512.0	2569.0	2909.0	4437.0	16331.0
5.0	5.0	1000.0	5.0	18525.37977	17.67	1607.12	4023.0	1072.0	3562.0	3948.0	4005.0
5.0	5.0	1000.0	5.0	14072.42319	13.42	2119.55667	7907.33333	1959.66667	3139.33333	3801.66667	7823.66667
5.0	5.0	1000.0	10.0	12383.287515	11.81	2530.66	3336.0	2731.0	2930.0	3152.0	3293.0
5.0	5.0	1000.0	10.0	12514.078338	11.93	2452.49	4196.0	2373.0	3682.0	3841.0	4065.0
5.0	5.0	1000.0	10.0	13403.029085	12.78	2335.16	3189.0	2489.0	2735.0	2939.0	3166.0
5.0	5.0	1000.0	10.0	12766.79831	12.17333	2439.43667	3573.66667	2531.0	3115.66667	3310.66667	3508.0
