1.0	1.0	100.0	500000.0	666577.789628	63.57	308.45	1143.0	230.0	849.0	1105.0	1138.0
1.0	1.0	100.0	500000.0	1159285.879898	110.56	5.48	142.0	1.0	34.0	48.0	60.0
1.0	1.0	100.0	500000.0	758610.226066	72.35	243.35	1114.0	210.0	1029.0	1094.0	1113.0
1.0	1.0	100.0	500000.0	861491.29853	82.16	185.76	799.66667	147.0	637.33333	749.0	770.33333
1.0	1.0	100.0	1048576.0	1134044.000907	108.15	2.81	144.0	1.0	20.0	37.0	40.0
1.0	1.0	100.0	1048576.0	1037129.226302	98.91	26.29	141.0	1.0	115.0	132.0	141.0
1.0	1.0	100.0	1048576.0	993443.2743889999	94.74	72.92	251.0	29.0	234.0	242.0	248.0
1.0	1.0	100.0	1048576.0	1054872.1672	100.6	34.00667	178.66667	10.33333	123.0	137.0	143.0
1.0	1.0	100.0	2000000.0	946073.793756	90.22	100.13	839.0	1.0	720.0	821.0	836.0
1.0	1.0	100.0	2000000.0	967866.821525	92.3	59.95	300.0	32.0	219.0	278.0	299.0
1.0	1.0	100.0	2000000.0	1052631.578947	100.39	63.63	440.0	28.0	393.0	428.0	438.0
1.0	1.0	100.0	2000000.0	988857.39808	94.30333	74.57	526.33333	20.33333	444.0	509.0	524.33333
1.0	1.0	100.0	5000000.0	1094331.363537	104.36	44.77	205.0	6.0	170.0	189.0	205.0
1.0	1.0	100.0	5000000.0	1165772.907438	111.18	11.15	153.0	1.0	78.0	136.0	151.0
1.0	1.0	100.0	5000000.0	1132246.376812	107.98	4.76	137.0	1.0	31.0	50.0	61.0
1.0	1.0	100.0	5000000.0	1130783.54926	107.84	20.22667	165.0	2.66667	93.0	125.0	139.0
1.0	1.0	100.0	10000000.0	1148633.1265790001	109.54	1.5	136.0	1.0	7.0	21.0	23.0
1.0	1.0	100.0	10000000.0	1172882.946282	111.85	9.76	137.0	1.0	54.0	89.0	99.0
1.0	1.0	100.0	10000000.0	1155802.126676	110.23	1.22	133.0	1.0	5.0	10.0	15.0
1.0	1.0	100.0	10000000.0	1159106.06651	110.54	4.16	135.33333	1.0	22.0	40.0	45.66667
1.0	1.0	500.0	500000.0	232774.674115	111.0	253.58	624.0	232.0	596.0	613.0	623.0
1.0	1.0	500.0	500000.0	239635.753654	114.27	246.78	589.0	236.0	570.0	580.0	588.0
1.0	1.0	500.0	500000.0	224215.24663699997	106.91	265.83	1053.0	225.0	993.0	1037.0	1050.0
1.0	1.0	500.0	500000.0	232208.55814	110.72667	255.39667	755.33333	231.0	719.66667	743.33333	753.66667
1.0	1.0	500.0	1048576.0	270929.287456	129.19	213.75	293.0	220.0	257.0	279.0	291.0
1.0	1.0	500.0	1048576.0	244259.892526	116.47	240.73	678.0	219.0	646.0	667.0	676.0
1.0	1.0	500.0	1048576.0	249687.89013699998	119.06	234.01	581.0	219.0	491.0	553.0	576.0
1.0	1.0	500.0	1048576.0	254959.02337	121.57333	229.49667	517.33333	219.33333	464.66667	499.66667	514.33333
1.0	1.0	500.0	2000000.0	245098.03921599998	116.87	240.23	723.0	212.0	652.0	712.0	721.0
1.0	1.0	500.0	2000000.0	271223.21670700004	129.33	214.14	261.0	221.0	252.0	257.0	259.0
1.0	1.0	500.0	2000000.0	247157.686604	117.85	237.53	689.0	216.0	659.0	682.0	688.0
1.0	1.0	500.0	2000000.0	254492.98084	121.35	230.63333	557.66667	216.33333	521.0	550.33333	556.0
1.0	1.0	500.0	5000000.0	270270.27027	128.87	213.34	284.0	223.0	264.0	272.0	283.0
1.0	1.0	500.0	5000000.0	205044.084478	97.77	295.31	1366.0	228.0	1315.0	1344.0	1365.0
1.0	1.0	500.0	5000000.0	271812.992661	129.61	212.67	270.0	223.0	252.0	259.0	269.0
1.0	1.0	500.0	5000000.0	249042.44914	118.75	240.44	640.0	224.66667	610.33333	625.0	639.0
1.0	1.0	500.0	10000000.0	241545.89372	115.18	243.27	541.0	223.0	530.0	540.0	541.0
1.0	1.0	500.0	10000000.0	274574.409665	130.93	212.16	289.0	232.0	265.0	273.0	288.0
1.0	1.0	500.0	10000000.0	260688.21689299998	124.31	225.68	403.0	225.0	383.0	397.0	402.0
1.0	1.0	500.0	10000000.0	258936.17343	123.47333	227.03667	411.0	226.66667	392.66667	403.33333	410.33333
1.0	1.0	1000.0	500000.0	141402.714932	134.85	206.89	298.0	209.0	241.0	277.0	296.0
1.0	1.0	1000.0	500000.0	137551.581843	131.18	214.13	271.0	210.0	260.0	265.0	269.0
1.0	1.0	1000.0	500000.0	143472.022956	136.83	204.89	278.0	210.0	239.0	258.0	276.0
1.0	1.0	1000.0	500000.0	140808.77324	134.28667	208.63667	282.33333	209.66667	246.66667	266.66667	280.33333
1.0	1.0	1000.0	1048576.0	143225.43683800002	136.59	206.93	312.0	207.0	252.0	296.0	310.0
1.0	1.0	1000.0	1048576.0	144592.249855	137.89	205.74	270.0	206.0	240.0	258.0	268.0
1.0	1.0	1000.0	1048576.0	142857.142857	136.24	206.21	278.0	205.0	236.0	261.0	277.0
1.0	1.0	1000.0	1048576.0	143558.27652	136.90667	206.29333	286.66667	206.0	242.66667	271.66667	285.0
1.0	1.0	1000.0	2000000.0	143348.623853	136.71	205.72	283.0	206.0	242.0	265.0	280.0
1.0	1.0	1000.0	2000000.0	124007.936508	118.26	241.63	656.0	220.0	553.0	640.0	654.0
1.0	1.0	1000.0	2000000.0	138504.155125	132.09	212.01	300.0	207.0	245.0	280.0	299.0
1.0	1.0	1000.0	2000000.0	135286.90516	129.02	219.78667	413.0	211.0	346.66667	395.0	411.0
1.0	1.0	1000.0	5000000.0	145095.763204	138.37	204.13	302.0	198.0	253.0	286.0	301.0
1.0	1.0	1000.0	5000000.0	143802.128271	137.14	206.31	328.0	203.0	297.0	315.0	326.0
1.0	1.0	1000.0	5000000.0	128932.439402	122.96	230.35	513.0	214.0	492.0	512.0	513.0
1.0	1.0	1000.0	5000000.0	139276.77696	132.82333	213.59667	381.0	205.0	347.33333	371.0	380.0
1.0	1.0	1000.0	10000000.0	133084.90817100002	126.92	223.16	597.0	205.0	585.0	595.0	597.0
1.0	1.0	1000.0	10000000.0	144550.448106	137.85	205.64	295.0	209.0	243.0	278.0	293.0
1.0	1.0	1000.0	10000000.0	125093.820365	119.3	239.15	750.0	210.0	728.0	749.0	750.0
1.0	1.0	1000.0	10000000.0	134243.05888	128.02333	222.65	547.33333	208.0	518.66667	540.66667	546.66667
1.0	2.0	100.0	500000.0	1219512.1951219998	116.3	1.52	136.0	1.0	5.0	16.0	25.0
1.0	2.0	100.0	500000.0	1281394.156843	122.2	1.43	135.0	1.0	6.0	15.0	21.0
1.0	2.0	100.0	500000.0	1334400.854017	127.26	0.86	136.0	1.0	1.0	2.0	8.0
1.0	2.0	100.0	500000.0	1278435.73533	121.92	1.27	135.66667	1.0	4.0	11.0	18.0
1.0	2.0	100.0	1048576.0	1392369.813422	132.79	0.79	135.0	1.0	1.0	3.0	13.0
1.0	2.0	100.0	1048576.0	1315097.317201	125.42	1.92	194.0	1.0	8.0	32.0	62.0
1.0	2.0	100.0	1048576.0	1353546.291283	129.08	0.98	139.0	1.0	2.0	8.0	25.0
1.0	2.0	100.0	1048576.0	1353671.14064	129.09667	1.23	156.0	1.0	3.66667	14.33333	33.33333
1.0	2.0	100.0	2000000.0	1333688.9837290002	127.19	17.17	282.0	1.0	136.0	253.0	279.0
1.0	2.0	100.0	2000000.0	1268069.997464	120.93	24.25	377.0	1.0	231.0	348.0	366.0
1.0	2.0	100.0	2000000.0	1425313.568985	135.93	0.85	135.0	1.0	1.0	4.0	11.0
1.0	2.0	100.0	2000000.0	1342357.51673	128.01667	14.09	264.66667	1.0	122.66667	201.66667	218.66667
1.0	2.0	100.0	5000000.0	1280409.7311139998	122.11	25.4	304.0	1.0	261.0	289.0	302.0
1.0	2.0	100.0	5000000.0	1208313.19478	115.23	52.41	749.0	1.0	671.0	737.0	747.0
1.0	2.0	100.0	5000000.0	1344447.432105	128.22	0.97	146.0	1.0	2.0	4.0	9.0
1.0	2.0	100.0	5000000.0	1277723.45267	121.85333	26.26	399.66667	1.0	311.33333	343.33333	352.66667
1.0	2.0	100.0	10000000.0	1073652.5660299999	102.39	47.82	683.0	1.0	546.0	668.0	678.0
1.0	2.0	100.0	10000000.0	1294665.976178	123.47	1.38	135.0	1.0	4.0	19.0	40.0
1.0	2.0	100.0	10000000.0	1447178.0028940002	138.01	0.88	133.0	1.0	2.0	4.0	11.0
1.0	2.0	100.0	10000000.0	1271832.1817	121.29	16.69333	317.0	1.0	184.0	230.33333	243.0
1.0	2.0	500.0	500000.0	363108.206245	173.14	151.36	200.0	159.0	195.0	198.0	200.0
1.0	2.0	500.0	500000.0	364298.724954	173.71	151.82	189.0	159.0	182.0	187.0	188.0
1.0	2.0	500.0	500000.0	371195.248701	177.0	145.97	205.0	151.0	180.0	193.0	205.0
1.0	2.0	500.0	500000.0	366200.72663	174.61667	149.71667	198.0	156.33333	185.66667	192.66667	197.66667
1.0	2.0	500.0	1048576.0	304043.782305	144.98	188.46	758.0	158.0	746.0	749.0	757.0
1.0	2.0	500.0	1048576.0	364564.345607	173.84	151.0	206.0	154.0	188.0	198.0	204.0
1.0	2.0	500.0	1048576.0	344471.236652	164.26	164.52	447.0	155.0	379.0	439.0	445.0
1.0	2.0	500.0	1048576.0	337693.12152	161.02667	167.99333	470.33333	155.66667	437.66667	462.0	468.66667
1.0	2.0	500.0	2000000.0	316756.414317	151.04	181.35	283.0	170.0	280.0	282.0	283.0
1.0	2.0	500.0	2000000.0	343170.899108	163.64	162.81	218.0	163.0	206.0	215.0	218.0
1.0	2.0	500.0	2000000.0	378071.833648	180.28	147.77	198.0	146.0	190.0	196.0	197.0
1.0	2.0	500.0	2000000.0	345999.71569	164.98667	163.97667	233.0	159.66667	225.33333	231.0	232.66667
1.0	2.0	500.0	5000000.0	299222.022741	142.68	191.88	719.0	151.0	688.0	717.0	718.0
1.0	2.0	500.0	5000000.0	378501.135503	180.48	142.37	191.0	149.0	176.0	189.0	191.0
1.0	2.0	500.0	5000000.0	339328.130302	161.8	159.92	217.0	167.0	201.0	212.0	216.0
1.0	2.0	500.0	5000000.0	339017.09618	161.65333	164.72333	375.66667	155.66667	355.0	372.66667	375.0
1.0	2.0	500.0	10000000.0	371333.085778	177.07	149.88	195.0	151.0	187.0	191.0	195.0
1.0	2.0	500.0	10000000.0	156862.745098	74.8	396.45	3705.0	162.0	3679.0	3694.0	3704.0
1.0	2.0	500.0	10000000.0	350140.056022	166.96	154.32	204.0	162.0	190.0	200.0	204.0
1.0	2.0	500.0	10000000.0	292778.62897	139.61	233.55	1368.0	158.33333	1352.0	1361.66667	1367.66667
1.0	2.0	1000.0	500000.0	178062.678063	169.81	160.88	335.0	151.0	321.0	326.0	335.0
1.0	2.0	1000.0	500000.0	192901.234568	183.96	147.17	212.0	146.0	184.0	204.0	211.0
1.0	2.0	1000.0	500000.0	78468.298807	74.83	396.67	2803.0	159.0	2800.0	2802.0	2802.0
1.0	2.0	1000.0	500000.0	149810.73715	142.86667	234.90667	1116.66667	152.0	1101.66667	1110.66667	1116.0
1.0	2.0	1000.0	1048576.0	197083.169097	187.95	144.85	214.0	148.0	195.0	207.0	213.0
1.0	2.0	1000.0	1048576.0	197316.49565899998	188.18	143.67	207.0	142.0	179.0	202.0	206.0
1.0	2.0	1000.0	1048576.0	132696.390658	126.55	214.41	784.0	157.0	751.0	774.0	783.0
1.0	2.0	1000.0	1048576.0	175698.68514	167.56	167.64333	401.66667	149.0	375.0	394.33333	400.66667
1.0	2.0	1000.0	2000000.0	86206.89655199999	82.21	346.03	515.0	354.0	489.0	494.0	511.0
1.0	2.0	1000.0	2000000.0	95693.779904	91.26	312.08	385.0	328.0	364.0	375.0	382.0
1.0	2.0	1000.0	2000000.0	101584.72165800001	96.88	294.96	500.0	315.0	459.0	490.0	495.0
1.0	2.0	1000.0	2000000.0	94495.1327	90.11667	317.69	466.66667	332.33333	437.33333	453.0	462.66667
1.0	2.0	1000.0	5000000.0	109649.12280699999	104.57	267.25	604.0	273.0	520.0	585.0	586.0
1.0	2.0	1000.0	5000000.0	64028.684851	61.06	325.94	3592.0	281.0	820.0	3570.0	3590.0
1.0	2.0	1000.0	5000000.0	176865.935621	168.67	155.47	277.0	152.0	209.0	253.0	273.0
1.0	2.0	1000.0	5000000.0	116847.91443	111.43333	249.55333	1491.0	235.33333	516.33333	1469.33333	1483.0
1.0	2.0	1000.0	10000000.0	149700.598802	142.77	186.99	615.0	152.0	596.0	609.0	615.0
1.0	2.0	1000.0	10000000.0	149521.5311	142.59	195.11	610.0	164.0	594.0	607.0	610.0
1.0	2.0	1000.0	10000000.0	142694.063927	136.08	203.23	333.0	204.0	306.0	325.0	332.0
1.0	2.0	1000.0	10000000.0	147305.39794	140.48	195.11	519.33333	173.33333	498.66667	513.66667	519.0
1.0	5.0	100.0	500000.0	134084.20488099998	12.79	1.07	33322.0	1.0	4.0	11.0	21.0
1.0	5.0	100.0	500000.0	1074806.534824	102.5	31.61	329.0	1.0	239.0	314.0	327.0
1.0	5.0	100.0	500000.0	1072041.1663809998	102.24	35.19	201.0	28.0	138.0	181.0	198.0
1.0	5.0	100.0	500000.0	760310.63536	72.51	22.62333	11284.0	10.0	127.0	168.66667	182.0
1.0	5.0	100.0	1048576.0	1006238.6798149999	95.96	95.26	404.0	6.0	270.0	287.0	295.0
1.0	5.0	100.0	1048576.0	1064282.673478	101.5	34.21	225.0	14.0	116.0	212.0	224.0
1.0	5.0	100.0	1048576.0	1029866.1174049999	98.22	83.17	333.0	1.0	299.0	323.0	333.0
1.0	5.0	100.0	1048576.0	1033462.49023	98.56	70.88	320.66667	7.0	228.33333	274.0	284.0
1.0	5.0	100.0	2000000.0	874737.578726	83.42	150.13	654.0	54.0	608.0	641.0	652.0
1.0	5.0	100.0	2000000.0	1012145.7489879999	96.53	88.36	303.0	31.0	263.0	286.0	290.0
1.0	5.0	100.0	2000000.0	1079214.331966	102.92	9.16	140.0	1.0	59.0	85.0	98.0
1.0	5.0	100.0	2000000.0	988699.21989	94.29	82.55	365.66667	28.66667	310.0	337.33333	346.66667
1.0	5.0	100.0	5000000.0	1121076.233184	106.91	18.47	137.0	3.0	71.0	79.0	81.0
1.0	5.0	100.0	5000000.0	1061571.125265	101.24	38.78	162.0	4.0	139.0	156.0	160.0
1.0	5.0	100.0	5000000.0	1098177.0261370002	104.73	13.96	136.0	1.0	83.0	111.0	117.0
1.0	5.0	100.0	5000000.0	1093608.1282	104.29333	23.73667	145.0	2.66667	97.66667	115.33333	119.33333
1.0	5.0	100.0	10000000.0	1135331.5168030001	108.27	15.84	135.0	1.0	89.0	103.0	119.0
1.0	5.0	100.0	10000000.0	1006036.217304	95.94	97.44	375.0	3.0	344.0	361.0	374.0
1.0	5.0	100.0	10000000.0	1062473.438164	101.33	49.8	235.0	2.0	208.0	220.0	234.0
1.0	5.0	100.0	10000000.0	1067947.05742	101.84667	54.36	248.33333	2.0	213.66667	228.0	242.33333
1.0	5.0	500.0	500000.0	270635.994587	129.05	213.99	260.0	217.0	242.0	251.0	259.0
1.0	5.0	500.0	500000.0	247831.474597	118.18	236.1	496.0	229.0	449.0	483.0	494.0
1.0	5.0	500.0	500000.0	234466.588511	111.8	250.8	783.0	229.0	684.0	767.0	781.0
1.0	5.0	500.0	500000.0	250978.01923	119.67667	233.63	513.0	225.0	458.33333	500.33333	511.33333
1.0	5.0	500.0	1048576.0	265181.64943	126.45	220.71	297.0	229.0	266.0	280.0	295.0
1.0	5.0	500.0	1048576.0	228206.29849400002	108.82	261.39	738.0	235.0	709.0	734.0	737.0
1.0	5.0	500.0	1048576.0	244678.248104	116.67	242.29	501.0	231.0	386.0	480.0	498.0
1.0	5.0	500.0	1048576.0	246022.06534	117.31333	241.46333	512.0	231.66667	453.66667	498.0	510.0
1.0	5.0	500.0	2000000.0	248941.996515	118.7	239.4	704.0	210.0	641.0	696.0	702.0
1.0	5.0	500.0	2000000.0	251382.60432399999	119.87	232.6	425.0	227.0	367.0	415.0	424.0
1.0	5.0	500.0	2000000.0	253936.00812600003	121.09	233.17	565.0	217.0	513.0	558.0	564.0
1.0	5.0	500.0	2000000.0	251420.20299	119.88667	235.05667	564.66667	218.0	507.0	556.33333	563.33333
1.0	5.0	500.0	5000000.0	279563.88034699997	133.31	203.75	275.0	202.0	254.0	271.0	274.0
1.0	5.0	500.0	5000000.0	267522.739433	127.56	219.05	299.0	223.0	264.0	284.0	297.0
1.0	5.0	500.0	5000000.0	268312.315535	127.94	217.25	276.0	219.0	262.0	273.0	275.0
1.0	5.0	500.0	5000000.0	271799.6451	129.60333	213.35	283.33333	214.66667	260.0	276.0	282.0
1.0	5.0	500.0	10000000.0	211104.074309	100.66	283.19	815.0	238.0	803.0	813.0	814.0
1.0	5.0	500.0	10000000.0	255754.47570300003	121.95	226.13	290.0	225.0	278.0	289.0	289.0
1.0	5.0	500.0	10000000.0	257069.40874	122.58	224.63	417.0	221.0	393.0	413.0	416.0
1.0	5.0	500.0	10000000.0	241309.31958	115.06333	244.65	507.33333	228.0	491.33333	505.0	506.33333
1.0	5.0	1000.0	500000.0	138121.546961	131.72	213.9	302.0	213.0	250.0	282.0	300.0
1.0	5.0	1000.0	500000.0	142571.99885899998	135.97	206.64	282.0	206.0	263.0	273.0	280.0
1.0	5.0	1000.0	500000.0	133582.687684	127.39	222.13	458.0	205.0	442.0	456.0	458.0
1.0	5.0	1000.0	500000.0	138092.07783	131.69333	214.22333	347.33333	208.0	318.33333	337.0	346.0
1.0	5.0	1000.0	1048576.0	139004.726161	132.57	213.93	318.0	213.0	252.0	302.0	314.0
1.0	5.0	1000.0	1048576.0	141442.7157	134.89	208.14	284.0	205.0	250.0	265.0	281.0
1.0	5.0	1000.0	1048576.0	127291.24236300001	121.39	235.81	747.0	208.0	717.0	743.0	747.0
1.0	5.0	1000.0	1048576.0	135912.89474	129.61667	219.29333	449.66667	208.66667	406.33333	436.66667	447.33333
1.0	5.0	1000.0	2000000.0	140056.022409	133.57	213.0	342.0	216.0	321.0	340.0	341.0
1.0	5.0	1000.0	2000000.0	145306.59692	138.58	203.46	302.0	209.0	253.0	281.0	300.0
1.0	5.0	1000.0	2000000.0	144466.917076	137.77	203.75	277.0	208.0	241.0	261.0	275.0
1.0	5.0	1000.0	2000000.0	143276.51214	136.64	206.73667	307.0	211.0	271.66667	294.0	305.33333
1.0	5.0	1000.0	5000000.0	142857.142857	136.24	208.41	322.0	210.0	272.0	308.0	321.0
1.0	5.0	1000.0	5000000.0	118091.63911199999	112.62	255.25	794.0	208.0	728.0	774.0	788.0
1.0	5.0	1000.0	5000000.0	132310.134956	126.18	224.46	700.0	201.0	620.0	682.0	698.0
1.0	5.0	1000.0	5000000.0	131086.30564	125.01333	229.37333	605.33333	206.33333	540.0	588.0	602.33333
1.0	5.0	1000.0	10000000.0	127681.30745699999	121.77	235.98	635.0	216.0	619.0	631.0	634.0
1.0	5.0	1000.0	10000000.0	143472.022956	136.83	207.34	299.0	210.0	242.0	283.0	297.0
1.0	5.0	1000.0	10000000.0	123122.383649	117.42	236.82	600.0	208.0	471.0	596.0	599.0
1.0	5.0	1000.0	10000000.0	131425.23802	125.34	226.71333	511.33333	211.33333	444.0	503.33333	510.0
2.0	1.0	100.0	500000.0	285730.613178	27.25	1004.02	3327.0	729.0	2347.0	3088.0	3298.0
2.0	1.0	100.0	500000.0	426730.39173800003	40.7	654.78	1063.0	616.0	971.0	1039.0	1062.0
2.0	1.0	100.0	500000.0	423441.734417	40.38	657.59	1459.0	593.0	1237.0	1414.0	1458.0
2.0	1.0	100.0	500000.0	378634.24644	36.11	772.13	1949.66667	646.0	1518.33333	1847.0	1939.33333
2.0	1.0	100.0	1048576.0	396447.827466	37.81	717.66	1595.0	635.0	1377.0	1556.0	1592.0
2.0	1.0	100.0	1048576.0	442556.204638	42.21	618.06	1117.0	594.0	1023.0	1085.0	1115.0
2.0	1.0	100.0	1048576.0	460999.44680100004	43.96	612.19	781.0	610.0	738.0	758.0	779.0
2.0	1.0	100.0	1048576.0	433334.49297	41.32667	649.30333	1164.33333	613.0	1046.0	1133.0	1162.0
2.0	1.0	100.0	2000000.0	416285.072017	39.7	670.35	1159.0	615.0	1105.0	1150.0	1158.0
2.0	1.0	100.0	2000000.0	422689.999155	40.31	654.2	1229.0	621.0	1173.0	1218.0	1228.0
2.0	1.0	100.0	2000000.0	435464.20484200004	41.53	637.47	1517.0	590.0	1390.0	1502.0	1515.0
2.0	1.0	100.0	2000000.0	424813.092	40.51333	654.00667	1301.66667	608.66667	1222.66667	1290.0	1300.33333
2.0	1.0	100.0	5000000.0	445434.298441	42.48	627.59	907.0	617.0	845.0	901.0	906.0
2.0	1.0	100.0	5000000.0	426511.984987	40.68	648.28	1464.0	592.0	1434.0	1453.0	1462.0
2.0	1.0	100.0	5000000.0	451385.754266	43.05	601.69	1109.0	610.0	1048.0	1084.0	1104.0
2.0	1.0	100.0	5000000.0	441110.67923	42.07	625.85333	1160.0	606.33333	1109.0	1146.0	1157.33333
2.0	1.0	100.0	10000000.0	420698.359276	40.12	661.13	1373.0	602.0	1278.0	1354.0	1372.0
2.0	1.0	100.0	10000000.0	431629.834254	41.16	646.32	1506.0	605.0	1330.0	1484.0	1504.0
2.0	1.0	100.0	10000000.0	424268.137463	40.46	659.83	1246.0	608.0	1140.0	1220.0	1244.0
2.0	1.0	100.0	10000000.0	425532.11033	40.58	655.76	1375.0	605.0	1249.33333	1352.66667	1373.33333
2.0	1.0	500.0	500000.0	118497.452305	56.5	517.19	635.0	514.0	615.0	626.0	633.0
2.0	1.0	500.0	500000.0	102333.196889	48.8	601.77	1075.0	546.0	896.0	1033.0	1072.0
2.0	1.0	500.0	500000.0	108624.80990699999	51.8	564.13	854.0	536.0	833.0	848.0	854.0
2.0	1.0	500.0	500000.0	109818.48637	52.36667	561.03	854.66667	532.0	781.33333	835.66667	853.0
2.0	1.0	500.0	1048576.0	98019.99607899999	46.74	630.02	1582.0	564.0	1352.0	1552.0	1580.0
2.0	1.0	500.0	1048576.0	110168.55789400001	52.53	557.53	992.0	537.0	969.0	988.0	991.0
2.0	1.0	500.0	1048576.0	91759.955955	43.75	678.06	1417.0	566.0	1234.0	1354.0	1408.0
2.0	1.0	500.0	1048576.0	99982.83664	47.67333	621.87	1330.33333	555.66667	1185.0	1298.0	1326.33333
2.0	1.0	500.0	2000000.0	113921.166553	54.32	536.7	1079.0	515.0	1033.0	1064.0	1078.0
2.0	1.0	500.0	2000000.0	107135.20462799999	51.09	574.61	1015.0	529.0	961.0	1011.0	1014.0
2.0	1.0	500.0	2000000.0	112145.340361	53.48	548.38	879.0	533.0	843.0	872.0	878.0
2.0	1.0	500.0	2000000.0	111067.23718	52.96333	553.23	991.0	525.66667	945.66667	982.33333	990.0
2.0	1.0	500.0	5000000.0	105340.777415	50.23	584.48	1166.0	541.0	1013.0	1161.0	1165.0
2.0	1.0	500.0	5000000.0	90711.175617	43.25	683.41	2647.0	516.0	2628.0	2640.0	2645.0
2.0	1.0	500.0	5000000.0	108695.652174	51.83	563.62	756.0	555.0	735.0	751.0	753.0
2.0	1.0	500.0	5000000.0	101582.53507	48.43667	610.50333	1523.0	537.33333	1458.66667	1517.33333	1521.0
2.0	1.0	500.0	10000000.0	110253.58324100001	52.57	559.07	966.0	532.0	945.0	962.0	965.0
2.0	1.0	500.0	10000000.0	105585.471439	50.35	583.16	985.0	552.0	895.0	909.0	977.0
2.0	1.0	500.0	10000000.0	114705.20761600001	54.7	536.21	756.0	519.0	733.0	753.0	756.0
2.0	1.0	500.0	10000000.0	110181.42077	52.54	559.48	902.33333	534.33333	857.66667	874.66667	899.33333
2.0	1.0	1000.0	500000.0	55722.723727	53.14	555.57	995.0	532.0	728.0	891.0	987.0
2.0	1.0	1000.0	500000.0	53510.273973	51.03	568.58	1212.0	536.0	879.0	1209.0	1211.0
2.0	1.0	1000.0	500000.0	57510.927076	54.85	534.5	706.0	533.0	677.0	695.0	705.0
2.0	1.0	1000.0	500000.0	55581.30826	53.00667	552.88333	971.0	533.66667	761.33333	931.66667	967.66667
2.0	1.0	1000.0	1048576.0	56085.249578999996	53.49	551.64	916.0	514.0	883.0	909.0	915.0
2.0	1.0	1000.0	1048576.0	53867.700927	51.37	574.89	1114.0	543.0	911.0	1085.0	1111.0
2.0	1.0	1000.0	1048576.0	57550.644566999996	54.88	537.5	832.0	519.0	814.0	829.0	831.0
2.0	1.0	1000.0	1048576.0	55834.53169	53.24667	554.67667	954.0	525.33333	869.33333	941.0	952.33333
2.0	1.0	1000.0	2000000.0	49504.950495	47.21	626.75	1823.0	536.0	1575.0	1796.0	1820.0
2.0	1.0	1000.0	2000000.0	57716.726307000004	55.04	534.71	900.0	503.0	877.0	894.0	899.0
2.0	1.0	1000.0	2000000.0	53163.211058	50.7	583.12	1126.0	516.0	1094.0	1122.0	1125.0
2.0	1.0	1000.0	2000000.0	53461.62929	50.98333	581.52667	1283.0	518.33333	1182.0	1270.66667	1281.33333
2.0	1.0	1000.0	5000000.0	54788.516327	52.25	566.21	1079.0	547.0	895.0	1077.0	1078.0
2.0	1.0	1000.0	5000000.0	49053.271853	46.78	633.79	1794.0	528.0	1765.0	1790.0	1793.0
2.0	1.0	1000.0	5000000.0	57392.102847	54.73	538.98	1075.0	508.0	794.0	1056.0	1073.0
2.0	1.0	1000.0	5000000.0	53744.63034	51.25333	579.66	1316.0	527.66667	1151.33333	1307.66667	1314.66667
2.0	1.0	1000.0	10000000.0	59017.941454	56.28	523.88	621.0	522.0	604.0	616.0	620.0
2.0	1.0	1000.0	10000000.0	54981.306355999994	52.43	564.86	974.0	530.0	924.0	965.0	973.0
2.0	1.0	1000.0	10000000.0	53861.898092999996	51.37	575.6	975.0	534.0	944.0	971.0	974.0
2.0	1.0	1000.0	10000000.0	55953.7153	53.36	554.78	856.66667	528.66667	824.0	850.66667	855.66667
2.0	2.0	100.0	500000.0	341576.718131	32.58	815.91	2911.0	1292.0	2637.0	2897.0	2908.0
2.0	2.0	100.0	500000.0	573723.46529	54.71	463.76	802.0	309.0	624.0	677.0	701.0
2.0	2.0	100.0	500000.0	619732.275657	59.1	429.13	774.0	361.0	499.0	553.0	566.0
2.0	2.0	100.0	500000.0	511677.48636	48.79667	569.6	1495.66667	654.0	1253.33333	1375.66667	1391.66667
2.0	2.0	100.0	1048576.0	548065.329387	52.27	509.76	857.0	508.0	788.0	827.0	842.0
2.0	2.0	100.0	1048576.0	559534.467323	53.36	479.71	1691.0	332.0	1474.0	1578.0	1589.0
2.0	2.0	100.0	1048576.0	589066.9180020001	56.18	473.13	748.0	533.0	696.0	729.0	746.0
2.0	2.0	100.0	1048576.0	565555.57157	53.93667	487.53333	1098.66667	457.66667	986.0	1044.66667	1059.0
2.0	2.0	100.0	2000000.0	597371.565114	56.97	448.07	1232.0	500.0	1109.0	1211.0	1224.0
2.0	2.0	100.0	2000000.0	522411.451259	49.82	518.62	1753.0	595.0	1710.0	1739.0	1751.0
2.0	2.0	100.0	2000000.0	618582.209576	58.99	431.28	892.0	420.0	775.0	862.0	890.0
2.0	2.0	100.0	2000000.0	579455.07532	55.26	465.99	1292.33333	505.0	1198.0	1270.66667	1288.33333
2.0	2.0	100.0	5000000.0	616370.808679	58.78	429.55	891.0	426.0	837.0	867.0	890.0
2.0	2.0	100.0	5000000.0	608865.075499	58.07	422.45	1196.0	688.0	1147.0	1171.0	1194.0
2.0	2.0	100.0	5000000.0	498454.790151	47.54	548.46	3492.0	21.0	737.0	753.0	773.0
2.0	2.0	100.0	5000000.0	574563.55811	54.79667	466.82	1859.66667	378.33333	907.0	930.33333	952.33333
2.0	2.0	100.0	10000000.0	613572.21745	58.51	454.6	706.0	421.0	610.0	668.0	682.0
2.0	2.0	100.0	10000000.0	535102.739726	51.03	508.82	1842.0	380.0	1753.0	1796.0	1802.0
2.0	2.0	100.0	10000000.0	627273.867771	59.82	428.44	1349.0	471.0	1252.0	1334.0	1346.0
2.0	2.0	100.0	10000000.0	591982.94165	56.45333	463.95333	1299.0	424.0	1205.0	1266.0	1276.66667
2.0	2.0	500.0	500000.0	156764.383132	74.75	382.11	890.0	428.0	786.0	875.0	888.0
2.0	2.0	500.0	500000.0	135519.718119	64.62	456.16	1112.0	408.0	955.0	1082.0	1083.0
2.0	2.0	500.0	500000.0	112561.90905	53.67	526.61	1054.0	489.0	1020.0	1039.0	1052.0
2.0	2.0	500.0	500000.0	134948.6701	64.34667	454.96	1018.66667	441.66667	920.33333	998.66667	1007.66667
2.0	2.0	500.0	1048576.0	91970.93718400001	43.86	652.01	2568.0	477.0	2427.0	2547.0	2561.0
2.0	2.0	500.0	1048576.0	88597.50155	42.25	687.54	1949.0	570.0	1853.0	1923.0	1945.0
2.0	2.0	500.0	1048576.0	118821.292776	56.66	505.79	698.0	493.0	645.0	691.0	692.0
2.0	2.0	500.0	1048576.0	99796.57717	47.59	615.11333	1738.33333	513.33333	1641.66667	1720.33333	1732.66667
2.0	2.0	500.0	2000000.0	87161.160987	41.56	714.51	2513.0	444.0	987.0	1043.0	1049.0
2.0	2.0	500.0	2000000.0	112460.63877599999	53.63	532.33	1451.0	455.0	1039.0	1275.0	1301.0
2.0	2.0	500.0	2000000.0	105965.878987	50.53	566.47	1247.0	510.0	922.0	1033.0	1038.0
2.0	2.0	500.0	2000000.0	101862.55958	48.57333	604.43667	1737.0	469.66667	982.66667	1117.0	1129.33333
2.0	2.0	500.0	5000000.0	81833.060556	39.02	763.16	7158.0	21.0	4749.0	4836.0	4858.0
2.0	2.0	500.0	5000000.0	121862.052157	58.11	497.79	1974.0	547.0	1579.0	1897.0	1966.0
2.0	2.0	500.0	5000000.0	135263.086704	64.5	423.02	1680.0	384.0	1515.0	1641.0	1677.0
2.0	2.0	500.0	5000000.0	112986.06647	53.87667	561.32333	3604.0	317.33333	2614.33333	2791.33333	2833.66667
2.0	2.0	500.0	10000000.0	88401.697313	42.15	674.17	2278.0	431.0	926.0	1675.0	1681.0
2.0	2.0	500.0	10000000.0	87888.90842	41.91	711.38	5983.0	308.0	5347.0	5381.0	5982.0
2.0	2.0	500.0	10000000.0	135648.399349	64.68	451.2	1236.0	389.0	881.0	1193.0	1225.0
2.0	2.0	500.0	10000000.0	103979.66836	49.58	612.25	3165.66667	376.0	2384.66667	2749.66667	2962.66667
2.0	2.0	1000.0	500000.0	48933.25504	46.67	620.53	1263.0	603.0	969.0	1151.0	1262.0
2.0	2.0	1000.0	500000.0	44165.709743	42.12	692.59	1553.0	738.0	1332.0	1523.0	1550.0
2.0	2.0	1000.0	500000.0	45114.138771	43.02	680.23	4243.0	430.0	4169.0	4232.0	4240.0
2.0	2.0	1000.0	500000.0	46071.03452	43.93667	664.45	2353.0	590.33333	2156.66667	2302.0	2350.66667
2.0	2.0	1000.0	1048576.0	57221.332113	54.57	512.28	1175.0	440.0	883.0	1107.0	1162.0
2.0	2.0	1000.0	1048576.0	53978.19281	51.48	557.4	1028.0	470.0	933.0	1013.0	1027.0
2.0	2.0	1000.0	1048576.0	47582.794062	45.38	652.49	3274.0	457.0	2421.0	2510.0	3263.0
2.0	2.0	1000.0	1048576.0	52927.43966	50.47667	574.05667	1825.66667	455.66667	1412.33333	1543.33333	1817.33333
2.0	2.0	1000.0	2000000.0	47245.582538	45.06	653.52	4119.0	466.0	2288.0	4093.0	4114.0
2.0	2.0	1000.0	2000000.0	65282.673978	62.26	456.17	852.0	416.0	828.0	846.0	850.0
2.0	2.0	1000.0	2000000.0	44412.861965	42.36	684.49	1691.0	617.0	1372.0	1503.0	1687.0
2.0	2.0	1000.0	2000000.0	52313.70616	49.89333	598.06	2220.66667	499.66667	1496.0	2147.33333	2217.0
2.0	2.0	1000.0	5000000.0	48393.341076	46.15	628.52	917.0	581.0	882.0	907.0	912.0
2.0	2.0	1000.0	5000000.0	32754.66754	31.24	662.49	6709.0	501.0	1050.0	5604.0	6692.0
2.0	2.0	1000.0	5000000.0	78259.50852999999	74.63	391.63	856.0	342.0	827.0	849.0	855.0
2.0	2.0	1000.0	5000000.0	53135.83905	50.67333	560.88	2827.33333	474.66667	919.66667	2453.33333	2819.66667
2.0	2.0	1000.0	10000000.0	81314.034802	77.55	361.52	579.0	314.0	488.0	505.0	566.0
2.0	2.0	1000.0	10000000.0	43036.667239999995	41.04	712.87	1757.0	717.0	1522.0	1671.0	1745.0
2.0	2.0	1000.0	10000000.0	44010.210369	41.97	696.96	1638.0	644.0	1236.0	1544.0	1623.0
2.0	2.0	1000.0	10000000.0	56120.30414	53.52	590.45	1324.66667	558.33333	1082.0	1240.0	1311.33333
2.0	5.0	100.0	500000.0	227717.812087	21.72	1049.06	12030.0	494.0	733.0	751.0	756.0
2.0	5.0	100.0	500000.0	750750.750751	71.6	234.82	533.0	288.0	488.0	511.0	531.0
2.0	5.0	100.0	500000.0	710429.099176	67.75	270.98	585.0	163.0	352.0	380.0	395.0
2.0	5.0	100.0	500000.0	562965.88734	53.69	518.28667	4382.66667	315.0	524.33333	547.33333	560.66667
2.0	5.0	100.0	1048576.0	628061.801281	59.9	403.41	909.0	569.0	872.0	897.0	906.0
2.0	5.0	100.0	1048576.0	726849.832825	69.32	317.4	650.0	439.0	578.0	639.0	648.0
2.0	5.0	100.0	1048576.0	685776.985324	65.4	349.04	827.0	410.0	765.0	803.0	826.0
2.0	5.0	100.0	1048576.0	680229.53981	64.87333	356.61667	795.33333	472.66667	738.33333	779.66667	793.33333
2.0	5.0	100.0	2000000.0	676223.965377	64.49	362.01	885.0	7.0	355.0	405.0	414.0
2.0	5.0	100.0	2000000.0	603718.9084760001	57.58	297.23	1405.0	25.0	153.0	196.0	220.0
2.0	5.0	100.0	2000000.0	661288.189393	63.07	362.79	1587.0	8.0	298.0	325.0	335.0
2.0	5.0	100.0	2000000.0	647077.02108	61.71333	340.67667	1292.33333	13.33333	268.66667	308.66667	323.0
2.0	5.0	100.0	5000000.0	678150.006782	64.67	354.36	922.0	105.0	249.0	630.0	638.0
2.0	5.0	100.0	5000000.0	661638.216223	63.1	344.71	1407.0	165.0	1243.0	1296.0	1313.0
2.0	5.0	100.0	5000000.0	810241.4519529999	77.27	228.69	463.0	306.0	437.0	451.0	461.0
2.0	5.0	100.0	5000000.0	716676.55832	68.34667	309.25333	930.66667	192.0	643.0	792.33333	804.0
2.0	5.0	100.0	10000000.0	687663.320039	65.58	232.49	1287.0	330.0	885.0	1282.0	1287.0
2.0	5.0	100.0	10000000.0	357193.88484099996	34.06	710.84	2228.0	3.0	115.0	139.0	148.0
2.0	5.0	100.0	10000000.0	421940.92827	40.24	587.55	1520.0	4.0	173.0	193.0	199.0
2.0	5.0	100.0	10000000.0	488932.71105	46.62667	510.29333	1678.33333	112.33333	391.0	538.0	544.66667
2.0	5.0	500.0	500000.0	84997.875053	40.53	686.78	2001.0	478.0	1707.0	1735.0	1995.0
2.0	5.0	500.0	500000.0	141322.78123199998	67.39	419.27	1411.0	404.0	1142.0	1316.0	1398.0
2.0	5.0	500.0	500000.0	179083.094556	85.39	331.05	691.0	315.0	594.0	689.0	690.0
2.0	5.0	500.0	500000.0	135134.58361	64.43667	479.03333	1367.66667	399.0	1147.66667	1246.66667	1361.0
2.0	5.0	500.0	1048576.0	163880.694854	78.14	344.11	899.0	361.0	810.0	855.0	897.0
2.0	5.0	500.0	1048576.0	77489.345215	36.95	797.02	4465.0	370.0	4201.0	4413.0	4455.0
2.0	5.0	500.0	1048576.0	115273.77521600001	54.97	506.71	1290.0	388.0	1252.0	1272.0	1282.0
2.0	5.0	500.0	1048576.0	118881.27176	56.68667	549.28	2218.0	373.0	2087.66667	2180.0	2211.33333
2.0	5.0	500.0	2000000.0	90530.508781	43.17	660.37	2025.0	647.0	1442.0	1938.0	2019.0
2.0	5.0	500.0	2000000.0	98425.19685	46.93	600.0	1204.0	668.0	1167.0	1191.0	1200.0
2.0	5.0	500.0	2000000.0	98590.160702	47.01	599.19	2044.0	522.0	1499.0	1957.0	2037.0
2.0	5.0	500.0	2000000.0	95848.62211	45.70333	619.85333	1757.66667	612.33333	1369.33333	1695.33333	1752.0
2.0	5.0	500.0	5000000.0	101988.78123400001	48.63	601.81	1213.0	654.0	1182.0	1209.0	1211.0
2.0	5.0	500.0	5000000.0	77688.00497200001	37.04	765.29	2647.0	632.0	2517.0	2561.0	2564.0
2.0	5.0	500.0	5000000.0	119090.15124400001	56.79	501.19	2092.0	372.0	1444.0	1967.0	2081.0
2.0	5.0	500.0	5000000.0	99588.97915	47.48667	622.76333	1984.0	552.66667	1714.33333	1912.33333	1952.0
2.0	5.0	500.0	10000000.0	111594.688093	53.21	538.82	1721.0	451.0	1264.0	1553.0	1713.0
2.0	5.0	500.0	10000000.0	170852.554246	81.47	347.25	990.0	335.0	889.0	974.0	989.0
2.0	5.0	500.0	10000000.0	138715.49452100002	66.14	438.12	1472.0	349.0	982.0	1357.0	1465.0
2.0	5.0	500.0	10000000.0	140387.57895	66.94	441.39667	1394.33333	378.33333	1045.0	1294.66667	1389.0
2.0	5.0	1000.0	500000.0	81459.758879	77.69	360.32	1375.0	370.0	1275.0	1367.0	1374.0
2.0	5.0	1000.0	500000.0	42073.375968	40.12	709.43	1702.0	356.0	1655.0	1683.0	1695.0
2.0	5.0	1000.0	500000.0	40963.460593	39.07	741.13	2303.0	764.0	1576.0	2207.0	2297.0
2.0	5.0	1000.0	500000.0	54832.19848	52.29333	603.62667	1793.33333	496.66667	1502.0	1752.33333	1788.66667
2.0	5.0	1000.0	1048576.0	44068.394148	42.03	680.69	1285.0	818.0	1255.0	1265.0	1277.0
2.0	5.0	1000.0	1048576.0	44365.572316000005	42.31	677.86	1985.0	696.0	1378.0	1894.0	1980.0
2.0	5.0	1000.0	1048576.0	43775.170723	41.75	677.96	1632.0	807.0	1516.0	1580.0	1629.0
2.0	5.0	1000.0	1048576.0	44069.7124	42.03	678.83667	1634.0	773.66667	1383.0	1579.66667	1628.66667
2.0	5.0	1000.0	2000000.0	54212.295349	51.7	564.43	1597.0	481.0	1402.0	1492.0	1595.0
2.0	5.0	1000.0	2000000.0	61743.640405	58.88	474.76	1682.0	464.0	1356.0	1649.0	1676.0
2.0	5.0	1000.0	2000000.0	51339.973303	48.96	608.22	2219.0	509.0	1706.0	2146.0	2212.0
2.0	5.0	1000.0	2000000.0	55765.30302	53.18	549.13667	1832.66667	484.66667	1488.0	1762.33333	1827.66667
2.0	5.0	1000.0	5000000.0	68184.91749600001	65.03	427.28	1128.0	479.0	856.0	1078.0	1127.0
2.0	5.0	1000.0	5000000.0	52268.450763	49.85	585.03	2113.0	445.0	1784.0	2025.0	2097.0
2.0	5.0	1000.0	5000000.0	51525.14427	49.14	573.99	1319.0	437.0	1284.0	1301.0	1313.0
2.0	5.0	1000.0	5000000.0	57326.17084	54.67333	528.76667	1520.0	453.66667	1308.0	1468.0	1512.33333
2.0	5.0	1000.0	10000000.0	42724.087841	40.74	706.97	1839.0	696.0	1516.0	1799.0	1830.0
2.0	5.0	1000.0	10000000.0	44927.666457	42.85	668.54	1796.0	743.0	1317.0	1729.0	1792.0
2.0	5.0	1000.0	10000000.0	44559.30844	42.5	673.79	1296.0	776.0	1271.0	1286.0	1294.0
2.0	5.0	1000.0	10000000.0	44070.35425	42.03	683.1	1643.66667	738.33333	1368.0	1604.66667	1638.66667
5.0	1.0	100.0	500000.0	168690.95816500002	16.09	1735.58	6596.0	1015.0	4578.0	6148.0	6515.0
5.0	1.0	100.0	500000.0	150172.698603	14.32	1940.33	3804.0	1832.0	3322.0	3671.0	3745.0
5.0	1.0	100.0	500000.0	239417.73606599998	22.83	1143.37	2240.0	935.0	2098.0	2131.0	2208.0
5.0	1.0	100.0	500000.0	186093.79761	17.74667	1606.42667	4213.33333	1260.66667	3332.66667	3983.33333	4156.0
5.0	1.0	100.0	1048576.0	154083.204931	14.69	1904.64	3913.0	1757.0	3568.0	3820.0	3904.0
5.0	1.0	100.0	1048576.0	282533.76278499997	26.94	1018.62	1665.0	924.0	1559.0	1581.0	1636.0
5.0	1.0	100.0	1048576.0	131752.30566500002	12.56	2237.41	4207.0	2117.0	3797.0	3990.0	4202.0
5.0	1.0	100.0	1048576.0	189456.42446	18.06333	1720.22333	3261.66667	1599.33333	2974.66667	3130.33333	3247.33333
5.0	1.0	100.0	2000000.0	230723.086152	22.0	1183.07	2918.0	953.0	2081.0	2870.0	2906.0
5.0	1.0	100.0	2000000.0	162680.982593	15.51	1766.36	3302.0	1814.0	2963.0	3159.0	3264.0
5.0	1.0	100.0	2000000.0	265590.14129400003	25.33	1031.02	2083.0	950.0	1616.0	1836.0	2058.0
5.0	1.0	100.0	2000000.0	219664.73668	20.94667	1326.81667	2767.66667	1239.0	2220.0	2621.66667	2742.66667
5.0	1.0	100.0	5000000.0	173094.2325	16.51	1693.1	3787.0	1563.0	3397.0	3655.0	3778.0
5.0	1.0	100.0	5000000.0	270372.573406	25.78	1064.27	2414.0	933.0	2275.0	2408.0	2414.0
5.0	1.0	100.0	5000000.0	184195.984528	17.57	1578.65	4193.0	1167.0	3245.0	3650.0	4166.0
5.0	1.0	100.0	5000000.0	209220.93014	19.95333	1445.34	3464.66667	1221.0	2972.33333	3237.66667	3452.66667
5.0	1.0	100.0	10000000.0	210473.143627	20.07	1365.85	3268.0	1137.0	3050.0	3193.0	3240.0
5.0	1.0	100.0	10000000.0	209353.93375999999	19.97	1339.09	4929.0	1102.0	3458.0	4908.0	4927.0
5.0	1.0	100.0	10000000.0	161149.966159	15.37	1766.82	3129.0	1715.0	2843.0	3112.0	3127.0
5.0	1.0	100.0	10000000.0	193659.01452	18.47	1490.58667	3775.33333	1318.0	3117.0	3737.66667	3764.66667
5.0	1.0	500.0	500000.0	29580.547832	14.11	2117.41	3845.0	1974.0	3534.0	3797.0	3843.0
5.0	1.0	500.0	500000.0	56082.104201	26.74	1112.18	2445.0	859.0	2055.0	2386.0	2437.0
5.0	1.0	500.0	500000.0	29970.628783999997	14.29	2063.55	3946.0	2161.0	3407.0	3880.0	3918.0
5.0	1.0	500.0	500000.0	38544.42694	18.38	1764.38	3412.0	1664.66667	2998.66667	3354.33333	3399.33333
5.0	1.0	500.0	1048576.0	37363.622777	17.82	1650.39	3119.0	1381.0	2842.0	3055.0	3112.0
5.0	1.0	500.0	1048576.0	39060.974181	18.63	1628.2	6452.0	1040.0	4487.0	6250.0	6445.0
5.0	1.0	500.0	1048576.0	39268.043666000005	18.72	1554.18	2806.0	1356.0	2614.0	2706.0	2785.0
5.0	1.0	500.0	1048576.0	38564.21354	18.39	1610.92333	4125.66667	1259.0	3314.33333	4003.66667	4114.0
5.0	1.0	500.0	2000000.0	29219.261337	13.93	2009.27	5865.0	1688.0	5082.0	5825.0	5863.0
5.0	1.0	500.0	2000000.0	42870.616479000004	20.44	1480.34	4697.0	1057.0	3305.0	4402.0	4669.0
5.0	1.0	500.0	2000000.0	37592.571707999996	17.93	1661.1	3371.0	1380.0	3006.0	3310.0	3365.0
5.0	1.0	500.0	2000000.0	36560.81651	17.43333	1716.90333	4644.33333	1375.0	3797.66667	4512.33333	4632.33333
5.0	1.0	500.0	5000000.0	33346.672002	15.9	1858.69	4333.0	1314.0	3482.0	4256.0	4332.0
5.0	1.0	500.0	5000000.0	32636.010574	15.56	1958.55	3244.0	2218.0	2904.0	3098.0	3236.0
5.0	1.0	500.0	5000000.0	52416.395849	24.99	1150.39	3410.0	805.0	2608.0	2812.0	3408.0
5.0	1.0	500.0	5000000.0	39466.35947	18.81667	1655.87667	3662.33333	1445.66667	2998.0	3388.66667	3658.66667
5.0	1.0	500.0	10000000.0	34084.324619	16.25	1859.91	2987.0	1974.0	2776.0	2946.0	2981.0
5.0	1.0	500.0	10000000.0	33497.470941	15.97	1855.64	6138.0	1461.0	4533.0	5801.0	6108.0
5.0	1.0	500.0	10000000.0	39231.071008	18.71	1568.83	3040.0	1064.0	2624.0	2996.0	3034.0
5.0	1.0	500.0	10000000.0	35604.28886	16.97667	1761.46	4055.0	1499.66667	3311.0	3914.33333	4041.0
5.0	1.0	1000.0	500000.0	14078.558356	13.43	2224.35	3103.0	2351.0	2893.0	2966.0	3095.0
5.0	1.0	1000.0	500000.0	21645.9587	20.64	1436.69	2913.0	1366.0	2720.0	2856.0	2893.0
5.0	1.0	1000.0	500000.0	14740.131481999999	14.06	2113.87	5573.0	2202.0	4767.0	5375.0	5566.0
5.0	1.0	1000.0	500000.0	16821.54951	16.04333	1924.97	3863.0	1973.0	3460.0	3732.33333	3851.33333
5.0	1.0	1000.0	1048576.0	15725.248459	15.0	1964.26	3358.0	2245.0	3135.0	3308.0	3352.0
5.0	1.0	1000.0	1048576.0	19292.356368	18.4	1560.36	3087.0	1287.0	2618.0	2813.0	3081.0
5.0	1.0	1000.0	1048576.0	22673.680392	21.62	1340.88	3303.0	988.0	2938.0	3225.0	3287.0
5.0	1.0	1000.0	1048576.0	19230.42841	18.34	1621.83333	3249.33333	1506.66667	2897.0	3115.33333	3240.0
5.0	1.0	1000.0	2000000.0	14511.260737999999	13.84	2148.1	3191.0	2230.0	3120.0	3163.0	3188.0
5.0	1.0	1000.0	2000000.0	21887.585362	20.87	1398.04	2819.0	1066.0	2747.0	2796.0	2817.0
5.0	1.0	1000.0	2000000.0	14396.3606	13.73	2234.74	5058.0	2172.0	4558.0	5038.0	5053.0
5.0	1.0	1000.0	2000000.0	16931.73557	16.14667	1926.96	3689.33333	1822.66667	3475.0	3665.66667	3686.0
5.0	1.0	1000.0	5000000.0	21692.915094	20.69	1394.46	2903.0	1093.0	2561.0	2869.0	2896.0
5.0	1.0	1000.0	5000000.0	14436.263894999998	13.77	2144.63	3430.0	2346.0	3282.0	3371.0	3417.0
5.0	1.0	1000.0	5000000.0	22359.359628	21.32	1368.22	3713.0	1002.0	3468.0	3693.0	3708.0
5.0	1.0	1000.0	5000000.0	19496.17954	18.59333	1635.77	3348.66667	1480.33333	3103.66667	3311.0	3340.33333
5.0	1.0	1000.0	10000000.0	14792.899408000001	14.11	2097.12	4199.0	2242.0	3741.0	4124.0	4192.0
5.0	1.0	1000.0	10000000.0	17158.544955	16.36	1803.97	3358.0	1929.0	3155.0	3345.0	3356.0
5.0	1.0	1000.0	10000000.0	19373.83757	18.48	1587.62	3565.0	1265.0	3258.0	3509.0	3557.0
5.0	1.0	1000.0	10000000.0	17108.42731	16.31667	1829.57	3707.33333	1812.0	3384.66667	3659.33333	3701.66667
5.0	2.0	100.0	500000.0	133693.41426199998	12.75	2103.08	15532.0	1087.0	12872.0	15018.0	15476.0
5.0	2.0	100.0	500000.0	280410.52100300003	26.74	935.58	2174.0	1136.0	1690.0	1809.0	1900.0
5.0	2.0	100.0	500000.0	315836.017939	30.12	894.44	1943.0	1102.0	1715.0	1920.0	1937.0
5.0	2.0	100.0	500000.0	243313.31773	23.20333	1311.03333	6549.66667	1108.33333	5425.66667	6249.0	6437.66667
5.0	2.0	100.0	1048576.0	154789.17714100002	14.76	1846.14	3726.0	1436.0	2197.0	3118.0	3151.0
5.0	2.0	100.0	1048576.0	176000.563202	16.78	1618.02	3009.0	1677.0	2783.0	2933.0	2976.0
5.0	2.0	100.0	1048576.0	164004.32971400002	15.64	1759.3	6376.0	1814.0	6008.0	6189.0	6366.0
5.0	2.0	100.0	1048576.0	164931.35669	15.72667	1741.15333	4370.33333	1642.33333	3662.66667	4080.0	4164.33333
5.0	2.0	100.0	2000000.0	170858.392564	16.29	1612.29	3361.0	2374.0	3156.0	3211.0	3349.0
5.0	2.0	100.0	2000000.0	198870.416037	18.97	1428.66	3045.0	1380.0	2720.0	2876.0	2918.0
5.0	2.0	100.0	2000000.0	157564.680301	15.03	1811.87	3528.0	1916.0	3270.0	3461.0	3515.0
5.0	2.0	100.0	2000000.0	175764.4963	16.76333	1617.60667	3311.33333	1890.0	3048.66667	3182.66667	3260.66667
5.0	2.0	100.0	5000000.0	155327.74153499998	14.81	1783.7	3873.0	387.0	3230.0	3413.0	3442.0
5.0	2.0	100.0	5000000.0	209424.08377	19.97	1315.18	3557.0	1152.0	1809.0	3464.0	3537.0
5.0	2.0	100.0	5000000.0	170212.765957	16.23	1580.83	4474.0	844.0	1328.0	1535.0	1608.0
5.0	2.0	100.0	5000000.0	178321.53042	17.00333	1559.90333	3968.0	794.33333	2122.33333	2804.0	2862.33333
5.0	2.0	100.0	10000000.0	154793.969227	14.76	1861.6	3676.0	1920.0	3214.0	3452.0	3497.0
5.0	2.0	100.0	10000000.0	167218.487676	15.95	1711.42	2382.0	1796.0	2007.0	2226.0	2273.0
5.0	2.0	100.0	10000000.0	176155.580609	16.8	1611.42	2906.0	2131.0	2548.0	2841.0	2900.0
5.0	2.0	100.0	10000000.0	166056.0125	15.83667	1728.14667	2988.0	1949.0	2589.66667	2839.66667	2890.0
5.0	2.0	500.0	500000.0	39308.176101	18.74	1546.47	2726.0	1284.0	1708.0	2189.0	2297.0
5.0	2.0	500.0	500000.0	35608.731261	16.98	1747.17	2404.0	1911.0	2043.0	2316.0	2391.0
5.0	2.0	500.0	500000.0	35593.521979000005	16.97	1755.94	3098.0	1777.0	2841.0	3057.0	3092.0
5.0	2.0	500.0	500000.0	36836.80978	17.56333	1683.19333	2742.66667	1657.33333	2197.33333	2520.66667	2593.33333
5.0	2.0	500.0	1048576.0	38810.835985000005	18.51	1584.37	3199.0	1473.0	2278.0	2521.0	2610.0
5.0	2.0	500.0	1048576.0	39314.357603	18.75	1599.95	5806.0	1414.0	5404.0	5737.0	5804.0
5.0	2.0	500.0	1048576.0	36133.69467	17.23	1715.73	2410.0	1823.0	2349.0	2381.0	2405.0
5.0	2.0	500.0	1048576.0	38086.29609	18.16333	1633.35	3805.0	1570.0	3343.66667	3546.33333	3606.33333
5.0	2.0	500.0	2000000.0	32122.321801	15.32	1958.22	2545.0	2042.0	2273.0	2432.0	2516.0
5.0	2.0	500.0	2000000.0	37001.406053	17.64	1680.84	2467.0	1736.0	2095.0	2378.0	2444.0
5.0	2.0	500.0	2000000.0	37266.154877999994	17.77	1651.46	3153.0	1563.0	2003.0	2135.0	2151.0
5.0	2.0	500.0	2000000.0	35463.29424	16.91	1763.50667	2721.66667	1780.33333	2123.66667	2315.0	2370.33333
5.0	2.0	500.0	5000000.0	36882.676207	17.59	1680.25	2811.0	1784.0	2087.0	2730.0	2801.0
5.0	2.0	500.0	5000000.0	33334.444481	15.9	1880.64	2986.0	1814.0	2823.0	2947.0	2983.0
5.0	2.0	500.0	5000000.0	38213.152967	18.22	1637.83	2210.0	1735.0	1975.0	2140.0	2208.0
5.0	2.0	500.0	5000000.0	36143.42455	17.23667	1732.90667	2669.0	1777.66667	2295.0	2605.66667	2664.0
5.0	2.0	500.0	10000000.0	41066.075314999995	19.58	1489.58	2308.0	1538.0	1899.0	2211.0	2296.0
5.0	2.0	500.0	10000000.0	35522.716777	16.94	1710.85	3255.0	1162.0	1434.0	1706.0	1809.0
5.0	2.0	500.0	10000000.0	32996.766317	15.73	1892.55	2789.0	2009.0	2249.0	2646.0	2758.0
5.0	2.0	500.0	10000000.0	36528.51947	17.41667	1697.66	2784.0	1569.66667	1860.66667	2187.66667	2287.66667
5.0	2.0	1000.0	500000.0	17537.090947	16.72	1794.01	3018.0	1800.0	2567.0	2897.0	3015.0
5.0	2.0	1000.0	500000.0	19577.133908	18.67	1595.11	2345.0	1670.0	2084.0	2278.0	2332.0
5.0	2.0	1000.0	500000.0	18838.77774	17.97	1622.05	3429.0	1693.0	2630.0	3270.0	3407.0
5.0	2.0	1000.0	500000.0	18651.00086	17.78667	1670.39	2930.66667	1721.0	2427.0	2815.0	2918.0
5.0	2.0	1000.0	1048576.0	15378.463999000001	14.67	2043.41	3642.0	2102.0	3316.0	3580.0	3631.0
5.0	2.0	1000.0	1048576.0	17265.789565	16.47	1823.76	2372.0	1875.0	2090.0	2234.0	2365.0
5.0	2.0	1000.0	1048576.0	18834.519908000002	17.96	1610.09	3076.0	1475.0	2632.0	2815.0	3045.0
5.0	2.0	1000.0	1048576.0	17159.59116	16.36667	1825.75333	3030.0	1817.33333	2679.33333	2876.33333	3013.66667
5.0	2.0	1000.0	2000000.0	19752.696243000002	18.84	1572.32	2256.0	1619.0	2009.0	2082.0	2243.0
5.0	2.0	1000.0	2000000.0	16784.719192	16.01	1874.51	3144.0	1845.0	2901.0	3098.0	3123.0
5.0	2.0	1000.0	2000000.0	15153.351921000001	14.45	2018.16	5826.0	1690.0	4647.0	5656.0	5802.0
5.0	2.0	1000.0	2000000.0	17230.25579	16.43333	1821.66333	3742.0	1718.0	3185.66667	3612.0	3722.66667
5.0	2.0	1000.0	5000000.0	21501.677131	20.51	1435.82	2259.0	1471.0	1986.0	2088.0	2240.0
5.0	2.0	1000.0	5000000.0	16543.144521000002	15.78	1700.1	6096.0	1457.0	3632.0	3802.0	6042.0
5.0	2.0	1000.0	5000000.0	17779.674275999998	16.96	1752.38	3783.0	1948.0	3479.0	3702.0	3765.0
5.0	2.0	1000.0	5000000.0	18608.16531	17.75	1629.43333	4046.0	1625.33333	3032.33333	3197.33333	4015.66667
5.0	2.0	1000.0	10000000.0	15722.776012999999	14.99	1998.82	3936.0	2008.0	3630.0	3880.0	3930.0
5.0	2.0	1000.0	10000000.0	18224.230937	17.38	1717.74	2211.0	1789.0	1983.0	2141.0	2194.0
5.0	2.0	1000.0	10000000.0	18383.028788	17.53	1709.12	2636.0	1769.0	2248.0	2498.0	2634.0
5.0	2.0	1000.0	10000000.0	17443.34525	16.63333	1808.56	2927.66667	1855.33333	2620.33333	2839.66667	2919.33333
5.0	5.0	100.0	500000.0	129148.90869200001	12.32	1386.76	15811.0	287.0	2032.0	2770.0	2964.0
5.0	5.0	100.0	500000.0	304488.155411	29.04	907.49	1755.0	923.0	1235.0	1321.0	1354.0
5.0	5.0	100.0	500000.0	177973.94461500001	16.97	1537.13	2998.0	1860.0	2313.0	2414.0	2491.0
5.0	5.0	100.0	500000.0	203870.33624	19.44333	1277.12667	6854.66667	1023.33333	1860.0	2168.33333	2269.66667
5.0	5.0	100.0	1048576.0	165196.418542	15.75	1709.57	2627.0	1856.0	1939.0	2038.0	2243.0
5.0	5.0	100.0	1048576.0	165458.8173	15.78	1711.49	2125.0	1841.0	1939.0	2021.0	2050.0
5.0	5.0	100.0	1048576.0	166738.92019900001	15.9	1652.46	2886.0	2550.0	2745.0	2783.0	2867.0
5.0	5.0	100.0	1048576.0	165798.05201	15.81	1691.17333	2546.0	2082.33333	2207.66667	2280.66667	2386.66667
5.0	5.0	100.0	2000000.0	180420.741168	17.21	1566.3	2573.0	1690.0	1959.0	2198.0	2286.0
5.0	5.0	100.0	2000000.0	175198.850696	16.71	1585.65	2359.0	1727.0	2045.0	2195.0	2352.0
5.0	5.0	100.0	2000000.0	175889.119499	16.77	1610.47	2351.0	1727.0	1832.0	2023.0	2102.0
5.0	5.0	100.0	2000000.0	177169.57045	16.89667	1587.47333	2427.66667	1714.66667	1945.33333	2138.66667	2246.66667
5.0	5.0	100.0	5000000.0	159764.826176	15.24	1749.41	5670.0	1846.0	5300.0	5600.0	5637.0
5.0	5.0	100.0	5000000.0	155806.92406	14.86	1825.26	4505.0	1824.0	4019.0	4415.0	4499.0
5.0	5.0	100.0	5000000.0	150811.365144	14.38	1896.69	2363.0	2000.0	2233.0	2279.0	2354.0
5.0	5.0	100.0	5000000.0	155461.03846	14.82667	1823.78667	4179.33333	1890.0	3850.66667	4098.0	4163.33333
5.0	5.0	100.0	10000000.0	163302.632438	15.57	1726.76	2287.0	1851.0	1992.0	2092.0	2193.0
5.0	5.0	100.0	10000000.0	165393.139493	15.77	1713.87	2416.0	1857.0	1944.0	2096.0	2208.0
5.0	5.0	100.0	10000000.0	161227.911776	15.38	1760.09	2477.0	1915.0	2115.0	2258.0	2397.0
5.0	5.0	100.0	10000000.0	163307.89457	15.57333	1733.57333	2393.33333	1874.33333	2017.0	2148.66667	2266.0
5.0	5.0	500.0	500000.0	36049.026676	17.19	1723.55	2251.0	1831.0	1890.0	2145.0	2220.0
5.0	5.0	500.0	500000.0	38577.270272	18.4	1616.28	2043.0	1695.0	1844.0	1921.0	1998.0
5.0	5.0	500.0	500000.0	37636.432066	17.95	1646.49	2102.0	1773.0	1871.0	1962.0	2073.0
5.0	5.0	500.0	500000.0	37420.90967	17.84667	1662.10667	2132.0	1766.33333	1868.33333	2009.33333	2097.0
5.0	5.0	500.0	1048576.0	37085.110327999995	17.68	1673.63	2437.0	1783.0	2042.0	2244.0	2421.0
5.0	5.0	500.0	1048576.0	11725.528821	5.59	3359.46	63117.0	1785.0	4944.0	61928.0	63000.0
5.0	5.0	500.0	1048576.0	74621.296918	35.58	822.37	1326.0	771.0	1156.0	1228.0	1314.0
5.0	5.0	500.0	1048576.0	41143.97869	19.61667	1951.82	22293.33333	1446.33333	2714.0	21800.0	22245.0
5.0	5.0	500.0	2000000.0	66608.93892	31.76	929.11	2114.0	835.0	1811.0	2041.0	2090.0
5.0	5.0	500.0	2000000.0	47335.037395	22.57	1233.55	3589.0	1014.0	2805.0	3516.0	3571.0
5.0	5.0	500.0	2000000.0	31531.815602	15.04	1979.49	2800.0	2057.0	2285.0	2493.0	2690.0
5.0	5.0	500.0	2000000.0	48491.93064	23.12333	1380.71667	2834.33333	1302.0	2300.33333	2683.33333	2783.66667
5.0	5.0	500.0	5000000.0	35133.330991	16.75	1752.25	2349.0	1860.0	2019.0	2130.0	2274.0
5.0	5.0	500.0	5000000.0	36624.670377999995	17.46	1699.56	2218.0	1810.0	1984.0	2128.0	2187.0
5.0	5.0	500.0	5000000.0	34213.76762	16.31	1771.96	3177.0	1814.0	2092.0	3065.0	3148.0
5.0	5.0	500.0	5000000.0	35323.923	16.84	1741.25667	2581.33333	1828.0	2031.66667	2441.0	2536.33333
5.0	5.0	500.0	10000000.0	33400.133601	15.93	1857.6	2464.0	2001.0	2133.0	2238.0	2395.0
5.0	5.0	500.0	10000000.0	31944.799387	15.23	1944.09	2554.0	2042.0	2270.0	2357.0	2519.0
5.0	5.0	500.0	10000000.0	32263.268269	15.38	1928.18	2448.0	2060.0	2159.0	2280.0	2362.0
5.0	5.0	500.0	10000000.0	32536.06709	15.51333	1909.95667	2488.66667	2034.33333	2187.33333	2291.66667	2425.33333
5.0	5.0	1000.0	500000.0	15416.872225	14.7	2023.7	4254.0	1955.0	3995.0	4169.0	4237.0
5.0	5.0	1000.0	500000.0	14309.427050999999	13.65	2189.49	4711.0	2154.0	4204.0	4579.0	4669.0
5.0	5.0	1000.0	500000.0	16661.668166	15.89	1859.1	2813.0	1928.0	2140.0	2442.0	2771.0
5.0	5.0	1000.0	500000.0	15462.65581	14.74667	2024.09667	3926.0	2012.33333	3446.33333	3730.0	3892.33333
5.0	5.0	1000.0	1048576.0	17989.494135	17.16	1733.53	2303.0	1849.0	1997.0	2115.0	2219.0
5.0	5.0	1000.0	1048576.0	17066.011332	16.28	1827.2	2761.0	1924.0	2118.0	2310.0	2637.0
5.0	5.0	1000.0	1048576.0	17384.048397	16.58	1797.82	2435.0	1850.0	2006.0	2277.0	2403.0
5.0	5.0	1000.0	1048576.0	17479.85129	16.67333	1786.18333	2499.66667	1874.33333	2040.33333	2234.0	2419.66667
5.0	5.0	1000.0	2000000.0	16533.84478	15.77	1893.17	2817.0	1984.0	2134.0	2328.0	2714.0
5.0	5.0	1000.0	2000000.0	17416.747945	16.61	1796.64	2307.0	1855.0	1998.0	2146.0	2275.0
5.0	5.0	1000.0	2000000.0	17712.909168000002	16.89	1769.43	2423.0	1825.0	1998.0	2169.0	2395.0
5.0	5.0	1000.0	2000000.0	17221.1673	16.42333	1819.74667	2515.66667	1888.0	2043.33333	2214.33333	2461.33333
5.0	5.0	1000.0	5000000.0	17304.630719	16.5	1802.46	2379.0	1881.0	2113.0	2244.0	2357.0
5.0	5.0	1000.0	5000000.0	16734.7212	15.96	1864.53	2451.0	1970.0	2117.0	2256.0	2370.0
5.0	5.0	1000.0	5000000.0	14623.303697	13.95	2131.83	4249.0	2190.0	3473.0	4184.0	4231.0
5.0	5.0	1000.0	5000000.0	16220.88521	15.47	1932.94	3026.33333	2013.66667	2567.66667	2894.66667	2986.0
5.0	5.0	1000.0	10000000.0	14003.640947	13.35	2249.06	5129.0	2150.0	4629.0	5004.0	5091.0
5.0	5.0	1000.0	10000000.0	16303.638972	15.55	1915.08	2669.0	2015.0	2146.0	2259.0	2596.0
5.0	5.0	1000.0	10000000.0	16789.228031	16.01	1860.76	2309.0	1951.0	2094.0	2226.0	2273.0
5.0	5.0	1000.0	10000000.0	15698.83598	14.97	2008.3	3369.0	2038.66667	2956.33333	3163.0	3320.0
