1.0	1.0	100.0	500000.0	709521.782319	67.67	284.42	901.0	188.0	727.0	849.0	895.0
1.0	1.0	100.0	500000.0	1148369.3155719999	109.52	15.47	137.0	1.0	89.0	99.0	117.0
1.0	1.0	100.0	500000.0	973520.2492209999	92.84	116.52	413.0	52.0	388.0	400.0	412.0
1.0	1.0	100.0	500000.0	943803.78237	90.01	138.80333	483.66667	80.33333	401.33333	449.33333	474.66667
1.0	1.0	100.0	1048576.0	1183712.121212	112.89	5.44	135.0	1.0	31.0	41.0	46.0
1.0	1.0	100.0	1048576.0	1064735.945486	101.54	30.31	341.0	1.0	152.0	177.0	204.0
1.0	1.0	100.0	1048576.0	1169864.295742	111.57	2.82	135.0	1.0	22.0	27.0	29.0
1.0	1.0	100.0	1048576.0	1139437.45415	108.66667	12.85667	203.66667	1.0	68.33333	81.66667	93.0
1.0	1.0	100.0	2000000.0	1199328.376109	114.38	8.01	136.0	1.0	48.0	83.0	97.0
1.0	1.0	100.0	2000000.0	1000600.360216	95.42	90.92	506.0	2.0	473.0	493.0	502.0
1.0	1.0	100.0	2000000.0	1092418.614813	104.18	43.71	538.0	1.0	348.0	530.0	537.0
1.0	1.0	100.0	2000000.0	1097449.11705	104.66	47.54667	393.33333	1.33333	289.66667	368.66667	378.66667
1.0	1.0	100.0	5000000.0	1197318.007663	114.19	11.12	136.0	1.0	64.0	92.0	94.0
1.0	1.0	100.0	5000000.0	1154467.790349	110.1	30.98	199.0	1.0	162.0	194.0	198.0
1.0	1.0	100.0	5000000.0	914076.78245	87.17	104.7	1050.0	1.0	967.0	1037.0	1049.0
1.0	1.0	100.0	5000000.0	1088620.86015	103.82	48.93333	461.66667	1.0	397.66667	441.0	447.0
1.0	1.0	100.0	10000000.0	1061120.543294	101.2	51.17	254.0	1.0	234.0	246.0	254.0
1.0	1.0	100.0	10000000.0	1203079.8845040002	114.73	2.65	136.0	1.0	10.0	16.0	23.0
1.0	1.0	100.0	10000000.0	1145737.8551790002	109.27	17.14	153.0	1.0	82.0	94.0	116.0
1.0	1.0	100.0	10000000.0	1136646.09433	108.4	23.65333	181.0	1.0	108.66667	118.66667	131.0
1.0	1.0	500.0	500000.0	242836.32831500002	115.79	247.07	688.0	221.0	578.0	666.0	685.0
1.0	1.0	500.0	500000.0	288433.804442	137.54	199.44	260.0	202.0	242.0	255.0	259.0
1.0	1.0	500.0	500000.0	282965.478212	134.93	203.65	250.0	209.0	242.0	244.0	249.0
1.0	1.0	500.0	500000.0	271411.87032	129.42	216.72	399.33333	210.66667	354.0	388.33333	397.66667
1.0	1.0	500.0	1048576.0	275027.50275	131.14	214.31	279.0	219.0	253.0	267.0	277.0
1.0	1.0	500.0	1048576.0	218770.509735	104.32	272.22	1213.0	214.0	1180.0	1204.0	1212.0
1.0	1.0	500.0	1048576.0	273448.18156999996	130.39	215.63	355.0	212.0	289.0	336.0	339.0
1.0	1.0	500.0	1048576.0	255748.73135	121.95	234.05333	615.66667	215.0	574.0	602.33333	609.33333
1.0	1.0	500.0	2000000.0	274047.684297	130.68	213.92	378.0	203.0	312.0	352.0	374.0
1.0	1.0	500.0	2000000.0	283286.11898	135.08	202.95	272.0	206.0	246.0	262.0	271.0
1.0	1.0	500.0	2000000.0	283366.392746	135.12	205.59	306.0	208.0	276.0	288.0	305.0
1.0	1.0	500.0	2000000.0	280233.39867	133.62667	207.48667	318.66667	205.66667	278.0	300.66667	316.66667
1.0	1.0	500.0	5000000.0	280033.604032	133.53	208.82	289.0	216.0	261.0	279.0	287.0
1.0	1.0	500.0	5000000.0	285795.941698	136.28	201.98	270.0	209.0	250.0	261.0	269.0
1.0	1.0	500.0	5000000.0	287852.619459	137.26	200.61	248.0	205.0	237.0	242.0	247.0
1.0	1.0	500.0	5000000.0	284560.72173	135.69	203.80333	269.0	210.0	249.33333	260.66667	267.66667
1.0	1.0	500.0	10000000.0	259538.02232	123.76	220.5	461.0	211.0	443.0	457.0	460.0
1.0	1.0	500.0	10000000.0	256016.38504899997	122.08	231.61	485.0	224.0	480.0	484.0	484.0
1.0	1.0	500.0	10000000.0	254777.070064	121.49	231.28	530.0	213.0	472.0	527.0	529.0
1.0	1.0	500.0	10000000.0	256777.15914	122.44333	227.79667	492.0	216.0	465.0	489.33333	491.0
1.0	1.0	1000.0	500000.0	148853.825543	141.96	198.1	282.0	198.0	231.0	264.0	277.0
1.0	1.0	1000.0	500000.0	147754.137116	140.91	199.08	315.0	198.0	251.0	288.0	313.0
1.0	1.0	1000.0	500000.0	149880.09592300002	142.94	197.2	298.0	192.0	253.0	288.0	296.0
1.0	1.0	1000.0	500000.0	148829.35286	141.93667	198.12667	298.33333	196.0	245.0	280.0	295.33333
1.0	1.0	1000.0	1048576.0	132661.183338	126.52	225.06	743.0	202.0	732.0	739.0	742.0
1.0	1.0	1000.0	1048576.0	129500.1295	123.5	231.8	729.0	201.0	703.0	723.0	728.0
1.0	1.0	1000.0	1048576.0	155472.636816	148.27	188.18	290.0	187.0	229.0	271.0	288.0
1.0	1.0	1000.0	1048576.0	139211.31655	132.76333	215.01333	587.33333	196.66667	554.66667	577.66667	586.0
1.0	1.0	1000.0	2000000.0	132625.994695	126.48	225.66	671.0	200.0	653.0	670.0	671.0
1.0	1.0	1000.0	2000000.0	149164.677804	142.25	197.77	278.0	205.0	229.0	260.0	277.0
1.0	1.0	1000.0	2000000.0	144050.705848	137.38	204.53	291.0	201.0	246.0	273.0	289.0
1.0	1.0	1000.0	2000000.0	141947.12612	135.37	209.32	413.33333	202.0	376.0	401.0	412.33333
1.0	1.0	1000.0	5000000.0	148588.410104	141.7	198.52	293.0	198.0	237.0	274.0	292.0
1.0	1.0	1000.0	5000000.0	149075.73047100002	142.17	196.42	293.0	194.0	240.0	272.0	292.0
1.0	1.0	1000.0	5000000.0	145095.763204	138.37	205.98	477.0	191.0	465.0	469.0	476.0
1.0	1.0	1000.0	5000000.0	147586.63459	140.74667	200.30667	354.33333	194.33333	314.0	338.33333	353.33333
1.0	1.0	1000.0	10000000.0	145985.40146	139.22	203.05	329.0	200.0	262.0	316.0	327.0
1.0	1.0	1000.0	10000000.0	134807.22566700002	128.56	220.65	592.0	202.0	577.0	589.0	591.0
1.0	1.0	1000.0	10000000.0	138274.33628299998	131.87	212.86	370.0	207.0	359.0	365.0	369.0
1.0	1.0	1000.0	10000000.0	139688.9878	133.21667	212.18667	430.33333	203.0	399.33333	423.33333	429.0
1.0	2.0	100.0	500000.0	1235177.865613	117.8	8.14	139.0	1.0	60.0	108.0	122.0
1.0	2.0	100.0	500000.0	1442169.022209	137.54	0.84	137.0	1.0	1.0	3.0	12.0
1.0	2.0	100.0	500000.0	1306165.099269	124.57	1.59	135.0	1.0	5.0	23.0	28.0
1.0	2.0	100.0	500000.0	1327837.32903	126.63667	3.52333	137.0	1.0	22.0	44.66667	54.0
1.0	2.0	100.0	1048576.0	954927.425516	91.07	102.95	1555.0	1.0	1509.0	1538.0	1552.0
1.0	2.0	100.0	1048576.0	1374381.528312	131.07	5.91	149.0	1.0	22.0	136.0	148.0
1.0	2.0	100.0	1048576.0	1340842.048807	127.87	1.09	132.0	1.0	2.0	10.0	21.0
1.0	2.0	100.0	1048576.0	1223383.66755	116.67	36.65	612.0	1.0	511.0	561.33333	573.66667
1.0	2.0	100.0	2000000.0	1307189.542484	124.66	16.92	289.0	1.0	179.0	249.0	285.0
1.0	2.0	100.0	2000000.0	1361655.77342	129.86	3.66	143.0	1.0	16.0	85.0	113.0
1.0	2.0	100.0	2000000.0	1428163.381891	136.2	1.05	137.0	1.0	2.0	12.0	26.0
1.0	2.0	100.0	2000000.0	1365669.56593	130.24	7.21	189.66667	1.0	65.66667	115.33333	141.33333
1.0	2.0	100.0	5000000.0	1188777.936282	113.37	37.9	589.0	1.0	470.0	565.0	587.0
1.0	2.0	100.0	5000000.0	1152339.248675	109.9	49.6	763.0	1.0	583.0	742.0	760.0
1.0	2.0	100.0	5000000.0	433576.13596899994	41.35	484.67	7940.0	1.0	7818.0	7920.0	7938.0
1.0	2.0	100.0	5000000.0	924897.77364	88.20667	190.72333	3097.33333	1.0	2957.0	3075.66667	3095.0
1.0	2.0	100.0	10000000.0	1375137.513751	131.14	1.25	139.0	1.0	2.0	22.0	31.0
1.0	2.0	100.0	10000000.0	1152339.248675	109.9	55.72	644.0	1.0	430.0	585.0	634.0
1.0	2.0	100.0	10000000.0	1405283.867341	134.02	0.87	136.0	1.0	1.0	6.0	12.0
1.0	2.0	100.0	10000000.0	1310920.20992	125.02	19.28	306.33333	1.0	144.33333	204.33333	225.66667
1.0	2.0	500.0	500000.0	369959.304477	176.41	149.72	204.0	158.0	193.0	199.0	203.0
1.0	2.0	500.0	500000.0	361271.676301	172.27	150.09	322.0	152.0	290.0	314.0	321.0
1.0	2.0	500.0	500000.0	357525.920629	170.48	153.36	208.0	156.0	187.0	203.0	207.0
1.0	2.0	500.0	500000.0	362918.96714	173.05333	151.05667	244.66667	155.33333	223.33333	238.66667	243.66667
1.0	2.0	500.0	1048576.0	372717.107715	177.73	150.77	247.0	150.0	243.0	245.0	247.0
1.0	2.0	500.0	1048576.0	385059.684251	183.61	141.29	182.0	145.0	164.0	176.0	180.0
1.0	2.0	500.0	1048576.0	362318.84058	172.77	153.17	204.0	155.0	194.0	201.0	204.0
1.0	2.0	500.0	1048576.0	373365.21085	178.03667	148.41	211.0	150.0	200.33333	207.33333	210.33333
1.0	2.0	500.0	2000000.0	326264.274062	155.57	173.97	591.0	148.0	576.0	589.0	590.0
1.0	2.0	500.0	2000000.0	385951.370127	184.04	142.78	212.0	144.0	185.0	203.0	211.0
1.0	2.0	500.0	2000000.0	320718.409237	152.93	176.78	772.0	143.0	756.0	771.0	772.0
1.0	2.0	500.0	2000000.0	344311.35114	164.18	164.51	525.0	145.0	505.66667	521.0	524.33333
1.0	2.0	500.0	5000000.0	386996.904025	184.53	143.22	202.0	148.0	185.0	188.0	201.0
1.0	2.0	500.0	5000000.0	359195.40229899995	171.28	153.41	205.0	157.0	187.0	196.0	203.0
1.0	2.0	500.0	5000000.0	363504.180298	173.33	154.41	274.0	156.0	216.0	266.0	269.0
1.0	2.0	500.0	5000000.0	369898.82887	176.38	150.34667	227.0	153.66667	196.0	216.66667	224.33333
1.0	2.0	500.0	10000000.0	390777.647519	186.34	140.13	189.0	142.0	171.0	180.0	188.0
1.0	2.0	500.0	10000000.0	142470.437384	67.94	432.25	4645.0	151.0	4627.0	4641.0	4644.0
1.0	2.0	500.0	10000000.0	290866.78301300004	138.7	203.26	873.0	165.0	756.0	775.0	780.0
1.0	2.0	500.0	10000000.0	274704.95597	130.99333	258.54667	1902.33333	152.66667	1851.33333	1865.33333	1870.66667
1.0	2.0	1000.0	500000.0	184365.781711	175.82	157.55	407.0	143.0	375.0	404.0	407.0
1.0	2.0	1000.0	500000.0	208159.866778	198.52	137.36	235.0	136.0	188.0	221.0	232.0
1.0	2.0	1000.0	500000.0	157678.965626	150.37	187.56	630.0	147.0	596.0	625.0	629.0
1.0	2.0	1000.0	500000.0	183401.53804	174.90333	160.82333	424.0	142.0	386.33333	416.66667	422.66667
1.0	2.0	1000.0	1048576.0	177746.178457	169.51	156.06	294.0	147.0	240.0	280.0	292.0
1.0	2.0	1000.0	1048576.0	121388.686574	115.77	238.94	537.0	234.0	488.0	528.0	536.0
1.0	2.0	1000.0	1048576.0	87382.034254	83.33	345.59	680.0	371.0	521.0	635.0	657.0
1.0	2.0	1000.0	1048576.0	128838.96643	122.87	246.86333	503.66667	250.66667	416.33333	481.0	495.0
1.0	2.0	1000.0	2000000.0	69051.236017	65.85	449.11	1397.0	348.0	1350.0	1393.0	1397.0
1.0	2.0	1000.0	2000000.0	113352.981183	108.1	259.17	446.0	263.0	371.0	426.0	443.0
1.0	2.0	1000.0	2000000.0	105552.03715399999	100.66	288.85	1061.0	265.0	914.0	1028.0	1060.0
1.0	2.0	1000.0	2000000.0	95985.41812	91.53667	332.37667	968.0	292.0	878.33333	949.0	966.66667
1.0	2.0	1000.0	5000000.0	81089.847551	77.33	378.05	2166.0	268.0	2093.0	2126.0	2152.0
1.0	2.0	1000.0	5000000.0	84631.008802	80.71	259.39	2381.0	195.0	737.0	2369.0	2379.0
1.0	2.0	1000.0	5000000.0	153562.653563	146.45	186.55	694.0	145.0	682.0	689.0	694.0
1.0	2.0	1000.0	5000000.0	106427.83664	101.49667	274.66333	1747.0	202.66667	1170.66667	1728.0	1741.66667
1.0	2.0	1000.0	10000000.0	136500.1365	130.18	215.18	757.0	205.0	686.0	756.0	757.0
1.0	2.0	1000.0	10000000.0	115446.77903499999	110.1	254.11	797.0	213.0	739.0	784.0	796.0
1.0	2.0	1000.0	10000000.0	91726.288754	87.48	332.8	1384.0	276.0	1343.0	1372.0	1383.0
1.0	2.0	1000.0	10000000.0	114557.73476	109.25333	267.36333	979.33333	231.33333	922.66667	970.66667	978.66667
1.0	5.0	100.0	500000.0	96287.16684600001	9.18	1.48	48553.0	1.0	3.0	9.0	39.0
1.0	5.0	100.0	500000.0	1398210.290828	133.34	1.53	148.0	1.0	2.0	12.0	26.0
1.0	5.0	100.0	500000.0	1386577.925679	132.23	1.61	135.0	1.0	2.0	19.0	25.0
1.0	5.0	100.0	500000.0	960358.46112	91.58333	1.54	16278.66667	1.0	2.33333	13.33333	30.0
1.0	5.0	100.0	1048576.0	1409641.9509440002	134.43	1.29	147.0	1.0	2.0	4.0	13.0
1.0	5.0	100.0	1048576.0	1478852.410529	141.03	1.22	140.0	1.0	2.0	5.0	10.0
1.0	5.0	100.0	1048576.0	1424095.699231	135.81	1.56	145.0	1.0	2.0	17.0	40.0
1.0	5.0	100.0	1048576.0	1437530.02023	137.09	1.35667	144.0	1.0	2.0	8.66667	21.0
1.0	5.0	100.0	2000000.0	1204238.921002	114.85	36.21	307.0	1.0	254.0	283.0	305.0
1.0	5.0	100.0	2000000.0	1288327.75058	122.86	27.11	300.0	1.0	255.0	287.0	299.0
1.0	5.0	100.0	2000000.0	1350986.219941	128.84	14.54	272.0	1.0	112.0	168.0	192.0
1.0	5.0	100.0	2000000.0	1281184.29717	122.18333	25.95333	293.0	1.0	207.0	246.0	265.33333
1.0	5.0	100.0	5000000.0	1213592.23301	115.74	40.04	377.0	1.0	317.0	371.0	374.0
1.0	5.0	100.0	5000000.0	1381215.4696129998	131.72	1.44	145.0	1.0	3.0	8.0	27.0
1.0	5.0	100.0	5000000.0	1373626.373626	131.0	1.48	137.0	1.0	2.0	17.0	34.0
1.0	5.0	100.0	5000000.0	1322811.35875	126.15333	14.32	219.66667	1.0	107.33333	132.0	145.0
1.0	5.0	100.0	10000000.0	1329787.234043	126.82	1.1	138.0	1.0	2.0	4.0	9.0
1.0	5.0	100.0	10000000.0	1325205.4068379998	126.38	1.31	150.0	1.0	2.0	6.0	13.0
1.0	5.0	100.0	10000000.0	904322.662326	86.24	106.8	1798.0	1.0	1645.0	1775.0	1796.0
1.0	5.0	100.0	10000000.0	1186438.4344	113.14667	36.40333	695.33333	1.0	549.66667	595.0	606.0
1.0	5.0	500.0	500000.0	433839.479393	206.87	119.85	156.0	125.0	152.0	153.0	155.0
1.0	5.0	500.0	500000.0	451671.183379	215.37	109.24	145.0	121.0	140.0	142.0	144.0
1.0	5.0	500.0	500000.0	433275.563258	206.6	101.25	191.0	122.0	160.0	176.0	190.0
1.0	5.0	500.0	500000.0	439595.40868	209.61333	110.11333	164.0	122.66667	150.66667	157.0	163.0
1.0	5.0	500.0	1048576.0	372578.241431	177.66	145.4	359.0	134.0	346.0	349.0	359.0
1.0	5.0	500.0	1048576.0	313185.09239	149.34	178.03	1125.0	122.0	927.0	1123.0	1124.0
1.0	5.0	500.0	1048576.0	431778.92918800004	205.89	121.35	164.0	126.0	143.0	162.0	163.0
1.0	5.0	500.0	1048576.0	372514.08767	177.63	148.26	549.33333	127.33333	472.0	544.66667	548.66667
1.0	5.0	500.0	2000000.0	459770.114943	219.24	109.36	146.0	117.0	139.0	142.0	145.0
1.0	5.0	500.0	2000000.0	412031.31438	196.47	119.54	186.0	123.0	167.0	185.0	186.0
1.0	5.0	500.0	2000000.0	317258.883249	151.28	168.02	285.0	180.0	255.0	277.0	282.0
1.0	5.0	500.0	2000000.0	396353.43752	188.99667	132.30667	205.66667	140.0	187.0	201.33333	204.33333
1.0	5.0	500.0	5000000.0	224618.149146	107.11	247.23	397.0	265.0	373.0	386.0	395.0
1.0	5.0	500.0	5000000.0	158553.98763299998	75.6	379.02	2730.0	249.0	2274.0	2717.0	2724.0
1.0	5.0	500.0	5000000.0	214638.334407	102.35	267.97	625.0	296.0	584.0	622.0	625.0
1.0	5.0	500.0	5000000.0	199270.15706	95.02	298.07333	1250.66667	270.0	1077.0	1241.66667	1248.0
1.0	5.0	500.0	10000000.0	191791.331032	91.45	306.91	405.0	314.0	379.0	403.0	404.0
1.0	5.0	500.0	10000000.0	195083.88607100002	93.02	292.17	646.0	330.0	555.0	634.0	643.0
1.0	5.0	500.0	10000000.0	153680.651606	73.28	386.36	1673.0	329.0	1624.0	1661.0	1668.0
1.0	5.0	500.0	10000000.0	180185.28957	85.91667	328.48	908.0	324.33333	852.66667	899.33333	905.0
1.0	5.0	1000.0	500000.0	108061.378863	103.06	272.02	388.0	287.0	335.0	360.0	387.0
1.0	5.0	1000.0	500000.0	102522.042239	97.77	287.11	383.0	304.0	354.0	369.0	370.0
1.0	5.0	1000.0	500000.0	98270.440252	93.72	309.38	898.0	303.0	751.0	855.0	897.0
1.0	5.0	1000.0	500000.0	102951.28712	98.18333	289.50333	556.33333	298.0	480.0	528.0	551.33333
1.0	5.0	1000.0	1048576.0	104755.918709	99.9	282.62	895.0	283.0	720.0	849.0	872.0
1.0	5.0	1000.0	1048576.0	105730.598435	100.83	279.37	374.0	299.0	346.0	361.0	371.0
1.0	5.0	1000.0	1048576.0	102606.197414	97.85	287.15	967.0	305.0	837.0	932.0	966.0
1.0	5.0	1000.0	1048576.0	104364.23819	99.52667	283.04667	745.33333	295.66667	634.33333	714.0	736.33333
1.0	5.0	1000.0	2000000.0	93057.88200299999	88.75	327.57	1077.0	317.0	897.0	1030.0	1077.0
1.0	5.0	1000.0	2000000.0	105152.47108300001	100.28	283.23	365.0	295.0	343.0	354.0	363.0
1.0	5.0	1000.0	2000000.0	108271.97921199999	103.26	271.73	365.0	289.0	333.0	344.0	364.0
1.0	5.0	1000.0	2000000.0	102160.77743	97.43	294.17667	602.33333	300.33333	524.33333	576.0	601.33333
1.0	5.0	1000.0	5000000.0	106473.594549	101.54	277.34	1108.0	197.0	1098.0	1106.0	1107.0
1.0	5.0	1000.0	5000000.0	105108.261509	100.24	279.33	383.0	298.0	358.0	376.0	381.0
1.0	5.0	1000.0	5000000.0	105086.17066	100.22	281.93	361.0	296.0	339.0	348.0	360.0
1.0	5.0	1000.0	5000000.0	105556.00891	100.66667	279.53333	617.33333	263.66667	598.33333	610.0	616.0
1.0	5.0	1000.0	10000000.0	101791.530945	97.08	290.72	392.0	301.0	353.0	369.0	387.0
1.0	5.0	1000.0	10000000.0	102648.326832	97.89	288.19	743.0	315.0	675.0	715.0	741.0
1.0	5.0	1000.0	10000000.0	107828.33728699999	102.83	274.0	361.0	290.0	333.0	348.0	358.0
1.0	5.0	1000.0	10000000.0	104089.39835	99.26667	284.30333	498.66667	302.0	453.66667	477.33333	495.33333
2.0	1.0	100.0	500000.0	493291.23914799996	47.04	553.95	1604.0	403.0	1149.0	1535.0	1597.0
2.0	1.0	100.0	500000.0	740960.2845289999	70.66	276.26	535.0	281.0	482.0	522.0	534.0
2.0	1.0	100.0	500000.0	780396.441392	74.42	258.34	538.0	322.0	501.0	527.0	535.0
2.0	1.0	100.0	500000.0	671549.32169	64.04	362.85	892.33333	335.33333	710.66667	861.33333	888.66667
2.0	1.0	100.0	1048576.0	788767.944471	75.22	274.21	442.0	315.0	406.0	427.0	441.0
2.0	1.0	100.0	1048576.0	795798.18558	75.89	236.35	849.0	188.0	816.0	837.0	846.0
2.0	1.0	100.0	1048576.0	824674.25367	78.65	127.63	387.0	153.0	347.0	372.0	386.0
2.0	1.0	100.0	1048576.0	803080.12791	76.58667	212.73	559.33333	218.66667	523.0	545.33333	557.66667
2.0	1.0	100.0	2000000.0	851933.8899300001	81.25	138.13	486.0	93.0	409.0	462.0	476.0
2.0	1.0	100.0	2000000.0	752219.046186	71.74	197.85	1324.0	146.0	1282.0	1315.0	1323.0
2.0	1.0	100.0	2000000.0	838926.174497	80.01	180.68	1047.0	55.0	970.0	1037.0	1045.0
2.0	1.0	100.0	2000000.0	814359.70354	77.66667	172.22	952.33333	98.0	887.0	938.0	948.0
2.0	1.0	100.0	5000000.0	1066325.442525	101.69	35.47	153.0	2.0	126.0	136.0	152.0
2.0	1.0	100.0	5000000.0	1096972.3562969998	104.62	8.96	137.0	1.0	42.0	78.0	90.0
2.0	1.0	100.0	5000000.0	490484.59878400003	46.78	430.91	3079.0	112.0	3010.0	3070.0	3078.0
2.0	1.0	100.0	5000000.0	884594.13254	84.36333	158.44667	1123.0	38.33333	1059.33333	1094.66667	1106.66667
2.0	1.0	100.0	10000000.0	1140510.948905	108.77	14.85	135.0	1.0	64.0	81.0	87.0
2.0	1.0	100.0	10000000.0	947149.0812649999	90.33	76.56	633.0	11.0	570.0	607.0	631.0
2.0	1.0	100.0	10000000.0	715307.58226	68.22	242.89	544.0	194.0	481.0	529.0	541.0
2.0	1.0	100.0	10000000.0	934322.53748	89.10667	111.43333	437.33333	68.66667	371.66667	405.66667	419.66667
2.0	1.0	500.0	500000.0	127502.23128900002	60.8	488.46	2285.0	337.0	2226.0	2253.0	2283.0
2.0	1.0	500.0	500000.0	210304.94216600002	100.28	277.16	371.0	296.0	336.0	350.0	370.0
2.0	1.0	500.0	500000.0	200240.28834600002	95.48	293.88	443.0	299.0	408.0	438.0	442.0
2.0	1.0	500.0	500000.0	179349.15393	85.52	353.16667	1033.0	310.66667	990.0	1013.66667	1031.66667
2.0	1.0	500.0	1048576.0	194666.147557	92.82	303.76	380.0	318.0	361.0	370.0	377.0
2.0	1.0	500.0	1048576.0	143967.751224	68.65	422.72	1377.0	314.0	1331.0	1355.0	1376.0
2.0	1.0	500.0	1048576.0	203832.042397	97.19	287.56	426.0	291.0	356.0	409.0	421.0
2.0	1.0	500.0	1048576.0	180821.98039	86.22	338.01333	727.66667	307.66667	682.66667	711.33333	724.66667
2.0	1.0	500.0	2000000.0	202470.135655	96.55	292.78	531.0	296.0	446.0	510.0	519.0
2.0	1.0	500.0	2000000.0	193423.597679	92.23	305.76	442.0	320.0	381.0	407.0	441.0
2.0	1.0	500.0	2000000.0	189358.076122	90.29	312.31	517.0	328.0	480.0	515.0	516.0
2.0	1.0	500.0	2000000.0	195083.93649	93.02333	303.61667	496.66667	314.66667	435.66667	477.33333	492.0
2.0	1.0	500.0	5000000.0	145878.920496	69.56	417.12	3053.0	199.0	3027.0	3049.0	3052.0
2.0	1.0	500.0	5000000.0	227272.727273	108.37	254.3	367.0	265.0	326.0	338.0	366.0
2.0	1.0	500.0	5000000.0	193199.38176199998	92.12	304.13	614.0	301.0	430.0	570.0	613.0
2.0	1.0	500.0	5000000.0	188783.67651	90.01667	325.18333	1344.66667	255.0	1261.0	1319.0	1343.66667
2.0	1.0	500.0	10000000.0	192122.958694	91.61	307.97	450.0	322.0	391.0	435.0	449.0
2.0	1.0	500.0	10000000.0	176180.408739	84.01	340.37	577.0	344.0	501.0	562.0	567.0
2.0	1.0	500.0	10000000.0	173973.556019	82.96	342.21	477.0	351.0	429.0	461.0	475.0
2.0	1.0	500.0	10000000.0	180758.97448	86.19333	330.18333	501.33333	339.0	440.33333	486.0	497.0
2.0	1.0	1000.0	500000.0	87077.673285	83.04	347.13	787.0	322.0	652.0	761.0	786.0
2.0	1.0	1000.0	500000.0	92867.75631499999	88.57	323.7	406.0	337.0	376.0	389.0	401.0
2.0	1.0	1000.0	500000.0	88683.93047200001	84.58	340.76	522.0	339.0	459.0	491.0	518.0
2.0	1.0	1000.0	500000.0	89543.12002	85.39667	337.19667	571.66667	332.66667	495.66667	547.0	568.33333
2.0	1.0	1000.0	1048576.0	72982.04641699999	69.6	421.63	1891.0	331.0	1838.0	1882.0	1890.0
2.0	1.0	1000.0	1048576.0	112157.918349	106.96	269.42	690.0	217.0	650.0	686.0	689.0
2.0	1.0	1000.0	1048576.0	86745.315753	82.73	342.1	1203.0	279.0	1164.0	1190.0	1202.0
2.0	1.0	1000.0	1048576.0	90628.42684	86.43	344.38333	1261.33333	275.66667	1217.33333	1252.66667	1260.33333
2.0	1.0	1000.0	2000000.0	70224.719101	66.97	444.0	2887.0	286.0	2811.0	2849.0	2882.0
2.0	1.0	1000.0	2000000.0	139625.802848	133.16	205.29	292.0	206.0	245.0	272.0	290.0
2.0	1.0	1000.0	2000000.0	112132.765194	106.94	262.2	359.0	272.0	330.0	355.0	358.0
2.0	1.0	1000.0	2000000.0	107327.76238	102.35667	303.83	1179.33333	254.66667	1128.66667	1158.66667	1176.66667
2.0	1.0	1000.0	5000000.0	97503.90015599999	92.99	297.56	523.0	295.0	381.0	398.0	513.0
2.0	1.0	1000.0	5000000.0	57175.528874	54.53	392.65	3649.0	343.0	425.0	3620.0	3648.0
2.0	1.0	1000.0	5000000.0	119789.17105899999	114.24	253.53	718.0	222.0	602.0	707.0	716.0
2.0	1.0	1000.0	5000000.0	91489.53336	87.25333	314.58	1630.0	286.66667	469.33333	1575.0	1625.66667
2.0	1.0	1000.0	10000000.0	98444.575704	93.88	311.8	1151.0	264.0	1098.0	1147.0	1150.0
2.0	1.0	1000.0	10000000.0	99720.78181100001	95.1	280.67	749.0	221.0	691.0	747.0	748.0
2.0	1.0	1000.0	10000000.0	99443.118536	94.84	302.62	431.0	311.0	368.0	404.0	430.0
2.0	1.0	1000.0	10000000.0	99202.82535	94.60667	298.36333	777.0	265.33333	719.0	766.0	776.0
2.0	2.0	100.0	500000.0	172312.782162	16.43	298.43	21564.0	1.0	189.0	236.0	248.0
2.0	2.0	100.0	500000.0	795798.18558	75.89	174.79	874.0	96.0	849.0	862.0	873.0
2.0	2.0	100.0	500000.0	641272.284212	61.16	331.15	1400.0	482.0	1301.0	1394.0	1397.0
2.0	2.0	100.0	500000.0	536461.08398	51.16	268.12333	7946.0	193.0	779.66667	830.66667	839.33333
2.0	2.0	100.0	1048576.0	895415.4727790001	85.39	101.27	471.0	53.0	239.0	351.0	423.0
2.0	2.0	100.0	1048576.0	1031565.9170620001	98.38	44.39	258.0	71.0	221.0	252.0	257.0
2.0	2.0	100.0	1048576.0	1202790.473899	114.71	5.03	142.0	1.0	23.0	50.0	77.0
2.0	2.0	100.0	1048576.0	1043257.28791	99.49333	50.23	290.33333	41.66667	161.0	217.66667	252.33333
2.0	2.0	100.0	2000000.0	406636.304489	38.78	505.49	7795.0	1.0	138.0	269.0	307.0
2.0	2.0	100.0	2000000.0	497809.637595	47.47	409.78	5315.0	64.0	5232.0	5307.0	5314.0
2.0	2.0	100.0	2000000.0	959877.1357270001	91.54	86.97	902.0	1.0	554.0	763.0	784.0
2.0	2.0	100.0	2000000.0	621441.02594	59.26333	334.08	4670.66667	22.0	1974.66667	2113.0	2135.0
2.0	2.0	100.0	5000000.0	878734.622144	83.8	94.55	1109.0	1.0	944.0	1084.0	1105.0
2.0	2.0	100.0	5000000.0	737354.372511	70.32	211.29	662.0	221.0	580.0	649.0	660.0
2.0	2.0	100.0	5000000.0	669612.963707	63.86	298.2	893.0	270.0	621.0	790.0	820.0
2.0	2.0	100.0	5000000.0	761900.65279	72.66	201.34667	888.0	164.0	715.0	841.0	861.66667
2.0	2.0	100.0	10000000.0	721604.849185	68.82	227.7	1050.0	201.0	836.0	1003.0	1046.0
2.0	2.0	100.0	10000000.0	763009.308714	72.77	178.82	875.0	131.0	706.0	837.0	856.0
2.0	2.0	100.0	10000000.0	724008.108891	69.05	251.71	1130.0	179.0	889.0	1096.0	1129.0
2.0	2.0	100.0	10000000.0	736207.42226	70.21333	219.41	1018.33333	170.33333	810.33333	978.66667	1010.33333
2.0	2.0	500.0	500000.0	179759.122775	85.72	338.67	1213.0	355.0	1054.0	1170.0	1211.0
2.0	2.0	500.0	500000.0	170998.63201099998	81.54	347.22	435.0	368.0	402.0	413.0	430.0
2.0	2.0	500.0	500000.0	165562.91390699998	78.95	358.71	942.0	362.0	766.0	926.0	941.0
2.0	2.0	500.0	500000.0	172106.88956	82.07	348.2	863.33333	361.66667	740.66667	836.33333	860.66667
2.0	2.0	500.0	1048576.0	166889.185581	79.58	355.22	734.0	366.0	416.0	726.0	733.0
2.0	2.0	500.0	1048576.0	113365.83153800001	54.06	542.95	3241.0	362.0	2975.0	3187.0	3239.0
2.0	2.0	500.0	1048576.0	256344.52704400002	122.23	204.0	1167.0	174.0	236.0	1164.0	1166.0
2.0	2.0	500.0	1048576.0	178866.51472	85.29	367.39	1714.0	300.66667	1209.0	1692.33333	1712.66667
2.0	2.0	500.0	2000000.0	279173.646008	133.12	199.28	352.0	164.0	260.0	279.0	288.0
2.0	2.0	500.0	2000000.0	173190.162799	82.58	334.69	561.0	313.0	456.0	477.0	488.0
2.0	2.0	500.0	2000000.0	148632.58026199997	70.87	403.02	642.0	417.0	471.0	555.0	592.0
2.0	2.0	500.0	2000000.0	200332.12969	95.52333	312.33	518.33333	298.0	395.66667	437.0	456.0
2.0	2.0	500.0	5000000.0	113830.39271500001	54.28	540.39	5187.0	325.0	5094.0	5151.0	5185.0
2.0	2.0	500.0	5000000.0	285225.328009	136.01	201.62	854.0	149.0	733.0	744.0	760.0
2.0	2.0	500.0	5000000.0	225022.50225	107.3	255.61	359.0	269.0	330.0	347.0	358.0
2.0	2.0	500.0	5000000.0	208026.07432	99.19667	332.54	2133.33333	247.66667	2052.33333	2080.66667	2101.0
2.0	2.0	500.0	10000000.0	165809.981761	79.06	346.2	1355.0	622.0	1285.0	1333.0	1354.0
2.0	2.0	500.0	10000000.0	162232.316677	77.36	362.77	1681.0	602.0	1594.0	1662.0	1677.0
2.0	2.0	500.0	10000000.0	199920.031987	95.33	293.33	400.0	303.0	361.0	374.0	392.0
2.0	2.0	500.0	10000000.0	175987.44348	83.91667	334.1	1145.33333	509.0	1080.0	1123.0	1141.0
2.0	2.0	1000.0	500000.0	91157.702826	86.93	328.45	428.0	337.0	400.0	412.0	425.0
2.0	2.0	1000.0	500000.0	75448.92108	71.95	402.07	1387.0	348.0	1315.0	1364.0	1372.0
2.0	2.0	1000.0	500000.0	93861.46048400001	89.51	317.99	662.0	330.0	562.0	605.0	628.0
2.0	2.0	1000.0	500000.0	86822.6948	82.79667	349.50333	825.66667	338.33333	759.0	793.66667	808.33333
2.0	2.0	1000.0	1048576.0	94428.70632699999	90.05	316.8	1083.0	335.0	968.0	1061.0	1076.0
2.0	2.0	1000.0	1048576.0	81779.522408	77.99	371.76	1044.0	335.0	919.0	1024.0	1040.0
2.0	2.0	1000.0	1048576.0	89381.480157	85.24	333.35	1055.0	334.0	847.0	1034.0	1052.0
2.0	2.0	1000.0	1048576.0	88529.90296	84.42667	340.63667	1060.66667	334.66667	911.33333	1039.66667	1056.0
2.0	2.0	1000.0	2000000.0	89094.796864	84.97	336.56	460.0	351.0	401.0	448.0	458.0
2.0	2.0	1000.0	2000000.0	90678.273486	86.48	333.63	682.0	352.0	614.0	662.0	678.0
2.0	2.0	1000.0	2000000.0	86745.315753	82.73	344.35	473.0	357.0	424.0	453.0	472.0
2.0	2.0	1000.0	2000000.0	88839.46203	84.72667	338.18	538.33333	353.33333	479.66667	521.0	536.0
2.0	2.0	1000.0	5000000.0	82196.284728	78.39	367.39	474.0	379.0	428.0	449.0	468.0
2.0	2.0	1000.0	5000000.0	76793.119337	73.24	358.21	1210.0	359.0	402.0	603.0	1205.0
2.0	2.0	1000.0	5000000.0	95310.712924	90.9	312.5	519.0	313.0	455.0	489.0	516.0
2.0	2.0	1000.0	5000000.0	84766.70566	80.84333	346.03333	734.33333	350.33333	428.33333	513.66667	729.66667
2.0	2.0	1000.0	10000000.0	92558.311736	88.27	323.69	412.0	335.0	385.0	396.0	407.0
2.0	2.0	1000.0	10000000.0	91257.52874600001	87.03	328.42	449.0	341.0	392.0	403.0	447.0
2.0	2.0	1000.0	10000000.0	83752.093802	79.87	362.35	692.0	347.0	605.0	681.0	690.0
2.0	2.0	1000.0	10000000.0	89189.31143	85.05667	338.15333	517.66667	341.0	460.66667	493.33333	514.66667
2.0	5.0	100.0	500000.0	86599.580858	8.26	37.63	51934.0	12.0	151.0	202.0	212.0
2.0	5.0	100.0	500000.0	1057529.6108290001	100.85	16.61	182.0	4.0	127.0	175.0	180.0
2.0	5.0	100.0	500000.0	1036914.143509	98.89	46.2	738.0	2.0	209.0	614.0	620.0
2.0	5.0	100.0	500000.0	727014.44507	69.33333	33.48	17618.0	6.0	162.33333	330.33333	337.33333
2.0	5.0	100.0	1048576.0	1113585.7461020001	106.2	14.74	144.0	2.0	50.0	88.0	114.0
2.0	5.0	100.0	1048576.0	1107910.480833	105.66	29.2	405.0	1.0	162.0	301.0	330.0
2.0	5.0	100.0	1048576.0	1097694.840834	104.68	41.13	474.0	1.0	350.0	400.0	404.0
2.0	5.0	100.0	1048576.0	1106397.02259	105.51333	28.35667	341.0	1.33333	187.33333	263.0	282.66667
2.0	5.0	100.0	2000000.0	1220703.125	116.42	16.77	311.0	1.0	42.0	85.0	109.0
2.0	5.0	100.0	2000000.0	1289324.394018	122.96	13.43	232.0	1.0	79.0	196.0	201.0
2.0	5.0	100.0	2000000.0	863856.254319	82.38	132.82	871.0	1.0	89.0	192.0	217.0
2.0	5.0	100.0	2000000.0	1124627.92445	107.25333	54.34	471.33333	1.0	70.0	157.66667	175.66667
2.0	5.0	100.0	5000000.0	721813.194745	68.84	248.12	1529.0	1.0	5.0	65.0	102.0
2.0	5.0	100.0	5000000.0	605326.876513	57.73	387.38	1131.0	818.0	904.0	1110.0	1129.0
2.0	5.0	100.0	5000000.0	710631.040364	67.77	259.4	804.0	410.0	754.0	799.0	804.0
2.0	5.0	100.0	5000000.0	679257.03721	64.78	298.3	1154.66667	409.66667	554.33333	658.0	678.33333
2.0	5.0	100.0	10000000.0	659108.884788	62.86	334.67	1788.0	518.0	1736.0	1770.0	1786.0
2.0	5.0	100.0	10000000.0	804246.421103	76.7	216.23	1056.0	347.0	841.0	1019.0	1055.0
2.0	5.0	100.0	10000000.0	725373.567387	69.18	282.57	1320.0	443.0	706.0	729.0	759.0
2.0	5.0	100.0	10000000.0	729576.29109	69.58	277.82333	1388.0	436.0	1094.33333	1172.66667	1200.0
2.0	5.0	500.0	500000.0	171732.783788	81.89	336.55	733.0	380.0	667.0	691.0	728.0
2.0	5.0	500.0	500000.0	168095.478232	80.15	343.96	1023.0	341.0	775.0	988.0	1013.0
2.0	5.0	500.0	500000.0	173220.162827	82.6	333.53	842.0	220.0	794.0	829.0	841.0
2.0	5.0	500.0	500000.0	171016.14162	81.54667	338.01333	866.0	313.66667	745.33333	836.0	860.66667
2.0	5.0	500.0	1048576.0	178475.816527	85.1	312.69	680.0	355.0	648.0	663.0	674.0
2.0	5.0	500.0	1048576.0	121256.214381	57.82	503.68	3909.0	278.0	3066.0	3729.0	3902.0
2.0	5.0	500.0	1048576.0	223413.762288	106.53	250.72	576.0	205.0	539.0	554.0	560.0
2.0	5.0	500.0	1048576.0	174381.93107	83.15	355.69667	1721.66667	279.33333	1417.66667	1648.66667	1712.0
2.0	5.0	500.0	2000000.0	193124.758594	92.09	292.36	1235.0	194.0	948.0	1182.0	1224.0
2.0	5.0	500.0	2000000.0	163238.654913	77.84	349.72	783.0	415.0	739.0	754.0	779.0
2.0	5.0	500.0	2000000.0	151377.535574	72.18	381.15	1280.0	379.0	1084.0	1248.0	1275.0
2.0	5.0	500.0	2000000.0	169246.98303	80.70333	341.07667	1099.33333	329.33333	923.66667	1061.33333	1092.66667
2.0	5.0	500.0	5000000.0	153444.83658099998	73.17	378.21	778.0	499.0	740.0	759.0	772.0
2.0	5.0	500.0	5000000.0	153917.19255	73.39	373.64	1511.0	271.0	1112.0	1458.0	1509.0
2.0	5.0	500.0	5000000.0	162522.346823	77.5	356.07	723.0	459.0	695.0	704.0	719.0
2.0	5.0	500.0	5000000.0	156628.12532	74.68667	369.30667	1004.0	409.66667	849.0	973.66667	1000.0
2.0	5.0	500.0	10000000.0	159387.950271	76.0	360.01	965.0	435.0	742.0	919.0	964.0
2.0	5.0	500.0	10000000.0	140825.23588199998	67.15	418.55	2727.0	423.0	2599.0	2692.0	2725.0
2.0	5.0	500.0	10000000.0	190839.694656	91.0	296.08	766.0	282.0	655.0	748.0	762.0
2.0	5.0	500.0	10000000.0	163684.2936	78.05	358.21333	1486.0	380.0	1332.0	1453.0	1483.66667
2.0	5.0	1000.0	500000.0	87904.36005599999	83.83	330.69	1160.0	302.0	717.0	1123.0	1153.0
2.0	5.0	1000.0	500000.0	84345.479082	80.44	344.76	740.0	419.0	689.0	719.0	730.0
2.0	5.0	1000.0	500000.0	79491.255962	75.81	368.4	1142.0	270.0	1021.0	1138.0	1141.0
2.0	5.0	1000.0	500000.0	83913.69837	80.02667	347.95	1014.0	330.33333	809.0	993.33333	1008.0
2.0	5.0	1000.0	1048576.0	83528.23254299999	79.66	352.71	682.0	427.0	662.0	673.0	680.0
2.0	5.0	1000.0	1048576.0	64366.632338	61.38	434.14	2251.0	272.0	2014.0	2238.0	2250.0
2.0	5.0	1000.0	1048576.0	100563.15366	95.9	286.28	622.0	302.0	589.0	611.0	622.0
2.0	5.0	1000.0	1048576.0	82819.33951	78.98	357.71	1185.0	333.66667	1088.33333	1174.0	1184.0
2.0	5.0	1000.0	2000000.0	90269.001625	86.09	322.98	691.0	386.0	663.0	675.0	687.0
2.0	5.0	1000.0	2000000.0	82891.246684	79.05	356.21	701.0	408.0	669.0	684.0	698.0
2.0	5.0	1000.0	2000000.0	84047.739116	80.15	347.85	710.0	411.0	682.0	694.0	709.0
2.0	5.0	1000.0	2000000.0	85735.99581	81.76333	342.34667	700.66667	401.66667	671.33333	684.33333	698.0
2.0	5.0	1000.0	5000000.0	80192.461909	76.48	365.25	1390.0	242.0	1101.0	1350.0	1386.0
2.0	5.0	1000.0	5000000.0	84217.618326	80.32	347.26	784.0	436.0	652.0	762.0	782.0
2.0	5.0	1000.0	5000000.0	87366.76568200001	83.32	335.07	778.0	424.0	661.0	742.0	772.0
2.0	5.0	1000.0	5000000.0	83925.61531	80.04	349.19333	984.0	367.33333	804.66667	951.33333	980.0
2.0	5.0	1000.0	10000000.0	66934.404284	63.83	451.32	2529.0	412.0	2407.0	2506.0	2517.0
2.0	5.0	1000.0	10000000.0	98193.244305	93.64	293.88	630.0	333.0	593.0	624.0	627.0
2.0	5.0	1000.0	10000000.0	90777.051561	86.57	319.32	688.0	370.0	650.0	675.0	687.0
2.0	5.0	1000.0	10000000.0	85301.56672	81.34667	354.84	1282.33333	371.66667	1216.66667	1268.33333	1277.0
5.0	1.0	100.0	500000.0	272286.66339899995	25.97	1052.9	2693.0	770.0	2101.0	2541.0	2670.0
5.0	1.0	100.0	500000.0	464123.271141	44.26	550.29	1301.0	503.0	905.0	1274.0	1297.0
5.0	1.0	100.0	500000.0	471787.12964700005	44.99	501.98	1308.0	451.0	1103.0	1279.0	1306.0
5.0	1.0	100.0	500000.0	402732.35473	38.40667	701.72333	1767.33333	574.66667	1369.66667	1698.0	1757.66667
5.0	1.0	100.0	1048576.0	292568.753657	27.9	973.67	4136.0	737.0	4016.0	4123.0	4134.0
5.0	1.0	100.0	1048576.0	633071.663712	60.37	293.91	1433.0	178.0	1376.0	1408.0	1432.0
5.0	1.0	100.0	1048576.0	554754.24387	52.91	430.31	695.0	523.0	630.0	666.0	676.0
5.0	1.0	100.0	1048576.0	493464.88708	47.06	565.96333	2088.0	479.33333	2007.33333	2065.66667	2080.66667
5.0	1.0	100.0	2000000.0	524493.8634220001	50.02	496.12	961.0	562.0	883.0	937.0	951.0
5.0	1.0	100.0	2000000.0	386398.76352399995	36.85	702.17	3687.0	548.0	3636.0	3670.0	3686.0
5.0	1.0	100.0	2000000.0	795798.18558	75.89	161.66	531.0	82.0	476.0	511.0	526.0
5.0	1.0	100.0	2000000.0	568896.93751	54.25333	453.31667	1726.33333	397.33333	1665.0	1706.0	1721.0
5.0	1.0	100.0	5000000.0	540891.389009	51.58	450.37	993.0	504.0	789.0	965.0	983.0
5.0	1.0	100.0	5000000.0	509424.350484	48.58	516.69	1776.0	499.0	1627.0	1730.0	1735.0
5.0	1.0	100.0	5000000.0	558971.492454	53.31	408.41	1025.0	471.0	834.0	998.0	1024.0
5.0	1.0	100.0	5000000.0	536429.07732	51.15667	458.49	1264.66667	491.33333	1083.33333	1231.0	1247.33333
5.0	1.0	100.0	10000000.0	564844.103028	53.87	435.79	637.0	509.0	591.0	619.0	634.0
5.0	1.0	100.0	10000000.0	494755.590738	47.18	511.83	2147.0	452.0	2027.0	2132.0	2146.0
5.0	1.0	100.0	10000000.0	575175.4285060001	54.85	475.76	809.0	471.0	645.0	683.0	689.0
5.0	1.0	100.0	10000000.0	544925.04076	51.96667	474.46	1197.66667	477.33333	1087.66667	1144.66667	1156.33333
5.0	1.0	500.0	500000.0	119474.313023	56.97	502.28	1055.0	534.0	888.0	1026.0	1054.0
5.0	1.0	500.0	500000.0	116292.59216199999	55.45	521.64	1042.0	536.0	738.0	1003.0	1041.0
5.0	1.0	500.0	500000.0	113973.102348	54.35	532.59	736.0	550.0	685.0	720.0	734.0
5.0	1.0	500.0	500000.0	116580.00251	55.59	518.83667	944.33333	540.0	770.33333	916.33333	943.0
5.0	1.0	500.0	1048576.0	119132.713843	56.81	510.67	664.0	537.0	617.0	639.0	660.0
5.0	1.0	500.0	1048576.0	117137.167623	55.86	518.11	689.0	545.0	619.0	654.0	688.0
5.0	1.0	500.0	1048576.0	127258.84449	60.68	477.35	637.0	502.0	577.0	609.0	628.0
5.0	1.0	500.0	1048576.0	121176.24199	57.78333	502.04333	663.33333	528.0	604.33333	634.0	658.66667
5.0	1.0	500.0	2000000.0	87650.100798	41.79	573.49	4072.0	488.0	732.0	4032.0	4054.0
5.0	1.0	500.0	2000000.0	202347.227843	96.49	289.87	479.0	268.0	416.0	459.0	478.0
5.0	1.0	500.0	2000000.0	144487.790782	68.9	409.38	689.0	415.0	611.0	651.0	683.0
5.0	1.0	500.0	2000000.0	144828.37314	69.06	424.24667	1746.66667	390.33333	586.33333	1714.0	1738.33333
5.0	1.0	500.0	5000000.0	112019.71547000001	53.42	539.82	785.0	547.0	706.0	758.0	782.0
5.0	1.0	500.0	5000000.0	118469.375666	56.49	525.59	1101.0	533.0	788.0	1036.0	1100.0
5.0	1.0	500.0	5000000.0	122865.21685699999	58.59	493.26	654.0	522.0	600.0	626.0	650.0
5.0	1.0	500.0	5000000.0	117784.76933	56.16667	519.55667	846.66667	534.0	698.0	806.66667	844.0
5.0	1.0	500.0	10000000.0	120105.69300999999	57.27	504.98	641.0	532.0	603.0	624.0	637.0
5.0	1.0	500.0	10000000.0	85041.245004	40.55	740.02	5973.0	289.0	5911.0	5965.0	5972.0
5.0	1.0	500.0	10000000.0	150738.61923399998	71.88	394.49	591.0	412.0	533.0	556.0	586.0
5.0	1.0	500.0	10000000.0	118628.51908	56.56667	546.49667	2401.66667	411.0	2349.0	2381.66667	2398.33333
5.0	1.0	1000.0	500000.0	63187.160369000005	60.26	490.61	1008.0	485.0	758.0	931.0	1005.0
5.0	1.0	1000.0	500000.0	59460.102271	56.71	511.85	735.0	517.0	626.0	715.0	729.0
5.0	1.0	1000.0	500000.0	59213.642823	56.47	517.12	839.0	542.0	740.0	834.0	838.0
5.0	1.0	1000.0	500000.0	60620.30182	57.81333	506.52667	860.66667	514.66667	708.0	826.66667	857.33333
5.0	1.0	1000.0	1048576.0	7036.703445	6.71	2806.19	40081.0	532.0	18116.0	35928.0	40065.0
5.0	1.0	1000.0	1048576.0	4181.161359000001	3.99	7382.67	24203.0	3734.0	21859.0	24039.0	24184.0
5.0	1.0	1000.0	1048576.0	4174.45899	3.98	7779.16	21996.0	5695.0	20797.0	21716.0	21979.0
5.0	1.0	1000.0	1048576.0	5130.7746	4.89333	5989.34	28760.0	3320.33333	20257.33333	27227.66667	28742.66667
5.0	1.0	1000.0	2000000.0	3114.643809	2.97	9942.47	33327.0	7489.0	27582.0	32134.0	33277.0
5.0	1.0	1000.0	2000000.0	3312.859859	3.16	9338.15	28706.0	8782.0	23656.0	27523.0	28437.0
5.0	1.0	1000.0	2000000.0	4546.5291799999995	4.34	7124.71	24322.0	2311.0	23418.0	24120.0	24302.0
5.0	1.0	1000.0	2000000.0	3658.01095	3.49	8801.77667	28785.0	6194.0	24885.33333	27925.66667	28672.0
5.0	1.0	1000.0	5000000.0	3508.2549240000003	3.35	9272.6	34376.0	5640.0	23613.0	32382.0	34359.0
5.0	1.0	1000.0	5000000.0	3492.449325	3.33	9261.09	29164.0	5644.0	26276.0	27468.0	29074.0
5.0	1.0	1000.0	5000000.0	3198.976328	3.05	9698.58	35709.0	6580.0	26559.0	32729.0	35300.0
5.0	1.0	1000.0	5000000.0	3399.89353	3.24333	9410.75667	33083.0	5954.66667	25482.66667	30859.66667	32911.0
5.0	1.0	1000.0	10000000.0	8071.676487000001	7.7	4037.06	33974.0	420.0	23665.0	32030.0	33795.0
5.0	1.0	1000.0	10000000.0	87904.36005599999	83.83	349.43	1689.0	216.0	1658.0	1688.0	1689.0
5.0	1.0	1000.0	10000000.0	107968.04146	102.97	268.6	527.0	243.0	405.0	507.0	523.0
5.0	1.0	1000.0	10000000.0	67981.35933	64.83333	1551.69667	12063.33333	293.0	8576.0	11408.33333	12002.33333
5.0	2.0	100.0	500000.0	167240.860287	15.95	1075.99	11168.0	730.0	2360.0	2605.0	2642.0
5.0	2.0	100.0	500000.0	549934.007919	52.45	487.28	1921.0	33.0	532.0	632.0	707.0
5.0	2.0	100.0	500000.0	707313.62286	67.45	210.72	779.0	104.0	591.0	683.0	706.0
5.0	2.0	100.0	500000.0	474829.49702	45.28333	591.33	4622.66667	289.0	1161.0	1306.66667	1351.66667
5.0	2.0	100.0	1048576.0	373580.394501	35.63	674.48	8053.0	370.0	7902.0	8036.0	8052.0
5.0	2.0	100.0	1048576.0	599808.0614199999	57.2	308.03	942.0	107.0	701.0	790.0	829.0
5.0	2.0	100.0	1048576.0	440373.436674	42.0	603.98	1993.0	570.0	1890.0	1951.0	1967.0
5.0	2.0	100.0	1048576.0	471253.9642	44.94333	528.83	3662.66667	349.0	3497.66667	3592.33333	3616.0
5.0	2.0	100.0	2000000.0	502058.43960200006	47.88	540.2	699.0	536.0	590.0	606.0	627.0
5.0	2.0	100.0	2000000.0	518887.50518900005	49.48	411.41	1272.0	336.0	1066.0	1160.0	1189.0
5.0	2.0	100.0	2000000.0	509683.995923	48.61	515.74	1223.0	560.0	894.0	1175.0	1221.0
5.0	2.0	100.0	2000000.0	510209.98024	48.65667	489.11667	1064.66667	477.33333	850.0	980.33333	1012.33333
5.0	2.0	100.0	5000000.0	487234.457221	46.47	524.37	895.0	601.0	673.0	880.0	893.0
5.0	2.0	100.0	5000000.0	482160.077146	45.98	503.75	1175.0	595.0	825.0	1118.0	1150.0
5.0	2.0	100.0	5000000.0	485672.656629	46.32	534.21	715.0	592.0	649.0	669.0	687.0
5.0	2.0	100.0	5000000.0	485022.397	46.25667	520.77667	928.33333	596.0	715.66667	889.0	910.0
5.0	2.0	100.0	10000000.0	475465.95663800003	45.34	537.24	2015.0	542.0	1944.0	1999.0	2013.0
5.0	2.0	100.0	10000000.0	520237.228176	49.61	476.27	807.0	555.0	687.0	787.0	798.0
5.0	2.0	100.0	10000000.0	472902.676629	45.1	532.23	2014.0	511.0	1891.0	1954.0	1988.0
5.0	2.0	100.0	10000000.0	489535.28715	46.68333	515.24667	1612.0	536.0	1507.33333	1580.0	1599.66667
5.0	2.0	500.0	500000.0	118511.495615	56.51	506.21	1342.0	510.0	1065.0	1248.0	1310.0
5.0	2.0	500.0	500000.0	107968.04146	51.48	560.53	734.0	580.0	660.0	676.0	701.0
5.0	2.0	500.0	500000.0	103007.828595	49.12	590.61	714.0	618.0	684.0	696.0	714.0
5.0	2.0	500.0	500000.0	109829.12189	52.37	552.45	930.0	569.33333	803.0	873.33333	908.33333
5.0	2.0	500.0	1048576.0	96683.747462	46.1	631.04	1179.0	668.0	817.0	1107.0	1164.0
5.0	2.0	500.0	1048576.0	102806.620746	49.02	594.56	1016.0	635.0	987.0	1007.0	1011.0
5.0	2.0	500.0	1048576.0	106860.440265	50.96	569.11	1172.0	601.0	797.0	1098.0	1171.0
5.0	2.0	500.0	1048576.0	102116.93616	48.69333	598.23667	1122.33333	634.66667	867.0	1070.66667	1115.33333
5.0	2.0	500.0	2000000.0	97106.23422	46.3	566.25	1630.0	595.0	670.0	723.0	747.0
5.0	2.0	500.0	2000000.0	111794.29849100001	53.31	545.96	800.0	583.0	664.0	771.0	799.0
5.0	2.0	500.0	2000000.0	110766.50420899999	52.82	544.06	912.0	575.0	666.0	881.0	901.0
5.0	2.0	500.0	2000000.0	106555.67897	50.81	552.09	1114.0	584.33333	666.66667	791.66667	815.66667
5.0	2.0	500.0	5000000.0	98697.197	47.06	605.53	3891.0	994.0	3424.0	3874.0	3889.0
5.0	2.0	500.0	5000000.0	106067.03436599999	50.58	577.95	1959.0	514.0	1899.0	1932.0	1957.0
5.0	2.0	500.0	5000000.0	118357.20203599999	56.44	513.29	1179.0	536.0	912.0	1097.0	1120.0
5.0	2.0	500.0	5000000.0	107707.14447	51.36	565.59	2343.0	681.33333	2078.33333	2301.0	2322.0
5.0	2.0	500.0	10000000.0	109553.02366300001	52.24	555.05	943.0	587.0	694.0	909.0	923.0
5.0	2.0	500.0	10000000.0	80411.707945	38.34	771.28	6387.0	11.0	3896.0	4035.0	4088.0
5.0	2.0	500.0	10000000.0	141203.049986	67.33	414.4	743.0	435.0	674.0	716.0	741.0
5.0	2.0	500.0	10000000.0	110389.26053	52.63667	580.24333	2691.0	344.33333	1754.66667	1886.66667	1917.33333
5.0	2.0	1000.0	500000.0	47063.253012	44.88	652.82	1282.0	674.0	860.0	1185.0	1273.0
5.0	2.0	1000.0	500000.0	50185.687042000005	47.86	612.17	1425.0	631.0	749.0	1336.0	1424.0
5.0	2.0	1000.0	500000.0	5902.142478	5.63	5333.43	67389.0	564.0	48053.0	66758.0	67363.0
5.0	2.0	1000.0	500000.0	34383.69418	32.79	2199.47333	23365.33333	623.0	16554.0	23093.0	23353.33333
5.0	2.0	1000.0	1048576.0	2998.734534	2.86	10791.48	41925.0	3992.0	39698.0	41275.0	41851.0
5.0	2.0	1000.0	1048576.0	2577.877685	2.46	10525.27	42090.0	6525.0	34552.0	40896.0	41934.0
5.0	2.0	1000.0	1048576.0	2959.490494	2.82	10919.53	41544.0	7712.0	33682.0	40463.0	41269.0
5.0	2.0	1000.0	1048576.0	2845.36757	2.71333	10745.42667	41853.0	6076.33333	35977.33333	40878.0	41684.66667
5.0	2.0	1000.0	2000000.0	2526.924379	2.41	12044.78	44524.0	10214.0	33963.0	44042.0	44462.0
5.0	2.0	1000.0	2000000.0	2970.038254	2.83	10042.34	31435.0	8883.0	26153.0	31250.0	31423.0
5.0	2.0	1000.0	2000000.0	2399.278297	2.29	13000.32	50043.0	8593.0	42742.0	45219.0	49774.0
5.0	2.0	1000.0	2000000.0	2632.08031	2.51	11695.81333	42000.66667	9230.0	34286.0	40170.33333	41886.33333
5.0	2.0	1000.0	5000000.0	3260.536423	3.11	9955.26	47820.0	6661.0	29189.0	47269.0	47798.0
5.0	2.0	1000.0	5000000.0	70136.063964	66.89	429.9	1004.0	386.0	935.0	964.0	991.0
5.0	2.0	1000.0	5000000.0	58092.25049400001	55.4	512.95	1570.0	375.0	1513.0	1557.0	1568.0
5.0	2.0	1000.0	5000000.0	43829.61696	41.8	3632.70333	16798.0	2474.0	10545.66667	16596.66667	16785.66667
5.0	2.0	1000.0	10000000.0	42973.785991000004	40.98	707.3	1384.0	588.0	1035.0	1180.0	1375.0
5.0	2.0	1000.0	10000000.0	47555.640099000004	45.35	646.38	994.0	675.0	824.0	936.0	993.0
5.0	2.0	1000.0	10000000.0	48595.587521	46.34	631.36	747.0	661.0	720.0	732.0	740.0
5.0	2.0	1000.0	10000000.0	46375.00454	44.22333	661.68	1041.66667	641.33333	859.66667	949.33333	1036.0
5.0	5.0	100.0	500000.0	251319.426992	23.97	1096.97	2766.0	1010.0	2277.0	2359.0	2409.0
5.0	5.0	100.0	500000.0	465809.577045	44.42	520.86	1951.0	599.0	1293.0	1384.0	1403.0
5.0	5.0	100.0	500000.0	374953.130859	35.76	714.43	1346.0	780.0	922.0	977.0	1033.0
5.0	5.0	100.0	500000.0	364027.3783	34.71667	777.42	2021.0	796.33333	1497.33333	1573.33333	1615.0
5.0	5.0	100.0	1048576.0	444958.61884799995	42.43	599.53	874.0	694.0	769.0	800.0	835.0
5.0	5.0	100.0	1048576.0	485719.836798	46.32	531.93	1048.0	571.0	776.0	913.0	978.0
5.0	5.0	100.0	1048576.0	498504.48653999995	47.54	488.48	1082.0	582.0	869.0	1027.0	1079.0
5.0	5.0	100.0	1048576.0	476394.31406	45.43	539.98	1001.33333	615.66667	804.66667	913.33333	964.0
5.0	5.0	100.0	2000000.0	513030.98707200005	48.93	481.53	1061.0	534.0	953.0	1020.0	1052.0
5.0	5.0	100.0	2000000.0	479202.606862	45.7	520.75	879.0	580.0	689.0	738.0	827.0
5.0	5.0	100.0	2000000.0	482160.077146	45.98	534.97	1070.0	577.0	806.0	997.0	1034.0
5.0	5.0	100.0	2000000.0	491464.55703	46.87	512.41667	1003.33333	563.66667	816.0	918.33333	971.0
5.0	5.0	100.0	5000000.0	486854.91723500006	46.43	525.43	978.0	561.0	690.0	847.0	880.0
5.0	5.0	100.0	5000000.0	439715.06463800004	41.93	586.24	872.0	670.0	811.0	841.0	866.0
5.0	5.0	100.0	5000000.0	411184.210526	39.21	638.06	1627.0	643.0	1370.0	1576.0	1610.0
5.0	5.0	100.0	5000000.0	445918.06413	42.52333	583.24333	1159.0	624.66667	957.0	1088.0	1118.66667
5.0	5.0	100.0	10000000.0	414353.194663	39.52	574.37	1529.0	540.0	1007.0	1316.0	1458.0
5.0	5.0	100.0	10000000.0	440683.9414770001	42.03	571.05	1007.0	638.0	722.0	759.0	789.0
5.0	5.0	100.0	10000000.0	389863.547758	37.18	655.14	2637.0	347.0	434.0	1499.0	1527.0
5.0	5.0	100.0	10000000.0	414966.89463	39.57667	600.18667	1724.33333	508.33333	721.0	1191.33333	1258.0
5.0	5.0	500.0	500000.0	103734.439834	49.46	578.6	763.0	616.0	699.0	721.0	741.0
5.0	5.0	500.0	500000.0	101440.454453	48.37	596.61	1331.0	618.0	769.0	1148.0	1275.0
5.0	5.0	500.0	500000.0	100623.86798099999	47.98	601.4	1334.0	633.0	950.0	1062.0	1322.0
5.0	5.0	500.0	500000.0	101932.92076	48.60333	592.20333	1142.66667	622.33333	806.0	977.0	1112.66667
5.0	5.0	500.0	1048576.0	103241.792278	49.23	588.86	988.0	618.0	697.0	735.0	977.0
5.0	5.0	500.0	1048576.0	105351.875263	50.24	574.48	1123.0	601.0	773.0	1031.0	1116.0
5.0	5.0	500.0	1048576.0	92626.898851	44.17	613.31	1738.0	623.0	730.0	1656.0	1719.0
5.0	5.0	500.0	1048576.0	100406.85546	47.88	592.21667	1283.0	614.0	733.33333	1140.66667	1270.66667
5.0	5.0	500.0	2000000.0	86140.063744	41.07	646.67	2496.0	441.0	2232.0	2433.0	2473.0
5.0	5.0	500.0	2000000.0	106439.59552999999	50.75	565.3	782.0	599.0	680.0	702.0	725.0
5.0	5.0	500.0	2000000.0	96627.693497	46.08	628.28	1441.0	642.0	950.0	1276.0	1377.0
5.0	5.0	500.0	2000000.0	96402.45092	45.96667	613.41667	1573.0	560.66667	1287.33333	1470.33333	1525.0
5.0	5.0	500.0	5000000.0	78499.09726000001	37.43	733.6	3372.0	488.0	2114.0	3261.0	3327.0
5.0	5.0	500.0	5000000.0	110582.77120399999	52.73	542.43	746.0	571.0	685.0	716.0	733.0
5.0	5.0	500.0	5000000.0	96927.401376	46.22	625.26	1436.0	627.0	991.0	1348.0	1417.0
5.0	5.0	500.0	5000000.0	95336.42328	45.46	633.76333	1851.33333	562.0	1263.33333	1775.0	1825.66667
5.0	5.0	500.0	10000000.0	87199.162888	41.58	660.37	1627.0	625.0	1433.0	1557.0	1613.0
5.0	5.0	500.0	10000000.0	102669.404517	48.96	589.21	1106.0	617.0	730.0	1020.0	1091.0
5.0	5.0	500.0	10000000.0	101471.334348	48.39	597.43	921.0	637.0	726.0	851.0	908.0
5.0	5.0	500.0	10000000.0	97113.30058	46.31	615.67	1218.0	626.33333	963.0	1142.66667	1204.0
5.0	5.0	1000.0	500000.0	49662.296385	47.36	606.23	1286.0	628.0	866.0	1179.0	1254.0
5.0	5.0	1000.0	500000.0	5404.470578	5.15	2316.52	82792.0	467.0	1681.0	78698.0	82369.0
5.0	5.0	1000.0	500000.0	2209.622464	2.11	14427.11	60062.0	12743.0	41534.0	57222.0	59797.0
5.0	5.0	1000.0	500000.0	19092.12981	18.20667	5783.28667	48046.66667	4612.66667	14693.66667	45699.66667	47806.66667
5.0	5.0	1000.0	1048576.0	1611.733419	1.54	17811.36	57255.0	13755.0	43812.0	51512.0	56350.0
5.0	5.0	1000.0	1048576.0	2201.382468	2.1	13415.74	43908.0	11547.0	36732.0	42410.0	43448.0
5.0	5.0	1000.0	1048576.0	1758.7303370000002	1.68	16601.99	55114.0	14778.0	47194.0	52452.0	54760.0
5.0	5.0	1000.0	1048576.0	1857.28207	1.77333	15943.03	52092.33333	13360.0	42579.33333	48791.33333	51519.33333
5.0	5.0	1000.0	2000000.0	1716.396391	1.64	17069.34	53744.0	15420.0	46791.0	51006.0	53572.0
5.0	5.0	1000.0	2000000.0	2110.274505	2.01	14464.38	59537.0	10963.0	45532.0	51811.0	58788.0
5.0	5.0	1000.0	2000000.0	50377.833753	48.04	620.27	2128.0	535.0	1507.0	2043.0	2112.0
5.0	5.0	1000.0	2000000.0	18068.16822	17.23	10717.99667	38469.66667	8972.66667	31276.66667	34953.33333	38157.33333
5.0	5.0	1000.0	5000000.0	85426.277123	81.47	344.84	907.0	291.0	700.0	826.0	888.0
5.0	5.0	1000.0	5000000.0	4506.7781939999995	4.3	831.93	103631.0	489.0	838.0	1273.0	103622.0
5.0	5.0	1000.0	5000000.0	16133.71624	15.39	1992.41	24535.0	177.0	13543.0	24208.0	24498.0
5.0	5.0	1000.0	5000000.0	35355.59052	33.72	1056.39333	43024.33333	319.0	5027.0	8769.0	43002.66667
5.0	5.0	1000.0	10000000.0	49426.65085	47.14	615.04	1731.0	593.0	1327.0	1673.0	1705.0
5.0	5.0	1000.0	10000000.0	63532.401525	60.59	457.63	1609.0	367.0	1155.0	1375.0	1591.0
5.0	5.0	1000.0	10000000.0	34092.458748000005	32.51	870.41	2103.0	609.0	1826.0	1973.0	2062.0
5.0	5.0	1000.0	10000000.0	49017.17037	46.74667	647.69333	1814.33333	523.0	1436.0	1673.66667	1786.0
