1.0	1.0	100.0	10000000.0	1276813.074566	121.77	13.03	408.0	5.0	15.0	385.0	406.0
1.0	1.0	100.0	10000000.0	1137397.6342129998	108.47	8.51	375.0	2.0	10.0	351.0	373.0
1.0	1.0	100.0	10000000.0	953288.84652	90.91	21.46	822.0	1.0	26.0	733.0	753.0
1.0	1.0	100.0	10000000.0	1122499.85177	107.05	14.33333	535.0	2.66667	17.0	489.66667	510.66667
1.0	1.0	100.0	33554432.0	1194743.130227	113.94	2.41	135.0	1.0	2.0	81.0	109.0
1.0	1.0	100.0	33554432.0	1373626.373626	131.0	1.51	135.0	1.0	1.0	34.0	62.0
1.0	1.0	100.0	33554432.0	1278118.609407	121.89	4.53	147.0	1.0	7.0	121.0	146.0
1.0	1.0	100.0	33554432.0	1282162.70442	122.27667	2.81667	139.0	1.0	3.33333	78.66667	105.66667
1.0	1.0	100.0	100000000.0	1238850.346878	118.15	2.29	137.0	1.0	2.0	70.0	100.0
1.0	1.0	100.0	100000000.0	1281722.6352219998	122.23	18.37	368.0	1.0	170.0	328.0	367.0
1.0	1.0	100.0	100000000.0	1284686.536485	122.52	5.7	208.0	1.0	2.0	176.0	206.0
1.0	1.0	100.0	100000000.0	1268419.83953	120.96667	8.78667	237.66667	1.0	58.0	191.33333	224.33333
1.0	1.0	100.0	200000000.0	1322401.48109	126.11	0.75	134.0	1.0	1.0	4.0	11.0
1.0	1.0	100.0	200000000.0	1383508.577753	131.94	0.72	135.0	1.0	1.0	2.0	12.0
1.0	1.0	100.0	200000000.0	1256281.407035	119.81	0.67	142.0	1.0	1.0	3.0	11.0
1.0	1.0	100.0	200000000.0	1320730.48863	125.95333	0.71333	137.0	1.0	1.0	3.0	11.33333
1.0	1.0	500.0	10000000.0	620347.394541	295.8	14.59	140.0	14.0	27.0	31.0	32.0
1.0	1.0	500.0	10000000.0	576701.268743	274.99	13.04	138.0	8.0	31.0	46.0	48.0
1.0	1.0	500.0	10000000.0	611620.7951069999	291.64	9.1	137.0	4.0	28.0	37.0	38.0
1.0	1.0	500.0	10000000.0	602889.81946	287.47667	12.24333	138.33333	8.66667	28.66667	38.0	39.33333
1.0	1.0	500.0	33554432.0	298329.355609	142.25	149.27	1461.0	72.0	1442.0	1458.0	1461.0
1.0	1.0	500.0	33554432.0	553709.8560350001	264.03	55.47	175.0	45.0	165.0	172.0	174.0
1.0	1.0	500.0	33554432.0	630914.826498	300.84	16.61	139.0	8.0	49.0	59.0	62.0
1.0	1.0	500.0	33554432.0	494318.01271	235.70667	73.78333	591.66667	41.66667	552.0	563.0	565.66667
1.0	1.0	500.0	100000000.0	201572.263657	96.12	855.23	3412.0	278.0	3394.0	3409.0	3411.0
1.0	1.0	500.0	100000000.0	515463.917526	245.79	178.8	477.0	157.0	460.0	469.0	476.0
1.0	1.0	500.0	100000000.0	622277.535781	296.73	31.24	140.0	31.0	69.0	83.0	84.0
1.0	1.0	500.0	100000000.0	446437.90565	212.88	355.09	1343.0	155.33333	1307.66667	1320.33333	1323.66667
1.0	1.0	500.0	200000000.0	454338.93684700003	216.65	155.85	649.0	39.0	634.0	646.0	648.0
1.0	1.0	500.0	200000000.0	364431.48688000004	173.77	274.33	959.0	188.0	856.0	911.0	958.0
1.0	1.0	500.0	200000000.0	288517.022504	137.58	648.23	1559.0	553.0	1492.0	1534.0	1558.0
1.0	1.0	500.0	200000000.0	369095.81541	176.0	359.47	1055.66667	260.0	994.0	1030.33333	1054.66667
1.0	1.0	1000.0	10000000.0	83361.120373	79.5	111.93	2682.0	62.0	90.0	2665.0	2679.0
1.0	1.0	1000.0	10000000.0	134012.329134	127.8	66.39	144.0	71.0	97.0	104.0	107.0
1.0	1.0	1000.0	10000000.0	99980.00399900001	95.35	92.34	416.0	82.0	133.0	348.0	390.0
1.0	1.0	1000.0	10000000.0	105784.4845	100.88333	90.22	1080.66667	71.66667	106.66667	1039.0	1058.66667
1.0	1.0	1000.0	33554432.0	103820.59800700001	99.01	284.23	562.0	301.0	397.0	540.0	559.0
1.0	1.0	1000.0	33554432.0	71510.297483	68.2	433.99	2805.0	288.0	2733.0	2783.0	2790.0
1.0	1.0	1000.0	33554432.0	115821.17210999998	110.46	252.33	351.0	263.0	326.0	342.0	347.0
1.0	1.0	1000.0	33554432.0	97050.6892	92.55667	323.51667	1239.33333	284.0	1152.0	1221.66667	1232.0
1.0	1.0	1000.0	100000000.0	65565.171781	62.53	1357.01	4217.0	891.0	4108.0	4180.0	4183.0
1.0	1.0	1000.0	100000000.0	100120.14417300001	95.48	843.48	1924.0	650.0	1852.0	1913.0	1922.0
1.0	1.0	1000.0	100000000.0	72663.856998	69.3	1124.95	3731.0	765.0	3670.0	3717.0	3722.0
1.0	1.0	1000.0	100000000.0	79449.72432	75.77	1108.48	3290.66667	768.66667	3210.0	3270.0	3275.66667
1.0	1.0	1000.0	200000000.0	130992.92638199999	124.92	945.55	1658.0	1072.0	1604.0	1650.0	1655.0
1.0	1.0	1000.0	200000000.0	86445.366528	82.44	1616.09	2366.0	1572.0	2162.0	2297.0	2355.0
1.0	1.0	1000.0	200000000.0	120772.94686	115.18	1034.01	1773.0	1179.0	1693.0	1741.0	1768.0
1.0	1.0	1000.0	200000000.0	112737.07992	107.51333	1198.55	1932.33333	1274.33333	1819.66667	1896.0	1926.0
1.0	2.0	100.0	10000000.0	205018.86173499998	19.55	3.31	20853.0	1.0	8.0	25.0	154.0
1.0	2.0	100.0	10000000.0	1198178.768272	114.27	4.17	353.0	1.0	2.0	37.0	349.0
1.0	2.0	100.0	10000000.0	1471886.959082	140.37	1.39	134.0	1.0	6.0	10.0	15.0
1.0	2.0	100.0	10000000.0	958361.5297	91.39667	2.95667	7113.33333	1.0	5.33333	24.0	172.66667
1.0	2.0	100.0	33554432.0	1253446.9791930001	119.54	20.65	372.0	1.0	324.0	364.0	370.0
1.0	2.0	100.0	33554432.0	946073.793756	90.22	85.62	1720.0	1.0	1570.0	1661.0	1717.0
1.0	2.0	100.0	33554432.0	1426533.523538	136.04	0.86	135.0	1.0	1.0	4.0	26.0
1.0	2.0	100.0	33554432.0	1208684.7655	115.26667	35.71	742.33333	1.0	631.66667	676.33333	704.33333
1.0	2.0	100.0	100000000.0	1353912.808015	129.12	1.14	135.0	1.0	2.0	16.0	27.0
1.0	2.0	100.0	100000000.0	1235177.865613	117.8	41.34	731.0	1.0	339.0	647.0	727.0
1.0	2.0	100.0	100000000.0	1340842.048807	127.87	1.1	135.0	1.0	2.0	8.0	15.0
1.0	2.0	100.0	100000000.0	1309977.57415	124.93	14.52667	333.66667	1.0	114.33333	223.66667	256.33333
1.0	2.0	100.0	200000000.0	1173433.466322	111.91	143.73	1160.0	1.0	823.0	1035.0	1148.0
1.0	2.0	100.0	200000000.0	1448016.217782	138.09	0.88	135.0	1.0	2.0	5.0	10.0
1.0	2.0	100.0	200000000.0	1249375.312344	119.15	1.04	132.0	1.0	3.0	10.0	20.0
1.0	2.0	100.0	200000000.0	1290274.99882	123.05	48.55	475.66667	1.0	276.0	350.0	392.66667
1.0	2.0	500.0	10000000.0	370919.881306	176.87	36.26	1097.0	15.0	37.0	1052.0	1093.0
1.0	2.0	500.0	10000000.0	550660.792952	262.58	18.02	140.0	22.0	33.0	43.0	44.0
1.0	2.0	500.0	10000000.0	231107.002542	110.2	67.47	194.0	67.0	152.0	177.0	190.0
1.0	2.0	500.0	10000000.0	384229.2256	183.21667	40.58333	477.0	34.66667	74.0	424.0	442.33333
1.0	2.0	500.0	33554432.0	136855.07048	65.26	430.45	792.0	427.0	594.0	678.0	700.0
1.0	2.0	500.0	33554432.0	130582.39749300001	62.27	450.68	1881.0	388.0	1721.0	1796.0	1804.0
1.0	2.0	500.0	33554432.0	177999.288003	84.88	319.97	465.0	335.0	402.0	418.0	459.0
1.0	2.0	500.0	33554432.0	148478.91866	70.80333	400.36667	1046.0	383.33333	905.66667	964.0	987.66667
1.0	2.0	500.0	100000000.0	134102.185866	63.94	1227.14	3029.0	1082.0	2935.0	2979.0	3026.0
1.0	2.0	500.0	100000000.0	193760.899051	92.39	807.5	1215.0	934.0	1108.0	1164.0	1213.0
1.0	2.0	500.0	100000000.0	133031.79459900002	63.43	1251.48	4053.0	722.0	3956.0	4028.0	4052.0
1.0	2.0	500.0	100000000.0	153631.62651	73.25333	1095.37333	2765.66667	912.66667	2666.33333	2723.66667	2763.66667
1.0	2.0	500.0	200000000.0	171438.367907	81.75	1080.17	3207.0	1096.0	1852.0	3175.0	3204.0
1.0	2.0	500.0	200000000.0	227014.755959	108.25	1000.35	1998.0	1003.0	1791.0	1956.0	1993.0
1.0	2.0	500.0	200000000.0	190730.497807	90.95	1312.55	2167.0	1537.0	2121.0	2146.0	2162.0
1.0	2.0	500.0	200000000.0	196394.54056	93.65	1131.02333	2457.33333	1212.0	1921.33333	2425.66667	2453.0
1.0	2.0	1000.0	10000000.0	58548.00936799999	55.84	161.39	4818.0	68.0	135.0	4740.0	4813.0
1.0	2.0	1000.0	10000000.0	128700.1287	122.74	68.26	149.0	67.0	99.0	121.0	123.0
1.0	2.0	1000.0	10000000.0	110497.237569	105.38	81.14	144.0	79.0	120.0	130.0	137.0
1.0	2.0	1000.0	10000000.0	99248.45855	94.65333	103.59667	1703.66667	71.33333	118.0	1663.66667	1691.0
1.0	2.0	1000.0	33554432.0	86206.89655199999	82.21	346.0	1041.0	316.0	658.0	1012.0	1034.0
1.0	2.0	1000.0	33554432.0	37633.599277	35.89	841.01	7018.0	302.0	6909.0	6968.0	7012.0
1.0	2.0	1000.0	33554432.0	206868.018204	197.28	126.23	221.0	144.0	199.0	210.0	219.0
1.0	2.0	1000.0	33554432.0	110236.17134	105.12667	437.74667	2760.0	254.0	2588.66667	2730.0	2755.0
1.0	2.0	1000.0	100000000.0	139508.928571	133.05	550.95	825.0	634.0	788.0	808.0	820.0
1.0	2.0	1000.0	100000000.0	114784.20569300001	109.47	679.09	1117.0	777.0	961.0	1055.0	1073.0
1.0	2.0	1000.0	100000000.0	71459.196799	68.15	1153.28	3325.0	897.0	3267.0	3306.0	3320.0
1.0	2.0	1000.0	100000000.0	108584.11035	103.55667	794.44	1755.66667	769.33333	1672.0	1723.0	1737.66667
1.0	2.0	1000.0	200000000.0	109385.254868	104.32	1191.91	1942.0	1432.0	1889.0	1916.0	1939.0
1.0	2.0	1000.0	200000000.0	89847.259659	85.69	1394.67	2564.0	1601.0	2203.0	2246.0	2561.0
1.0	2.0	1000.0	200000000.0	90942.16078600001	86.73	1499.52	2347.0	1926.0	2285.0	2325.0	2342.0
1.0	2.0	1000.0	200000000.0	96724.89177	92.24667	1362.03333	2284.33333	1653.0	2125.66667	2162.33333	2280.66667
1.0	5.0	100.0	10000000.0	54845.008007000004	5.23	0.62	57171.0	1.0	1.0	4.0	9.0
1.0	5.0	100.0	10000000.0	148077.948232	14.12	0.66	1155.0	1.0	1.0	3.0	9.0
1.0	5.0	100.0	10000000.0	174118.958072	16.61	0.84	286.0	1.0	2.0	8.0	11.0
1.0	5.0	100.0	10000000.0	125680.6381	11.98667	0.70667	19537.33333	1.0	1.33333	5.0	9.66667
1.0	5.0	100.0	33554432.0	1507840.772014	143.8	2.46	149.0	1.0	18.0	24.0	27.0
1.0	5.0	100.0	33554432.0	1375894.331315	131.22	1.77	142.0	1.0	3.0	19.0	27.0
1.0	5.0	100.0	33554432.0	847744.998305	80.85	139.54	2186.0	1.0	1921.0	2165.0	2182.0
1.0	5.0	100.0	33554432.0	1243826.70054	118.62333	47.92333	825.66667	1.0	647.33333	736.0	745.33333
1.0	5.0	100.0	100000000.0	1306506.401881	124.6	26.05	392.0	1.0	265.0	335.0	389.0
1.0	5.0	100.0	100000000.0	1132246.376812	107.98	184.39	1169.0	2.0	974.0	1127.0	1153.0
1.0	5.0	100.0	100000000.0	1131477.709889	107.91	111.72	1077.0	1.0	753.0	1030.0	1073.0
1.0	5.0	100.0	100000000.0	1190076.82953	113.49667	107.38667	879.33333	1.33333	664.0	830.66667	871.66667
1.0	5.0	100.0	200000000.0	1364628.8209610002	130.14	13.73	197.0	1.0	140.0	179.0	193.0
1.0	5.0	100.0	200000000.0	1171234.481143	111.7	125.48	1060.0	1.0	817.0	1010.0	1057.0
1.0	5.0	100.0	200000000.0	1193317.422434	113.8	86.44	726.0	1.0	603.0	702.0	724.0
1.0	5.0	100.0	200000000.0	1243060.24151	118.54667	75.21667	661.0	1.0	520.0	630.33333	658.0
1.0	5.0	500.0	10000000.0	606060.6060609999	288.99	16.59	143.0	20.0	26.0	36.0	42.0
1.0	5.0	500.0	10000000.0	609756.0975609999	290.75	19.09	151.0	20.0	28.0	47.0	57.0
1.0	5.0	500.0	10000000.0	605693.519079	288.82	19.91	153.0	22.0	28.0	30.0	33.0
1.0	5.0	500.0	10000000.0	607170.07423	289.52	18.53	149.0	20.66667	27.33333	37.66667	44.0
1.0	5.0	500.0	33554432.0	529380.6246689999	252.43	95.67	354.0	92.0	117.0	208.0	227.0
1.0	5.0	500.0	33554432.0	560538.116592	267.29	55.44	194.0	63.0	186.0	190.0	192.0
1.0	5.0	500.0	33554432.0	544959.1280649999	259.86	69.71	204.0	76.0	151.0	197.0	200.0
1.0	5.0	500.0	33554432.0	544959.28978	259.86	73.60667	250.66667	77.0	151.33333	198.33333	206.33333
1.0	5.0	500.0	100000000.0	408329.930584	194.71	226.48	617.0	197.0	606.0	610.0	616.0
1.0	5.0	500.0	100000000.0	283607.48723800003	135.23	457.02	966.0	465.0	913.0	949.0	963.0
1.0	5.0	500.0	100000000.0	242718.446602	115.74	581.73	1501.0	519.0	1366.0	1496.0	1498.0
1.0	5.0	500.0	100000000.0	311551.95481	148.56	421.74333	1028.0	393.66667	961.66667	1018.33333	1025.66667
1.0	5.0	500.0	200000000.0	203210.729527	96.9	1170.73	2116.0	1298.0	1974.0	2016.0	2024.0
1.0	5.0	500.0	200000000.0	140984.0688	67.23	1865.91	3912.0	1622.0	3864.0	3891.0	3905.0
1.0	5.0	500.0	200000000.0	153280.196199	73.09	1929.06	2717.0	1902.0	2654.0	2713.0	2716.0
1.0	5.0	500.0	200000000.0	165824.99818	79.07333	1655.23333	2915.0	1607.33333	2830.66667	2873.33333	2881.66667
1.0	5.0	1000.0	10000000.0	104843.782764	99.99	86.49	214.0	76.0	160.0	173.0	190.0
1.0	5.0	1000.0	10000000.0	91008.37277	86.79	100.86	236.0	87.0	192.0	207.0	221.0
1.0	5.0	1000.0	10000000.0	79821.200511	76.12	115.24	540.0	58.0	240.0	522.0	529.0
1.0	5.0	1000.0	10000000.0	91891.11868	87.63333	100.86333	330.0	73.66667	197.33333	300.66667	313.33333
1.0	5.0	1000.0	33554432.0	81606.006202	77.83	368.43	737.0	376.0	520.0	704.0	719.0
1.0	5.0	1000.0	33554432.0	83028.894055	79.18	357.73	876.0	377.0	752.0	853.0	856.0
1.0	5.0	1000.0	33554432.0	86460.314716	82.45	339.1	467.0	345.0	422.0	455.0	460.0
1.0	5.0	1000.0	33554432.0	83698.40499	79.82	355.08667	693.33333	366.0	564.66667	670.66667	678.33333
1.0	5.0	1000.0	100000000.0	56072.670180999994	53.48	1178.27	4028.0	1122.0	3502.0	3857.0	4019.0
1.0	5.0	1000.0	100000000.0	109962.61271199999	104.87	735.96	1060.0	837.0	962.0	995.0	1024.0
1.0	5.0	1000.0	100000000.0	71581.96134600001	68.27	1226.62	3244.0	902.0	3076.0	3209.0	3229.0
1.0	5.0	1000.0	100000000.0	79205.74808	75.54	1046.95	2777.33333	953.66667	2513.33333	2687.0	2757.33333
1.0	5.0	1000.0	200000000.0	110619.469027	105.49	1213.35	1975.0	1477.0	1838.0	1871.0	1878.0
1.0	5.0	1000.0	200000000.0	100928.542592	96.25	1329.93	2101.0	1583.0	1942.0	2003.0	2011.0
1.0	5.0	1000.0	200000000.0	91810.50312200001	87.56	1523.5	2227.0	1689.0	2108.0	2198.0	2225.0
1.0	5.0	1000.0	200000000.0	101119.50491	96.43333	1355.59333	2101.0	1583.0	1962.66667	2024.0	2038.0
2.0	1.0	100.0	10000000.0	862812.7696290001	82.28	57.77	344.0	44.0	142.0	240.0	259.0
2.0	1.0	100.0	10000000.0	1118568.232662	106.67	12.13	158.0	10.0	23.0	29.0	33.0
2.0	1.0	100.0	10000000.0	855431.9931569999	81.58	39.09	1405.0	9.0	63.0	1396.0	1403.0
2.0	1.0	100.0	10000000.0	945604.33182	90.17667	36.33	635.66667	21.0	76.0	555.0	565.0
2.0	1.0	100.0	33554432.0	1240694.789082	118.32	16.15	154.0	9.0	85.0	145.0	152.0
2.0	1.0	100.0	33554432.0	1109877.91343	105.85	64.03	578.0	8.0	463.0	563.0	576.0
2.0	1.0	100.0	33554432.0	506996.5524229999	48.35	363.83	4569.0	11.0	4435.0	4539.0	4566.0
2.0	1.0	100.0	33554432.0	952523.08498	90.84	148.00333	1767.0	9.33333	1661.0	1749.0	1764.66667
2.0	1.0	100.0	100000000.0	683433.5702569999	65.18	489.0	1876.0	73.0	1828.0	1861.0	1868.0
2.0	1.0	100.0	100000000.0	368785.956631	35.17	1953.08	5103.0	2142.0	4624.0	5006.0	5083.0
2.0	1.0	100.0	100000000.0	457875.457875	43.67	1347.71	2258.0	1683.0	2240.0	2248.0	2252.0
2.0	1.0	100.0	100000000.0	503364.99492	48.00667	1263.26333	3079.0	1299.33333	2897.33333	3038.33333	3067.66667
2.0	1.0	100.0	200000000.0	336768.370715	32.12	3164.31	5483.0	3212.0	5324.0	5447.0	5480.0
2.0	1.0	100.0	200000000.0	321440.05143	30.65	4000.5	10460.0	1363.0	10289.0	10425.0	10457.0
2.0	1.0	100.0	200000000.0	367674.093683	35.06	2566.68	8141.0	533.0	8069.0	8125.0	8137.0
2.0	1.0	100.0	200000000.0	341960.83861	32.61	3243.83	8028.0	1702.66667	7894.0	7999.0	8024.66667
2.0	1.0	500.0	10000000.0	128468.653649	61.26	141.86	638.0	138.0	231.0	607.0	632.0
2.0	1.0	500.0	10000000.0	52113.189848	24.85	368.19	8133.0	233.0	293.0	8053.0	8127.0
2.0	1.0	500.0	10000000.0	124641.65524100001	59.43	147.25	258.0	161.0	232.0	239.0	248.0
2.0	1.0	500.0	10000000.0	101741.16625	48.51333	219.1	3009.66667	177.33333	252.0	2966.33333	3002.33333
2.0	1.0	500.0	33554432.0	68133.814812	32.49	917.67	3860.0	766.0	3605.0	3798.0	3835.0
2.0	1.0	500.0	33554432.0	88589.652729	42.24	683.19	917.0	759.0	848.0	857.0	895.0
2.0	1.0	500.0	33554432.0	77255.871446	36.84	791.75	1123.0	852.0	978.0	1019.0	1098.0
2.0	1.0	500.0	33554432.0	77993.113	37.19	797.53667	1966.66667	792.33333	1810.33333	1891.33333	1942.66667
2.0	1.0	500.0	100000000.0	70831.562544	33.78	2456.2	4574.0	2198.0	4268.0	4505.0	4550.0
2.0	1.0	500.0	100000000.0	82939.37132	39.55	1987.72	2779.0	2198.0	2717.0	2750.0	2767.0
2.0	1.0	500.0	100000000.0	73915.293074	35.25	2323.86	4891.0	2184.0	4791.0	4865.0	4879.0
2.0	1.0	500.0	100000000.0	75895.40898	36.19333	2255.92667	4081.33333	2193.33333	3925.33333	4040.0	4065.33333
2.0	1.0	500.0	200000000.0	78795.997163	37.57	3603.48	5601.0	4400.0	5545.0	5570.0	5583.0
2.0	1.0	500.0	200000000.0	75540.111799	36.02	4100.47	6548.0	4211.0	6501.0	6519.0	6527.0
2.0	1.0	500.0	200000000.0	76388.358414	36.42	3779.06	5610.0	4669.0	5564.0	5584.0	5591.0
2.0	1.0	500.0	200000000.0	76908.15579	36.67	3827.67	5919.66667	4426.66667	5870.0	5891.0	5900.33333
2.0	1.0	1000.0	10000000.0	35151.856018	33.52	274.17	5411.0	168.0	225.0	5343.0	5406.0
2.0	1.0	1000.0	10000000.0	45854.732208	43.73	207.76	513.0	208.0	280.0	394.0	505.0
2.0	1.0	1000.0	10000000.0	32172.961843	30.68	300.15	6678.0	197.0	284.0	6561.0	6650.0
2.0	1.0	1000.0	10000000.0	37726.51669	35.97667	260.69333	4200.66667	191.0	263.0	4099.33333	4187.0
2.0	1.0	1000.0	33554432.0	44642.857143	42.57	697.64	1938.0	696.0	1784.0	1853.0	1920.0
2.0	1.0	1000.0	33554432.0	36635.404455	34.94	833.65	2824.0	700.0	2688.0	2788.0	2815.0
2.0	1.0	1000.0	33554432.0	41985.053321	40.04	744.02	1578.0	696.0	1089.0	1511.0	1563.0
2.0	1.0	1000.0	33554432.0	41087.77164	39.18333	758.43667	2113.33333	697.33333	1853.66667	2050.66667	2099.33333
2.0	1.0	1000.0	100000000.0	29366.850699000002	28.01	3175.62	8773.0	2696.0	8314.0	8656.0	8751.0
2.0	1.0	1000.0	100000000.0	49125.564944	46.85	1672.27	3412.0	1805.0	3379.0	3393.0	3396.0
2.0	1.0	1000.0	100000000.0	39485.114112	37.66	2209.46	4192.0	2280.0	4011.0	4139.0	4172.0
2.0	1.0	1000.0	100000000.0	39325.84325	37.50667	2352.45	5459.0	2260.33333	5234.66667	5396.0	5439.66667
2.0	1.0	1000.0	200000000.0	40067.313086	38.21	3674.67	5401.0	4623.0	5325.0	5372.0	5392.0
2.0	1.0	1000.0	200000000.0	24327.348806	23.2	4553.35	13150.0	5439.0	7172.0	13136.0	13146.0
2.0	1.0	1000.0	200000000.0	57670.126874	55.0	2365.95	4313.0	2766.0	4185.0	4269.0	4304.0
2.0	1.0	1000.0	200000000.0	40688.26292	38.80333	3531.32333	7621.33333	4276.0	5560.66667	7592.33333	7614.0
2.0	2.0	100.0	10000000.0	75346.59433400001	7.19	234.18	54607.0	11.0	70.0	7694.0	22625.0
2.0	2.0	100.0	10000000.0	1002004.008016	95.56	15.0	401.0	9.0	35.0	390.0	397.0
2.0	2.0	100.0	10000000.0	685400.959561	65.36	34.47	1611.0	6.0	37.0	514.0	1607.0
2.0	2.0	100.0	10000000.0	587583.85397	56.03667	94.55	18873.0	8.66667	47.33333	2866.0	8209.66667
2.0	2.0	100.0	33554432.0	1052631.578947	100.39	21.62	267.0	5.0	144.0	234.0	258.0
2.0	2.0	100.0	33554432.0	915248.032217	87.28	97.64	1826.0	3.0	1613.0	1709.0	1738.0
2.0	2.0	100.0	33554432.0	1191327.138432	113.61	4.98	139.0	4.0	9.0	27.0	45.0
2.0	2.0	100.0	33554432.0	1053068.91653	100.42667	41.41333	744.0	4.0	588.66667	656.66667	680.33333
2.0	2.0	100.0	100000000.0	988728.4951549999	94.29	107.45	921.0	4.0	829.0	902.0	919.0
2.0	2.0	100.0	100000000.0	365203.418304	34.83	1707.25	3894.0	1613.0	3340.0	3663.0	3823.0
2.0	2.0	100.0	100000000.0	318086.39226399997	30.34	2271.0	3118.0	2812.0	2988.0	3011.0	3029.0
2.0	2.0	100.0	100000000.0	557339.43524	53.15333	1361.9	2644.33333	1476.33333	2385.66667	2525.33333	2590.33333
2.0	2.0	100.0	200000000.0	298757.17017199995	28.49	3966.33	9033.0	3062.0	8432.0	8996.0	9029.0
2.0	2.0	100.0	200000000.0	386219.681755	36.83	2344.63	5021.0	2205.0	4869.0	4975.0	5017.0
2.0	2.0	100.0	200000000.0	273134.49142399995	26.05	3678.68	10324.0	2837.0	10222.0	10295.0	10321.0
2.0	2.0	100.0	200000000.0	319370.44778	30.45667	3329.88	8126.0	2701.33333	7841.0	8088.66667	8122.33333
2.0	2.0	500.0	10000000.0	112246.04332699999	53.52	156.89	1103.0	138.0	221.0	952.0	1064.0
2.0	2.0	500.0	10000000.0	74183.976261	35.37	243.6	360.0	243.0	302.0	313.0	334.0
2.0	2.0	500.0	10000000.0	70293.828202	33.52	260.36	984.0	266.0	299.0	887.0	975.0
2.0	2.0	500.0	10000000.0	85574.61593	40.80333	220.28333	815.66667	215.66667	274.0	717.33333	791.0
2.0	2.0	500.0	33554432.0	53544.656243	25.53	1161.3	5964.0	943.0	5208.0	5499.0	5568.0
2.0	2.0	500.0	33554432.0	101667.344449	48.48	572.58	1110.0	550.0	779.0	823.0	829.0
2.0	2.0	500.0	33554432.0	81175.420083	38.71	745.24	1578.0	788.0	1029.0	1456.0	1557.0
2.0	2.0	500.0	33554432.0	78795.80692	37.57333	826.37333	2884.0	760.33333	2338.66667	2592.66667	2651.33333
2.0	2.0	500.0	100000000.0	70086.907766	33.42	2390.6	2928.0	2700.0	2886.0	2899.0	2921.0
2.0	2.0	500.0	100000000.0	66862.79753899999	31.88	2530.13	3715.0	2909.0	3195.0	3594.0	3709.0
2.0	2.0	500.0	100000000.0	66952.329941	31.93	2656.69	9684.0	1346.0	9581.0	9650.0	9678.0
2.0	2.0	500.0	100000000.0	67967.34508	32.41	2525.80667	5442.33333	2318.33333	5220.66667	5381.0	5436.0
2.0	2.0	500.0	200000000.0	84760.128835	40.42	3284.49	5730.0	3414.0	5539.0	5626.0	5645.0
2.0	2.0	500.0	200000000.0	68856.296908	32.83	4148.76	6321.0	5419.0	6225.0	6277.0	6302.0
2.0	2.0	500.0	200000000.0	69574.897377	33.18	4278.74	6243.0	5055.0	6187.0	6202.0	6213.0
2.0	2.0	500.0	200000000.0	74397.10771	35.47667	3903.99667	6098.0	4629.33333	5983.66667	6035.0	6053.33333
2.0	2.0	1000.0	10000000.0	32513.981012	31.01	288.61	6000.0	197.0	246.0	5908.0	5965.0
2.0	2.0	1000.0	10000000.0	40459.621298000005	38.59	230.77	735.0	228.0	286.0	608.0	720.0
2.0	2.0	1000.0	10000000.0	38246.768148	36.47	242.67	765.0	248.0	299.0	443.0	744.0
2.0	2.0	1000.0	10000000.0	37073.45682	35.35667	254.01667	2500.0	224.33333	277.0	2319.66667	2476.33333
2.0	2.0	1000.0	33554432.0	35663.338088	34.01	871.25	2055.0	788.0	1980.0	2018.0	2033.0
2.0	2.0	1000.0	33554432.0	36485.697607	34.8	833.79	1891.0	776.0	1292.0	1715.0	1864.0
2.0	2.0	1000.0	33554432.0	35097.571248	33.47	887.66	2081.0	870.0	2013.0	2038.0	2059.0
2.0	2.0	1000.0	33554432.0	35748.86898	34.09333	864.23333	2009.0	811.33333	1761.66667	1923.66667	1985.33333
2.0	2.0	1000.0	100000000.0	37956.426023	36.2	2245.24	3049.0	2611.0	2814.0	2916.0	3015.0
2.0	2.0	1000.0	100000000.0	33660.966743	32.1	2318.14	4398.0	2488.0	2832.0	4348.0	4375.0
2.0	2.0	1000.0	100000000.0	29164.722351999997	27.81	2888.47	8895.0	2332.0	8406.0	8742.0	8797.0
2.0	2.0	1000.0	100000000.0	33594.03837	32.03667	2483.95	5447.33333	2477.0	4684.0	5335.33333	5395.66667
2.0	2.0	1000.0	200000000.0	57924.003707	55.24	2320.0	4199.0	2663.0	4045.0	4126.0	4178.0
2.0	2.0	1000.0	200000000.0	35803.795202	34.15	4035.4	6605.0	5593.0	6394.0	6559.0	6588.0
2.0	2.0	1000.0	200000000.0	33822.634107	32.26	4320.83	6772.0	4849.0	6633.0	6726.0	6759.0
2.0	2.0	1000.0	200000000.0	42516.81101	40.55	3558.74333	5858.66667	4368.33333	5690.66667	5803.66667	5841.66667
2.0	5.0	100.0	10000000.0	126109.76594000001	12.03	29.13	35927.0	8.0	100.0	934.0	961.0
2.0	5.0	100.0	10000000.0	1348435.814455	128.6	8.5	138.0	8.0	13.0	17.0	21.0
2.0	5.0	100.0	10000000.0	1332622.601279	127.09	9.52	136.0	8.0	23.0	54.0	61.0
2.0	5.0	100.0	10000000.0	935722.72722	89.24	15.71667	12067.0	8.0	45.33333	335.0	347.66667
2.0	5.0	100.0	33554432.0	1350986.219941	128.84	10.58	140.0	7.0	43.0	52.0	54.0
2.0	5.0	100.0	33554432.0	1279099.513942	121.98	10.5	136.0	7.0	37.0	47.0	53.0
2.0	5.0	100.0	33554432.0	370837.350738	35.37	660.69	5826.0	304.0	5468.0	5748.0	5813.0
2.0	5.0	100.0	33554432.0	1000307.69487	95.39667	227.25667	2034.0	106.0	1849.33333	1949.0	1973.33333
2.0	5.0	100.0	100000000.0	508336.72224499995	48.48	983.24	2791.0	836.0	2599.0	2763.0	2781.0
2.0	5.0	100.0	100000000.0	285551.11364899995	27.23	2723.23	8304.0	2327.0	7830.0	7920.0	8302.0
2.0	5.0	100.0	100000000.0	470942.827541	44.91	1240.08	2404.0	1239.0	2381.0	2388.0	2393.0
2.0	5.0	100.0	100000000.0	421610.22114	40.20667	1648.85	4499.66667	1467.33333	4270.0	4357.0	4492.0
2.0	5.0	100.0	200000000.0	307749.122915	29.35	3641.4	7015.0	4180.0	6613.0	6956.0	7011.0
2.0	5.0	100.0	200000000.0	366407.738531	34.94	2440.48	4818.0	2935.0	4524.0	4732.0	4811.0
2.0	5.0	100.0	200000000.0	260078.02340700003	24.8	4653.66	11213.0	3439.0	10795.0	11187.0	11209.0
2.0	5.0	100.0	200000000.0	311411.62828	29.69667	3578.51333	7682.0	3518.0	7310.66667	7625.0	7677.0
2.0	5.0	500.0	10000000.0	97637.180238	46.56	189.39	371.0	219.0	239.0	346.0	366.0
2.0	5.0	500.0	10000000.0	59417.706477	28.33	319.76	4528.0	229.0	312.0	4442.0	4506.0
2.0	5.0	500.0	10000000.0	83626.02441900001	39.88	223.72	588.0	236.0	302.0	523.0	561.0
2.0	5.0	500.0	10000000.0	80226.97038	38.25667	244.29	1829.0	228.0	284.33333	1770.33333	1811.0
2.0	5.0	500.0	33554432.0	52750.962705	25.15	1202.97	6684.0	788.0	6289.0	6609.0	6677.0
2.0	5.0	500.0	33554432.0	95319.797922	45.45	632.82	1033.0	707.0	959.0	1012.0	1028.0
2.0	5.0	500.0	33554432.0	77387.401331	36.9	796.27	902.0	856.0	875.0	882.0	895.0
2.0	5.0	500.0	33554432.0	75152.72065	35.83333	877.35333	2873.0	783.66667	2707.66667	2834.33333	2866.66667
2.0	5.0	500.0	100000000.0	68306.010929	32.57	2448.0	3240.0	3073.0	3102.0	3170.0	3211.0
2.0	5.0	500.0	100000000.0	67190.754552	32.04	2516.33	3132.0	2958.0	3106.0	3111.0	3121.0
2.0	5.0	500.0	100000000.0	70696.359138	33.71	2387.35	5516.0	1668.0	5346.0	5481.0	5512.0
2.0	5.0	500.0	100000000.0	68731.04154	32.77333	2450.56	3962.66667	2566.33333	3851.33333	3920.66667	3948.0
2.0	5.0	500.0	200000000.0	70338.327355	33.54	4163.3	5831.0	5460.0	5796.0	5804.0	5813.0
2.0	5.0	500.0	200000000.0	66102.591222	31.52	4368.92	6819.0	5286.0	6490.0	6679.0	6793.0
2.0	5.0	500.0	200000000.0	66764.588062	31.84	4389.0	6303.0	5444.0	6263.0	6278.0	6285.0
2.0	5.0	500.0	200000000.0	67735.16888	32.3	4307.07333	6317.66667	5396.66667	6183.0	6253.66667	6297.0
2.0	5.0	1000.0	10000000.0	34882.098507	33.27	274.88	2345.0	244.0	312.0	2299.0	2324.0
2.0	5.0	1000.0	10000000.0	37015.102162	35.3	258.67	651.0	267.0	297.0	559.0	644.0
2.0	5.0	1000.0	10000000.0	23873.185638	22.77	408.35	13208.0	111.0	283.0	13097.0	13185.0
2.0	5.0	1000.0	10000000.0	31923.4621	30.44667	313.96667	5401.33333	207.33333	297.33333	5318.33333	5384.33333
2.0	5.0	1000.0	33554432.0	55011.552426	52.46	555.42	778.0	558.0	744.0	751.0	769.0
2.0	5.0	1000.0	33554432.0	32879.594923000004	31.36	966.05	5609.0	721.0	5398.0	5568.0	5601.0
2.0	5.0	1000.0	33554432.0	39041.149371	37.23	801.59	2157.0	745.0	2124.0	2143.0	2149.0
2.0	5.0	1000.0	33554432.0	42310.76557	40.35	774.35333	2848.0	674.66667	2755.33333	2820.66667	2839.66667
2.0	5.0	1000.0	100000000.0	36360.991927999996	34.68	2393.31	3842.0	2459.0	3812.0	3820.0	3832.0
2.0	5.0	1000.0	100000000.0	35693.889206	34.04	2393.94	3711.0	3019.0	3278.0	3579.0	3688.0
2.0	5.0	1000.0	100000000.0	32886.082610000005	31.36	2644.23	4297.0	2744.0	4197.0	4265.0	4281.0
2.0	5.0	1000.0	100000000.0	34980.32125	33.36	2477.16	3950.0	2740.66667	3762.33333	3888.0	3933.66667
2.0	5.0	1000.0	200000000.0	33740.468318	32.18	4216.77	7231.0	4919.0	7199.0	7210.0	7220.0
2.0	5.0	1000.0	200000000.0	30196.883682	28.8	4434.72	7742.0	4935.0	7633.0	7672.0	7723.0
2.0	5.0	1000.0	200000000.0	40035.23100299999	38.18	3599.54	5519.0	4667.0	5364.0	5468.0	5497.0
2.0	5.0	1000.0	200000000.0	34657.52767	33.05333	4083.67667	6830.66667	4840.33333	6732.0	6783.33333	6813.33333
5.0	1.0	100.0	10000000.0	540774.388925	51.57	149.2	705.0	122.0	279.0	690.0	700.0
5.0	1.0	100.0	10000000.0	710631.040364	67.77	69.93	427.0	27.0	218.0	375.0	421.0
5.0	1.0	100.0	10000000.0	121009.704978	11.54	720.89	1902.0	797.0	1000.0	1829.0	1883.0
5.0	1.0	100.0	10000000.0	457471.71142	43.62667	313.34	1011.33333	315.33333	499.0	964.66667	1001.33333
5.0	1.0	100.0	33554432.0	117384.669562	11.19	2462.08	4549.0	2586.0	3935.0	4233.0	4496.0
5.0	1.0	100.0	33554432.0	117821.712185	11.24	2451.65	3692.0	2589.0	3293.0	3585.0	3654.0
5.0	1.0	100.0	33554432.0	106750.92873300001	10.18	2745.51	9329.0	2664.0	8049.0	9043.0	9301.0
5.0	1.0	100.0	33554432.0	113985.77016	10.87	2553.08	5856.66667	2613.0	5092.33333	5620.33333	5817.0
5.0	1.0	100.0	100000000.0	125291.302278	11.95	6296.96	8184.0	7585.0	8051.0	8115.0	8158.0
5.0	1.0	100.0	100000000.0	110151.568558	10.5	7509.13	12680.0	7654.0	11810.0	12446.0	12637.0
5.0	1.0	100.0	100000000.0	119846.59635699999	11.43	6654.21	9302.0	7518.0	8927.0	9218.0	9277.0
5.0	1.0	100.0	100000000.0	118429.8224	11.29333	6820.1	10055.33333	7585.66667	9596.0	9926.33333	10024.0
5.0	1.0	100.0	200000000.0	119912.70355199999	11.44	10342.87	20880.0	9527.0	20424.0	20848.0	20872.0
5.0	1.0	100.0	200000000.0	119110.01000499999	11.36	12044.84	25477.0	7982.0	24800.0	25260.0	25470.0
5.0	1.0	100.0	200000000.0	120229.87952999999	11.47	12629.03	22840.0	10998.0	22087.0	22373.0	22791.0
5.0	1.0	100.0	200000000.0	119750.86436	11.42333	11672.24667	23065.66667	9502.33333	22437.0	22827.0	23044.33333
5.0	1.0	500.0	10000000.0	22275.683863	10.62	865.74	2971.0	890.0	1110.0	2858.0	2918.0
5.0	1.0	500.0	10000000.0	23215.861075999997	11.07	830.23	6490.0	807.0	958.0	5848.0	6403.0
5.0	1.0	500.0	10000000.0	25832.450725	12.32	743.22	2452.0	732.0	1168.0	2338.0	2411.0
5.0	1.0	500.0	10000000.0	23774.66522	11.33667	813.06333	3971.0	809.66667	1078.66667	3681.33333	3910.66667
5.0	1.0	500.0	33554432.0	22537.750732	10.75	2836.89	7897.0	2789.0	6462.0	7530.0	7810.0
5.0	1.0	500.0	33554432.0	25616.066397	12.21	2464.33	8464.0	2233.0	6009.0	8262.0	8432.0
5.0	1.0	500.0	33554432.0	23913.147448	11.4	2640.31	4554.0	2684.0	4173.0	4436.0	4509.0
5.0	1.0	500.0	33554432.0	24022.32153	11.45333	2647.17667	6971.66667	2568.66667	5548.0	6742.66667	6917.0
5.0	1.0	500.0	100000000.0	24063.913755	11.47	7238.99	9312.0	7841.0	8893.0	9094.0	9276.0
5.0	1.0	500.0	100000000.0	22948.411969999997	10.94	7824.09	13815.0	8264.0	11877.0	13577.0	13757.0
5.0	1.0	500.0	100000000.0	24210.14405	11.54	7118.06	9257.0	7773.0	9152.0	9199.0	9228.0
5.0	1.0	500.0	100000000.0	23740.82326	11.31667	7393.71333	10794.66667	7959.33333	9974.0	10623.33333	10753.66667
5.0	1.0	500.0	200000000.0	23119.249087	11.02	13378.24	18502.0	16497.0	17925.0	18154.0	18441.0
5.0	1.0	500.0	200000000.0	23397.833361	11.16	13041.18	18496.0	15798.0	17698.0	18276.0	18483.0
5.0	1.0	500.0	200000000.0	23760.870597999998	11.33	13116.12	19184.0	16517.0	18710.0	19018.0	19137.0
5.0	1.0	500.0	200000000.0	23425.98435	11.17	13178.51333	18727.33333	16270.66667	18111.0	18482.66667	18687.0
5.0	1.0	1000.0	10000000.0	12158.350355	11.6	800.21	5732.0	738.0	939.0	5550.0	5692.0
5.0	1.0	1000.0	10000000.0	11966.302891	11.41	813.15	2572.0	806.0	1218.0	2500.0	2550.0
5.0	1.0	1000.0	10000000.0	11668.883754999999	11.13	832.96	1625.0	858.0	925.0	1354.0	1542.0
5.0	1.0	1000.0	10000000.0	11931.179	11.38	815.44	3309.66667	800.66667	1027.33333	3134.66667	3261.33333
5.0	1.0	1000.0	33554432.0	11282.861334000001	10.76	2819.88	3895.0	3006.0	3786.0	3821.0	3847.0
5.0	1.0	1000.0	33554432.0	14004.817657	13.36	2300.83	4388.0	2539.0	3724.0	4210.0	4323.0
5.0	1.0	1000.0	33554432.0	23268.801191	22.19	1351.65	1911.0	1345.0	1649.0	1711.0	1886.0
5.0	1.0	1000.0	33554432.0	16185.49339	15.43667	2157.45333	3398.0	2296.66667	3053.0	3247.33333	3352.0
5.0	1.0	1000.0	100000000.0	20359.135144	19.42	4347.89	6464.0	4751.0	6193.0	6385.0	6448.0
5.0	1.0	1000.0	100000000.0	20614.306329	19.66	4271.81	7577.0	4304.0	7128.0	7462.0	7549.0
5.0	1.0	1000.0	100000000.0	21369.347808000002	20.38	4040.52	5573.0	4579.0	5230.0	5347.0	5509.0
5.0	1.0	1000.0	100000000.0	20780.92976	19.82	4220.07333	6538.0	4544.66667	6183.66667	6398.0	6502.0
5.0	1.0	1000.0	200000000.0	18826.010015	17.95	7545.8	12933.0	9123.0	12453.0	12799.0	12865.0
5.0	1.0	1000.0	200000000.0	23419.203747	22.33	6389.6	10122.0	7969.0	9394.0	9936.0	10088.0
5.0	1.0	1000.0	200000000.0	20567.667626	19.61	7579.72	10531.0	9114.0	10237.0	10356.0	10497.0
5.0	1.0	1000.0	200000000.0	20937.62713	19.96333	7171.70667	11195.33333	8735.33333	10694.66667	11030.33333	11150.0
5.0	2.0	100.0	10000000.0	229484.11969899997	21.89	171.65	15473.0	29.0	179.0	279.0	13343.0
5.0	2.0	100.0	10000000.0	634517.766497	60.51	61.21	373.0	28.0	245.0	327.0	361.0
5.0	2.0	100.0	10000000.0	241068.415216	22.99	320.44	734.0	378.0	507.0	628.0	709.0
5.0	2.0	100.0	10000000.0	368356.76714	35.13	184.43333	5526.66667	145.0	310.33333	411.33333	4804.33333
5.0	2.0	100.0	33554432.0	216675.33368	20.66	1261.55	1718.0	1390.0	1531.0	1616.0	1682.0
5.0	2.0	100.0	33554432.0	182548.375319	17.41	1541.61	2881.0	1556.0	1922.0	2585.0	2808.0
5.0	2.0	100.0	33554432.0	189415.463878	18.06	1475.09	2143.0	1589.0	1653.0	1890.0	2122.0
5.0	2.0	100.0	33554432.0	196213.05763	18.71	1426.08333	2247.33333	1511.66667	1702.0	2030.33333	2204.0
5.0	2.0	100.0	100000000.0	207995.34090399998	19.84	3687.62	4659.0	4366.0	4441.0	4550.0	4629.0
5.0	2.0	100.0	100000000.0	212557.922034	20.27	3589.84	4963.0	4283.0	4428.0	4609.0	4887.0
5.0	2.0	100.0	100000000.0	194461.729932	18.55	3937.43	5797.0	4684.0	5081.0	5549.0	5766.0
5.0	2.0	100.0	100000000.0	205004.99762	19.55333	3738.29667	5139.66667	4444.33333	4650.0	4902.66667	5094.0
5.0	2.0	100.0	200000000.0	179668.69093399998	17.13	6766.81	10347.0	7360.0	8538.0	8671.0	8992.0
5.0	2.0	100.0	200000000.0	213839.705757	20.39	5305.1	8960.0	6419.0	7331.0	7748.0	7800.0
5.0	2.0	100.0	200000000.0	190049.03265	18.12	6260.32	16062.0	6134.0	8333.0	8503.0	8588.0
5.0	2.0	100.0	200000000.0	194519.14311	18.54667	6110.74333	11789.66667	6637.66667	8067.33333	8307.33333	8460.0
5.0	2.0	500.0	10000000.0	46163.789124	22.01	394.53	1570.0	305.0	522.0	1087.0	1357.0
5.0	2.0	500.0	10000000.0	39808.917197	18.98	470.01	977.0	479.0	561.0	788.0	918.0
5.0	2.0	500.0	10000000.0	45800.12824	21.84	405.17	1521.0	357.0	488.0	1352.0	1386.0
5.0	2.0	500.0	10000000.0	43924.27819	20.94333	423.23667	1356.0	380.33333	523.66667	1075.66667	1220.33333
5.0	2.0	500.0	33554432.0	45848.425107	21.86	1323.69	2482.0	1313.0	2302.0	2383.0	2449.0
5.0	2.0	500.0	33554432.0	41853.262462	19.96	1466.82	2490.0	1434.0	2402.0	2440.0	2451.0
5.0	2.0	500.0	33554432.0	38806.317669	18.5	1600.09	2184.0	1692.0	1753.0	1920.0	2118.0
5.0	2.0	500.0	33554432.0	42169.33508	20.10667	1463.53333	2385.33333	1479.66667	2152.33333	2247.66667	2339.33333
5.0	2.0	500.0	100000000.0	44567.251983	21.25	3849.31	4788.0	4408.0	4535.0	4708.0	4755.0
5.0	2.0	500.0	100000000.0	45749.839876	21.82	3682.18	5515.0	4169.0	5218.0	5351.0	5474.0
5.0	2.0	500.0	100000000.0	42482.688305	20.26	3991.0	5815.0	4288.0	5414.0	5556.0	5754.0
5.0	2.0	500.0	100000000.0	44266.59339	21.11	3840.83	5372.66667	4288.33333	5055.66667	5205.0	5327.66667
5.0	2.0	500.0	200000000.0	37239.786988	17.76	8100.79	11247.0	10085.0	11134.0	11171.0	11185.0
5.0	2.0	500.0	200000000.0	42493.519738	20.26	7083.89	10230.0	9047.0	10054.0	10144.0	10191.0
5.0	2.0	500.0	200000000.0	47420.333839	22.61	6235.07	8970.0	7874.0	8739.0	8828.0	8939.0
5.0	2.0	500.0	200000000.0	42384.54686	20.21	7139.91667	10149.0	9002.0	9975.66667	10047.66667	10105.0
5.0	2.0	1000.0	10000000.0	24284.812278	23.16	347.34	3964.0	361.0	665.0	2697.0	3915.0
5.0	2.0	1000.0	10000000.0	19407.677677	18.51	485.71	1175.0	506.0	600.0	963.0	1107.0
5.0	2.0	1000.0	10000000.0	21235.029304	20.25	433.72	1519.0	432.0	516.0	769.0	1474.0
5.0	2.0	1000.0	10000000.0	21642.50642	20.64	422.25667	2219.33333	433.0	593.66667	1476.33333	2165.33333
5.0	2.0	1000.0	33554432.0	23664.158266	22.57	1294.81	2444.0	1237.0	2043.0	2380.0	2403.0
5.0	2.0	1000.0	33554432.0	22922.110668	21.86	1354.9	1782.0	1441.0	1595.0	1693.0	1747.0
5.0	2.0	1000.0	33554432.0	18986.140118	18.11	1657.97	2565.0	1702.0	2090.0	2439.0	2506.0
5.0	2.0	1000.0	33554432.0	21857.46968	20.84667	1435.89333	2263.66667	1460.0	1909.33333	2170.66667	2218.66667
5.0	2.0	1000.0	100000000.0	20602.414603	19.65	4280.71	5231.0	4699.0	5109.0	5114.0	5167.0
5.0	2.0	1000.0	100000000.0	22751.057924	21.7	3825.44	4690.0	4397.0	4457.0	4534.0	4636.0
5.0	2.0	1000.0	100000000.0	21172.086721	20.19	3939.87	6611.0	4096.0	6382.0	6555.0	6576.0
5.0	2.0	1000.0	100000000.0	21508.51975	20.51333	4015.34	5510.66667	4397.33333	5316.0	5401.0	5459.66667
5.0	2.0	1000.0	200000000.0	20496.003279	19.55	7276.72	11416.0	8466.0	11092.0	11163.0	11372.0
5.0	2.0	1000.0	200000000.0	19694.343784	18.78	7930.1	10608.0	10069.0	10302.0	10409.0	10561.0
5.0	2.0	1000.0	200000000.0	21776.05505	20.77	6716.35	10069.0	8390.0	8915.0	9315.0	10021.0
5.0	2.0	1000.0	200000000.0	20655.46737	19.7	7307.72333	10697.66667	8975.0	10103.0	10295.66667	10651.33333
5.0	5.0	100.0	10000000.0	26581.322899000003	2.53	17.91	14409.0	11.0	53.0	89.0	138.0
5.0	5.0	100.0	10000000.0	20229.319567	1.93	8.31	1048.0	7.0	13.0	19.0	193.0
5.0	5.0	100.0	10000000.0	19104.751352	1.82	8.15	1303.0	8.0	16.0	24.0	39.0
5.0	5.0	100.0	10000000.0	21971.79794	2.09333	11.45667	5586.66667	8.66667	27.33333	44.0	123.33333
5.0	5.0	100.0	33554432.0	574977.00092	54.83	74.07	1475.0	17.0	115.0	1383.0	1391.0
5.0	5.0	100.0	33554432.0	633392.449962	60.41	20.61	218.0	16.0	58.0	145.0	194.0
5.0	5.0	100.0	33554432.0	230701.79486	22.0	1049.22	2626.0	1822.0	2210.0	2360.0	2518.0
5.0	5.0	100.0	33554432.0	479690.41525	45.74667	381.3	1439.66667	618.33333	794.33333	1296.0	1367.66667
5.0	5.0	100.0	100000000.0	202815.07321600002	19.34	3697.15	4923.0	4383.0	4700.0	4761.0	4858.0
5.0	5.0	100.0	100000000.0	209117.524049	19.94	3625.6	5078.0	4297.0	4478.0	4572.0	4732.0
5.0	5.0	100.0	100000000.0	204106.625301	19.47	3689.73	4813.0	4418.0	4570.0	4633.0	4748.0
5.0	5.0	100.0	100000000.0	205346.40752	19.58333	3670.82667	4938.0	4366.0	4582.66667	4655.33333	4779.33333
5.0	5.0	100.0	200000000.0	177286.104315	16.91	6378.09	13264.0	8019.0	11492.0	11803.0	11856.0
5.0	5.0	100.0	200000000.0	218073.970691	20.8	4501.66	10363.0	4406.0	9654.0	9996.0	10188.0
5.0	5.0	100.0	200000000.0	179642.869974	17.13	6669.02	10356.0	8047.0	8938.0	9334.0	9388.0
5.0	5.0	100.0	200000000.0	191667.64833	18.28	5849.59	11327.66667	6824.0	10028.0	10377.66667	10477.33333
5.0	5.0	500.0	10000000.0	47445.082317	22.62	349.64	836.0	371.0	471.0	620.0	705.0
5.0	5.0	500.0	10000000.0	33684.777849	16.06	302.2	1219.0	363.0	535.0	992.0	1155.0
5.0	5.0	500.0	10000000.0	82542.30292999999	39.36	136.44	845.0	39.0	608.0	707.0	804.0
5.0	5.0	500.0	10000000.0	54557.3877	26.01333	262.76	966.66667	257.66667	538.0	773.0	888.0
5.0	5.0	500.0	33554432.0	41478.286117	19.78	1451.09	1959.0	1525.0	1611.0	1651.0	1780.0
5.0	5.0	500.0	33554432.0	44966.050632	21.44	1336.76	2172.0	1396.0	1466.0	1570.0	2039.0
5.0	5.0	500.0	33554432.0	44720.719109	21.32	1343.55	1901.0	1418.0	1530.0	1682.0	1872.0
5.0	5.0	500.0	33554432.0	43721.68529	20.84667	1377.13333	2010.66667	1446.33333	1535.66667	1634.33333	1897.0
5.0	5.0	500.0	100000000.0	44183.272213	21.07	3818.56	4845.0	4367.0	4524.0	4603.0	4759.0
5.0	5.0	500.0	100000000.0	41675.349031	19.87	4065.16	7221.0	4155.0	6823.0	7094.0	7160.0
5.0	5.0	500.0	100000000.0	42313.713875	20.18	3968.78	5356.0	4581.0	5199.0	5231.0	5270.0
5.0	5.0	500.0	100000000.0	42724.11171	20.37333	3950.83333	5807.33333	4367.66667	5515.33333	5642.66667	5729.66667
5.0	5.0	500.0	200000000.0	38989.394885	18.59	7781.19	10526.0	9891.0	10401.0	10435.0	10466.0
5.0	5.0	500.0	200000000.0	45549.785916	21.72	6599.15	9275.0	8355.0	8865.0	9045.0	9180.0
5.0	5.0	500.0	200000000.0	45095.828636	21.5	6685.96	9191.0	8489.0	8876.0	9015.0	9105.0
5.0	5.0	500.0	200000000.0	43211.66981	20.60333	7022.1	9664.0	8911.66667	9380.66667	9498.33333	9583.66667
5.0	5.0	1000.0	10000000.0	22962.112514	21.9	383.79	1380.0	396.0	505.0	753.0	1316.0
5.0	5.0	1000.0	10000000.0	22914.757104	21.85	381.84	788.0	388.0	476.0	605.0	700.0
5.0	5.0	1000.0	10000000.0	22380.376886000002	21.34	386.95	686.0	388.0	471.0	550.0	641.0
5.0	5.0	1000.0	10000000.0	22752.4155	21.69667	384.19333	951.33333	390.66667	484.0	636.0	885.66667
5.0	5.0	1000.0	33554432.0	23096.821877000002	22.03	1320.8	2084.0	1391.0	1459.0	1863.0	1975.0
5.0	5.0	1000.0	33554432.0	22835.221045	21.78	1338.84	1780.0	1396.0	1510.0	1568.0	1717.0
5.0	5.0	1000.0	33554432.0	22885.389967	21.83	1335.9	1786.0	1396.0	1518.0	1596.0	1687.0
5.0	5.0	1000.0	33554432.0	22939.1443	21.88	1331.84667	1883.33333	1394.33333	1495.66667	1675.66667	1793.0
5.0	5.0	1000.0	100000000.0	20974.034146	20.0	4095.03	6962.0	4076.0	6593.0	6838.0	6917.0
5.0	5.0	1000.0	100000000.0	17768.932797999998	16.95	4884.82	5892.0	5556.0	5774.0	5807.0	5831.0
5.0	5.0	1000.0	100000000.0	19715.31091	18.8	4458.5	5571.0	4943.0	5289.0	5336.0	5439.0
5.0	5.0	1000.0	100000000.0	19486.09262	18.58333	4479.45	6141.66667	4858.33333	5885.33333	5993.66667	6062.33333
5.0	5.0	1000.0	200000000.0	22440.644495	21.4	6813.35	9679.0	8519.0	9020.0	9404.0	9584.0
5.0	5.0	1000.0	200000000.0	22812.300391999997	21.76	6702.94	9180.0	8487.0	8835.0	8900.0	9044.0
5.0	5.0	1000.0	200000000.0	22758.306782	21.7	6666.48	9035.0	8464.0	8865.0	8914.0	8948.0
5.0	5.0	1000.0	200000000.0	22670.41722	21.62	6727.59	9298.0	8490.0	8906.66667	9072.66667	9192.0
