1.0	1.0	100.0	10000000.0	1724137.9310340001	164.43	3.96	152.0	4.0	5.0	9.0	16.0
1.0	1.0	100.0	10000000.0	1763668.430335	168.2	3.73	147.0	4.0	5.0	8.0	13.0
1.0	1.0	100.0	10000000.0	1542733.724159	147.13	7.55	186.0	4.0	9.0	150.0	173.0
1.0	1.0	100.0	10000000.0	1676846.69518	159.92	5.08	161.66667	4.0	6.33333	55.66667	67.33333
1.0	1.0	100.0	33554432.0	1567398.119122	149.48	4.31	148.0	4.0	7.0	17.0	38.0
1.0	1.0	100.0	33554432.0	1719394.7730400001	163.97	3.74	149.0	4.0	6.0	8.0	15.0
1.0	1.0	100.0	33554432.0	1743983.257761	166.32	3.65	154.0	3.0	5.0	9.0	15.0
1.0	1.0	100.0	33554432.0	1676925.38331	159.92333	3.9	150.33333	3.66667	6.0	11.33333	22.66667
1.0	1.0	100.0	100000000.0	1607200.257152	153.27	25.33	337.0	3.0	264.0	319.0	333.0
1.0	1.0	100.0	100000000.0	1676164.93463	159.85	3.39	143.0	3.0	5.0	10.0	16.0
1.0	1.0	100.0	100000000.0	1624959.376016	154.97	10.38	213.0	4.0	23.0	186.0	212.0
1.0	1.0	100.0	100000000.0	1636108.18927	156.03	13.03333	231.0	3.33333	97.33333	171.66667	187.0
1.0	1.0	100.0	200000000.0	1733703.190014	165.34	3.68	140.0	4.0	5.0	8.0	14.0
1.0	1.0	100.0	200000000.0	1779359.430605	169.69	3.49	143.0	3.0	5.0	9.0	13.0
1.0	1.0	100.0	200000000.0	1595405.2329290002	152.15	16.05	185.0	3.0	143.0	175.0	184.0
1.0	1.0	100.0	200000000.0	1702822.61785	162.39333	7.74	156.0	3.33333	51.0	64.0	70.33333
1.0	1.0	500.0	10000000.0	649772.579597	309.84	15.71	150.0	20.0	30.0	34.0	37.0
1.0	1.0	500.0	10000000.0	640204.8655569999	305.27	19.52	149.0	22.0	29.0	35.0	36.0
1.0	1.0	500.0	10000000.0	508905.852417	242.67	24.55	309.0	23.0	37.0	283.0	304.0
1.0	1.0	500.0	10000000.0	599627.76586	285.92667	19.92667	202.66667	21.66667	32.0	117.33333	125.66667
1.0	1.0	500.0	33554432.0	289435.600579	138.01	178.98	1768.0	76.0	1761.0	1765.0	1767.0
1.0	1.0	500.0	33554432.0	575043.1282350001	274.2	68.19	156.0	74.0	124.0	129.0	131.0
1.0	1.0	500.0	33554432.0	517598.343685	246.81	83.48	419.0	59.0	407.0	417.0	418.0
1.0	1.0	500.0	33554432.0	460692.3575	219.67333	110.21667	781.0	69.66667	764.0	770.33333	772.0
1.0	1.0	500.0	100000000.0	662251.655629	315.79	41.38	151.0	29.0	89.0	94.0	99.0
1.0	1.0	500.0	100000000.0	558035.714286	266.09	100.87	236.0	93.0	203.0	228.0	236.0
1.0	1.0	500.0	100000000.0	496524.329692	236.76	247.15	542.0	214.0	531.0	536.0	541.0
1.0	1.0	500.0	100000000.0	572270.56654	272.88	129.8	309.66667	112.0	274.33333	286.0	292.0
1.0	1.0	500.0	200000000.0	455580.865604	217.24	292.31	657.0	277.0	654.0	655.0	657.0
1.0	1.0	500.0	200000000.0	563697.857948	268.79	126.13	230.0	139.0	214.0	228.0	229.0
1.0	1.0	500.0	200000000.0	575043.1282350001	274.2	111.87	231.0	107.0	223.0	229.0	230.0
1.0	1.0	500.0	200000000.0	531440.61726	253.41	176.77	372.66667	174.33333	363.66667	370.66667	372.0
1.0	1.0	1000.0	10000000.0	380228.136882	362.61	18.19	159.0	17.0	27.0	33.0	35.0
1.0	1.0	1000.0	10000000.0	288018.43318	274.68	27.9	465.0	21.0	28.0	343.0	348.0
1.0	1.0	1000.0	10000000.0	345303.867403	329.31	20.73	150.0	19.0	40.0	44.0	45.0
1.0	1.0	1000.0	10000000.0	337850.14582	322.2	22.27333	258.0	19.0	31.66667	140.0	142.66667
1.0	1.0	1000.0	33554432.0	225123.8181	214.69	113.6	221.0	122.0	195.0	209.0	219.0
1.0	1.0	1000.0	33554432.0	127064.80305	121.18	228.5	1124.0	194.0	923.0	1069.0	1106.0
1.0	1.0	1000.0	33554432.0	97694.41188	93.17	305.59	449.0	328.0	406.0	423.0	437.0
1.0	1.0	1000.0	33554432.0	149961.01101	143.01333	215.89667	598.0	214.66667	508.0	567.0	587.33333
1.0	1.0	1000.0	100000000.0	58913.632614999995	56.18	1533.61	3805.0	916.0	3731.0	3767.0	3779.0
1.0	1.0	1000.0	100000000.0	144050.705848	137.38	508.49	775.0	632.0	726.0	743.0	745.0
1.0	1.0	1000.0	100000000.0	135832.65417	129.54	569.27	777.0	666.0	749.0	764.0	774.0
1.0	1.0	1000.0	100000000.0	112932.33088	107.7	870.45667	1785.66667	738.0	1735.33333	1758.0	1766.0
1.0	1.0	1000.0	200000000.0	124161.907127	118.41	1051.49	1682.0	1270.0	1649.0	1665.0	1674.0
1.0	1.0	1000.0	200000000.0	77507.3632	73.92	1194.22	3958.0	1370.0	1613.0	3953.0	3956.0
1.0	1.0	1000.0	200000000.0	161864.681127	154.37	731.71	1319.0	790.0	1269.0	1300.0	1314.0
1.0	1.0	1000.0	200000000.0	121177.98382	115.56667	992.47333	2319.66667	1143.33333	1510.33333	2306.0	2314.66667
1.0	2.0	100.0	10000000.0	329597.89057399996	31.43	8.51	12351.0	9.0	13.0	17.0	22.0
1.0	2.0	100.0	10000000.0	1388503.193557	132.42	16.13	477.0	8.0	13.0	470.0	474.0
1.0	2.0	100.0	10000000.0	1569858.712716	149.71	11.42	162.0	8.0	17.0	105.0	109.0
1.0	2.0	100.0	10000000.0	1095986.59895	104.52	12.02	4330.0	8.33333	14.33333	197.33333	201.66667
1.0	2.0	100.0	33554432.0	1671681.711802	159.42	8.0	146.0	8.0	11.0	17.0	26.0
1.0	2.0	100.0	33554432.0	1735508.503992	165.51	7.66	240.0	7.0	11.0	20.0	75.0
1.0	2.0	100.0	33554432.0	1752541.184718	167.14	6.67	145.0	6.0	10.0	15.0	20.0
1.0	2.0	100.0	33554432.0	1719910.46684	164.02333	7.44333	177.0	7.0	10.66667	17.33333	40.33333
1.0	2.0	100.0	100000000.0	1731301.9390580002	165.11	7.19	145.0	7.0	11.0	14.0	30.0
1.0	2.0	100.0	100000000.0	1504211.79302	143.45	37.9	694.0	8.0	265.0	416.0	541.0
1.0	2.0	100.0	100000000.0	1656726.3088139999	158.0	7.1	147.0	7.0	11.0	14.0	17.0
1.0	2.0	100.0	100000000.0	1630746.6803	155.52	17.39667	328.66667	7.33333	95.66667	148.0	196.0
1.0	2.0	100.0	200000000.0	1579778.830964	150.66	18.75	480.0	7.0	135.0	242.0	326.0
1.0	2.0	100.0	200000000.0	1367614.87965	130.43	99.0	850.0	8.0	671.0	835.0	848.0
1.0	2.0	100.0	200000000.0	1702417.432755	162.36	7.34	142.0	7.0	11.0	15.0	24.0
1.0	2.0	100.0	200000000.0	1549937.04779	147.81667	41.69667	490.66667	7.33333	272.33333	364.0	399.33333
1.0	2.0	500.0	10000000.0	603136.308806	287.6	22.68	153.0	24.0	31.0	42.0	45.0
1.0	2.0	500.0	10000000.0	383582.662064	182.91	42.24	899.0	25.0	53.0	894.0	897.0
1.0	2.0	500.0	10000000.0	424989.375266	202.65	34.91	160.0	30.0	69.0	83.0	91.0
1.0	2.0	500.0	10000000.0	470569.44871	224.38667	33.27667	404.0	26.33333	51.0	339.66667	344.33333
1.0	2.0	500.0	33554432.0	88912.598915	42.4	699.13	8761.0	157.0	8689.0	8754.0	8760.0
1.0	2.0	500.0	33554432.0	581395.348837	277.23	66.51	150.0	69.0	122.0	133.0	135.0
1.0	2.0	500.0	33554432.0	442673.74944700004	211.08	121.73	407.0	109.0	231.0	259.0	271.0
1.0	2.0	500.0	33554432.0	370993.89907	176.90333	295.79	3106.0	111.66667	3014.0	3048.66667	3055.33333
1.0	2.0	500.0	100000000.0	409165.30278200004	195.11	260.03	541.0	262.0	481.0	517.0	535.0
1.0	2.0	500.0	100000000.0	331785.003318	158.21	394.56	762.0	415.0	724.0	755.0	760.0
1.0	2.0	500.0	100000000.0	241021.93299600002	114.93	656.64	1562.0	512.0	1437.0	1556.0	1561.0
1.0	2.0	500.0	100000000.0	327324.0797	156.08333	437.07667	955.0	396.33333	880.66667	942.66667	952.0
1.0	2.0	500.0	200000000.0	203376.042302	96.98	794.48	2918.0	699.0	1354.0	2895.0	2916.0
1.0	2.0	500.0	200000000.0	315656.565657	150.52	661.61	1312.0	635.0	1257.0	1289.0	1308.0
1.0	2.0	500.0	200000000.0	222123.50066599998	105.92	1159.5	2425.0	1277.0	2243.0	2410.0	2424.0
1.0	2.0	500.0	200000000.0	247052.03621	117.80667	871.86333	2218.33333	870.33333	1618.0	2198.0	2216.0
1.0	2.0	1000.0	10000000.0	79302.141158	75.63	118.72	3632.0	46.0	125.0	3605.0	3622.0
1.0	2.0	1000.0	10000000.0	178762.960315	170.48	49.64	288.0	43.0	109.0	268.0	281.0
1.0	2.0	1000.0	10000000.0	120307.98845	114.73	76.38	1249.0	53.0	98.0	1233.0	1244.0
1.0	2.0	1000.0	10000000.0	126124.36331	120.28	81.58	1723.0	47.33333	110.66667	1702.0	1715.66667
1.0	2.0	1000.0	33554432.0	147754.137116	140.91	194.52	274.0	194.0	243.0	267.0	271.0
1.0	2.0	1000.0	33554432.0	130242.250586	124.21	220.11	843.0	210.0	723.0	838.0	841.0
1.0	2.0	1000.0	33554432.0	112032.26529200001	106.84	265.0	398.0	255.0	343.0	359.0	375.0
1.0	2.0	1000.0	33554432.0	130009.551	123.98667	226.54333	505.0	219.66667	436.33333	488.0	495.66667
1.0	2.0	1000.0	100000000.0	101812.25819600001	97.1	796.44	1064.0	862.0	1010.0	1045.0	1059.0
1.0	2.0	1000.0	100000000.0	103541.105819	98.74	785.9	1004.0	858.0	969.0	990.0	998.0
1.0	2.0	1000.0	100000000.0	72463.76811599999	69.11	1169.19	3295.0	863.0	2914.0	3249.0	3289.0
1.0	2.0	1000.0	100000000.0	92605.71071	88.31667	917.17667	1787.66667	861.0	1631.0	1761.33333	1782.0
1.0	2.0	1000.0	200000000.0	134372.480516	128.15	952.44	1500.0	1170.0	1436.0	1488.0	1490.0
1.0	2.0	1000.0	200000000.0	131509.73172	125.42	1028.31	1620.0	1212.0	1554.0	1596.0	1617.0
1.0	2.0	1000.0	200000000.0	127032.520325	121.15	1027.41	1587.0	1265.0	1504.0	1567.0	1582.0
1.0	2.0	1000.0	200000000.0	130971.57752	124.90667	1002.72	1569.0	1215.66667	1498.0	1550.33333	1563.0
1.0	5.0	100.0	10000000.0	112032.26529200001	10.68	21.28	41588.0	21.0	36.0	43.0	47.0
1.0	5.0	100.0	10000000.0	1565435.190983	149.29	18.92	147.0	19.0	27.0	31.0	36.0
1.0	5.0	100.0	10000000.0	1602564.1025639998	152.83	20.14	148.0	19.0	30.0	33.0	37.0
1.0	5.0	100.0	10000000.0	1093343.85295	104.26667	20.11333	13961.0	19.66667	31.0	35.66667	40.0
1.0	5.0	100.0	33554432.0	1608751.6087520001	153.42	20.52	149.0	21.0	30.0	36.0	51.0
1.0	5.0	100.0	33554432.0	1587805.6525879998	151.42	19.58	151.0	20.0	26.0	38.0	56.0
1.0	5.0	100.0	33554432.0	1352813.8528139999	129.01	40.45	311.0	22.0	183.0	302.0	308.0
1.0	5.0	100.0	33554432.0	1516457.03805	144.61667	26.85	203.66667	21.0	79.66667	125.33333	138.33333
1.0	5.0	100.0	100000000.0	1375515.818432	131.18	42.59	273.0	22.0	179.0	255.0	270.0
1.0	5.0	100.0	100000000.0	1493875.112041	142.47	40.83	243.0	20.0	197.0	235.0	240.0
1.0	5.0	100.0	100000000.0	1395089.285714	133.05	27.8	145.0	21.0	100.0	124.0	132.0
1.0	5.0	100.0	100000000.0	1421493.4054	135.56667	37.07333	220.33333	21.0	158.66667	204.66667	214.0
1.0	5.0	100.0	200000000.0	1365001.365001	130.18	42.94	269.0	22.0	202.0	259.0	265.0
1.0	5.0	100.0	200000000.0	1636661.2111290002	156.08	18.68	145.0	20.0	26.0	33.0	38.0
1.0	5.0	100.0	200000000.0	1386962.552011	132.27	72.37	691.0	21.0	422.0	672.0	686.0
1.0	5.0	100.0	200000000.0	1462875.04271	139.51	44.66333	368.33333	21.0	216.66667	321.33333	329.66667
1.0	5.0	500.0	10000000.0	598086.1244020001	285.19	23.65	155.0	23.0	29.0	32.0	35.0
1.0	5.0	500.0	10000000.0	619578.686493	295.44	22.55	157.0	23.0	28.0	30.0	34.0
1.0	5.0	500.0	10000000.0	595947.556615	284.17	23.89	158.0	23.0	32.0	35.0	37.0
1.0	5.0	500.0	10000000.0	604537.45584	288.26667	23.36333	156.66667	23.0	29.66667	32.33333	35.33333
1.0	5.0	500.0	33554432.0	407000.407	194.07	116.96	796.0	80.0	747.0	789.0	792.0
1.0	5.0	500.0	33554432.0	554631.170272	264.47	84.51	150.0	87.0	118.0	132.0	135.0
1.0	5.0	500.0	33554432.0	459558.823529	219.13	94.95	277.0	84.0	207.0	270.0	275.0
1.0	5.0	500.0	33554432.0	473730.1336	225.89	98.80667	407.66667	83.66667	357.33333	397.0	400.66667
1.0	5.0	500.0	100000000.0	356633.38088400004	170.06	367.41	645.0	417.0	561.0	587.0	603.0
1.0	5.0	500.0	100000000.0	289017.34104	137.81	505.55	859.0	524.0	782.0	822.0	855.0
1.0	5.0	500.0	100000000.0	184162.062615	87.82	939.22	3303.0	408.0	3282.0	3299.0	3302.0
1.0	5.0	500.0	100000000.0	276604.26151	131.89667	604.06	1602.33333	449.66667	1541.66667	1569.33333	1586.66667
1.0	5.0	500.0	200000000.0	373134.32835799997	177.92	482.71	1019.0	383.0	1005.0	1015.0	1018.0
1.0	5.0	500.0	200000000.0	302297.460701	144.15	751.66	1257.0	730.0	1246.0	1253.0	1256.0
1.0	5.0	500.0	200000000.0	220312.844239	105.05	1096.43	1993.0	1180.0	1799.0	1855.0	1919.0
1.0	5.0	500.0	200000000.0	298581.54443	142.37333	776.93333	1423.0	764.33333	1350.0	1374.33333	1397.66667
1.0	5.0	1000.0	10000000.0	100120.14417300001	95.48	90.97	310.0	72.0	208.0	286.0	305.0
1.0	5.0	1000.0	10000000.0	81539.465101	77.76	113.62	1349.0	72.0	304.0	1108.0	1328.0
1.0	5.0	1000.0	10000000.0	124750.499002	118.97	71.94	279.0	54.0	158.0	263.0	270.0
1.0	5.0	1000.0	10000000.0	102136.70276	97.40333	92.17667	646.0	66.0	223.33333	552.33333	634.33333
1.0	5.0	1000.0	33554432.0	117702.448211	112.25	247.4	661.0	229.0	436.0	651.0	657.0
1.0	5.0	1000.0	33554432.0	90991.810737	86.78	333.81	1758.0	226.0	1355.0	1741.0	1745.0
1.0	5.0	1000.0	33554432.0	127161.749746	121.27	230.32	596.0	217.0	429.0	551.0	576.0
1.0	5.0	1000.0	33554432.0	111952.0029	106.76667	270.51	1005.0	224.0	740.0	981.0	992.66667
1.0	5.0	1000.0	100000000.0	111408.199643	106.25	745.62	1118.0	728.0	1078.0	1109.0	1115.0
1.0	5.0	1000.0	100000000.0	118849.53648699999	113.34	679.33	890.0	677.0	792.0	858.0	871.0
1.0	5.0	1000.0	100000000.0	94232.943837	89.87	924.18	2253.0	637.0	2180.0	2200.0	2242.0
1.0	5.0	1000.0	100000000.0	108163.55999	103.15333	783.04333	1420.33333	680.66667	1350.0	1389.0	1409.33333
1.0	5.0	1000.0	200000000.0	119617.22488	114.08	1265.2	1802.0	1159.0	1764.0	1794.0	1798.0
1.0	5.0	1000.0	200000000.0	101584.72165800001	96.88	1281.41	2570.0	1161.0	2556.0	2563.0	2565.0
1.0	5.0	1000.0	200000000.0	103476.82119199999	98.68	1546.21	2783.0	1162.0	2749.0	2775.0	2780.0
1.0	5.0	1000.0	200000000.0	108226.25591	103.21333	1364.27333	2385.0	1160.66667	2356.33333	2377.33333	2381.0
2.0	1.0	100.0	10000000.0	1282709.08158	122.33	7.1	204.0	5.0	20.0	38.0	91.0
2.0	1.0	100.0	10000000.0	1072271.070127	102.26	6.87	153.0	3.0	23.0	73.0	112.0
2.0	1.0	100.0	10000000.0	972951.936174	92.79	13.37	742.0	1.0	16.0	685.0	740.0
2.0	1.0	100.0	10000000.0	1109310.69596	105.79333	9.11333	366.33333	3.0	19.66667	265.33333	314.33333
2.0	1.0	100.0	33554432.0	1126887.536624	107.47	2.2	138.0	1.0	8.0	21.0	38.0
2.0	1.0	100.0	33554432.0	1045369.015262	99.69	41.48	798.0	1.0	587.0	759.0	794.0
2.0	1.0	100.0	33554432.0	822639.025995	78.45	122.97	1901.0	1.0	1760.0	1864.0	1899.0
2.0	1.0	100.0	33554432.0	998298.52596	95.20333	55.55	945.66667	1.0	785.0	881.33333	910.33333
2.0	1.0	100.0	100000000.0	1148633.1265790001	109.54	36.37	456.0	1.0	341.0	416.0	454.0
2.0	1.0	100.0	100000000.0	866250.866251	82.61	323.86	1636.0	2.0	1513.0	1606.0	1635.0
2.0	1.0	100.0	100000000.0	1418439.716312	135.27	1.14	136.0	1.0	3.0	12.0	21.0
2.0	1.0	100.0	100000000.0	1144441.23638	109.14	120.45667	742.66667	1.33333	619.0	678.0	703.33333
2.0	1.0	100.0	200000000.0	929195.316856	88.61	171.8	927.0	1.0	780.0	893.0	926.0
2.0	1.0	100.0	200000000.0	990099.0099010001	94.42	56.43	508.0	1.0	354.0	465.0	506.0
2.0	1.0	100.0	200000000.0	715409.9298899999	68.23	452.02	1248.0	357.0	1109.0	1220.0	1240.0
2.0	1.0	100.0	200000000.0	878234.75222	83.75333	226.75	894.33333	119.66667	747.66667	859.33333	890.66667
2.0	1.0	500.0	10000000.0	163719.711853	78.07	108.99	191.0	107.0	162.0	179.0	185.0
2.0	1.0	500.0	10000000.0	168577.208361	80.38	104.81	184.0	99.0	156.0	166.0	182.0
2.0	1.0	500.0	10000000.0	182215.74344000002	86.89	95.44	388.0	90.0	146.0	345.0	385.0
2.0	1.0	500.0	10000000.0	171504.22122	81.78	103.08	254.33333	98.66667	154.66667	230.0	250.66667
2.0	1.0	500.0	33554432.0	157282.164203	75.0	380.52	1490.0	319.0	1393.0	1421.0	1451.0
2.0	1.0	500.0	33554432.0	193087.468623	92.07	295.38	970.0	275.0	908.0	960.0	966.0
2.0	1.0	500.0	33554432.0	213447.171825	101.78	260.2	385.0	281.0	344.0	357.0	377.0
2.0	1.0	500.0	33554432.0	187938.93488	89.61667	312.03333	948.33333	291.66667	881.66667	912.66667	931.33333
2.0	1.0	500.0	100000000.0	180050.414116	85.85	773.41	1604.0	866.0	1072.0	1591.0	1603.0
2.0	1.0	500.0	100000000.0	211505.922166	100.85	680.05	1028.0	857.0	951.0	1011.0	1025.0
2.0	1.0	500.0	100000000.0	205507.60378099998	97.99	714.4	1063.0	865.0	1025.0	1051.0	1059.0
2.0	1.0	500.0	100000000.0	199021.31335	94.89667	722.62	1231.66667	862.66667	1016.0	1217.66667	1229.0
2.0	1.0	500.0	200000000.0	195733.020161	93.33	1269.33	2093.0	1455.0	2018.0	2067.0	2091.0
2.0	1.0	500.0	200000000.0	162469.53696199998	77.47	1759.4	3266.0	1617.0	3245.0	3258.0	3265.0
2.0	1.0	500.0	200000000.0	183755.972069	87.62	1390.54	2509.0	1726.0	2448.0	2490.0	2503.0
2.0	1.0	500.0	200000000.0	180652.84306	86.14	1473.09	2622.66667	1599.33333	2570.33333	2605.0	2619.66667
2.0	1.0	1000.0	10000000.0	118455.34233599999	112.97	75.76	201.0	78.0	108.0	180.0	184.0
2.0	1.0	1000.0	10000000.0	105842.506351	100.94	85.68	150.0	88.0	111.0	126.0	146.0
2.0	1.0	1000.0	10000000.0	74951.281667	71.48	124.8	2458.0	78.0	111.0	2428.0	2455.0
2.0	1.0	1000.0	10000000.0	99749.71012	95.13	95.41333	936.33333	81.33333	110.0	911.33333	928.33333
2.0	1.0	1000.0	33554432.0	118934.34824	113.42	246.84	362.0	259.0	324.0	330.0	336.0
2.0	1.0	1000.0	33554432.0	88464.260439	84.37	341.87	1502.0	281.0	1461.0	1484.0	1490.0
2.0	1.0	1000.0	33554432.0	108577.63300799999	103.55	270.47	362.0	287.0	335.0	349.0	354.0
2.0	1.0	1000.0	33554432.0	105325.4139	100.44667	286.39333	742.0	275.66667	706.66667	721.0	726.66667
2.0	1.0	1000.0	100000000.0	93615.427823	89.28	857.59	1141.0	1029.0	1109.0	1128.0	1138.0
2.0	1.0	1000.0	100000000.0	90563.303749	86.37	889.46	1209.0	1011.0	1164.0	1195.0	1207.0
2.0	1.0	1000.0	100000000.0	90826.52134400001	86.62	883.01	1603.0	980.0	1404.0	1594.0	1601.0
2.0	1.0	1000.0	100000000.0	91668.41764	87.42333	876.68667	1317.66667	1006.66667	1225.66667	1305.66667	1315.33333
2.0	1.0	1000.0	200000000.0	94589.48165	90.21	1466.6	2109.0	1902.0	2079.0	2100.0	2107.0
2.0	1.0	1000.0	200000000.0	94679.038061	90.29	1467.57	2168.0	1887.0	2143.0	2156.0	2164.0
2.0	1.0	1000.0	200000000.0	94535.829079	90.16	1482.89	2209.0	1951.0	2098.0	2175.0	2205.0
2.0	1.0	1000.0	200000000.0	94601.4496	90.22	1472.35333	2162.0	1913.33333	2106.66667	2143.66667	2158.66667
2.0	2.0	100.0	10000000.0	226757.369615	21.63	3.33	17943.0	2.0	14.0	20.0	27.0
2.0	2.0	100.0	10000000.0	953652.489033	90.95	6.39	146.0	3.0	17.0	79.0	114.0
2.0	2.0	100.0	10000000.0	1042535.4462049999	99.42	6.35	146.0	3.0	41.0	74.0	86.0
2.0	2.0	100.0	10000000.0	740981.76828	70.66667	5.35667	6078.33333	2.66667	24.0	57.66667	75.66667
2.0	2.0	100.0	33554432.0	1119820.828667	106.79	11.86	318.0	1.0	17.0	37.0	46.0
2.0	2.0	100.0	33554432.0	1136621.9595360002	108.4	24.69	399.0	1.0	245.0	378.0	398.0
2.0	2.0	100.0	33554432.0	1264862.130028	120.63	12.26	361.0	1.0	4.0	10.0	40.0
2.0	2.0	100.0	33554432.0	1173768.30608	111.94	16.27	359.33333	1.0	88.66667	141.66667	161.33333
2.0	2.0	100.0	100000000.0	280080.663231	26.71	2278.4	12116.0	2.0	11597.0	11818.0	11943.0
2.0	2.0	100.0	100000000.0	250501.002004	23.89	2907.68	16851.0	6.0	16557.0	16781.0	16847.0
2.0	2.0	100.0	100000000.0	808799.741184	77.13	431.02	2907.0	2.0	2428.0	2638.0	2757.0
2.0	2.0	100.0	100000000.0	446460.46881	42.57667	1872.36667	10624.66667	3.33333	10194.0	10412.33333	10515.66667
2.0	2.0	100.0	200000000.0	1180916.39112	112.62	19.99	350.0	1.0	145.0	274.0	300.0
2.0	2.0	100.0	200000000.0	728544.368352	69.48	417.89	1976.0	4.0	1680.0	1908.0	1938.0
2.0	2.0	100.0	200000000.0	379247.57281599997	36.17	3177.73	9858.0	1.0	7881.0	8051.0	8106.0
2.0	2.0	100.0	200000000.0	762902.77743	72.75667	1205.20333	4061.33333	2.0	3235.33333	3411.0	3448.0
2.0	2.0	500.0	10000000.0	346140.533056	165.05	36.07	155.0	11.0	60.0	76.0	90.0
2.0	2.0	500.0	10000000.0	209467.95140299998	99.88	75.52	400.0	60.0	130.0	351.0	355.0
2.0	2.0	500.0	10000000.0	125407.57461800001	59.8	136.45	1322.0	121.0	271.0	1235.0	1278.0
2.0	2.0	500.0	10000000.0	227005.35303	108.24333	82.68	625.66667	64.0	153.66667	554.0	574.33333
2.0	2.0	500.0	33554432.0	181851.245681	86.71	305.9	430.0	323.0	380.0	397.0	420.0
2.0	2.0	500.0	33554432.0	189071.658158	90.16	283.03	689.0	292.0	475.0	567.0	596.0
2.0	2.0	500.0	33554432.0	192418.703098	91.75	291.45	447.0	326.0	401.0	420.0	430.0
2.0	2.0	500.0	33554432.0	187780.53565	89.54	293.46	522.0	313.66667	418.66667	461.33333	482.0
2.0	2.0	500.0	100000000.0	161864.681127	77.18	908.42	1852.0	1042.0	1745.0	1810.0	1829.0
2.0	2.0	500.0	100000000.0	192752.505783	91.91	776.04	1144.0	907.0	995.0	1051.0	1074.0
2.0	2.0	500.0	100000000.0	180018.0018	85.84	849.77	1315.0	950.0	1175.0	1202.0	1279.0
2.0	2.0	500.0	100000000.0	178211.72957	84.97667	844.74333	1437.0	966.33333	1305.0	1354.33333	1394.0
2.0	2.0	500.0	200000000.0	183116.645303	87.32	1394.47	2176.0	1659.0	2113.0	2164.0	2169.0
2.0	2.0	500.0	200000000.0	179083.094556	85.39	1423.66	2301.0	1646.0	2157.0	2291.0	2301.0
2.0	2.0	500.0	200000000.0	135263.086704	64.5	1987.23	3960.0	1094.0	2409.0	2479.0	2531.0
2.0	2.0	500.0	200000000.0	165820.94219	79.07	1601.78667	2812.33333	1466.33333	2226.33333	2311.33333	2333.66667
2.0	2.0	1000.0	10000000.0	64859.255416	61.85	143.46	4463.0	51.0	109.0	4423.0	4436.0
2.0	2.0	1000.0	10000000.0	173490.631506	165.45	45.68	143.0	44.0	93.0	113.0	125.0
2.0	2.0	1000.0	10000000.0	107043.45964500001	102.08	80.56	1116.0	56.0	163.0	1007.0	1106.0
2.0	2.0	1000.0	10000000.0	115131.11552	109.79333	89.9	1907.33333	50.33333	121.66667	1847.66667	1889.0
2.0	2.0	1000.0	33554432.0	116904.372224	111.49	243.33	521.0	248.0	439.0	496.0	514.0
2.0	2.0	1000.0	33554432.0	89094.796864	84.97	338.03	1641.0	261.0	1458.0	1598.0	1637.0
2.0	2.0	1000.0	33554432.0	111457.868926	106.29	259.55	512.0	241.0	412.0	475.0	505.0
2.0	2.0	1000.0	33554432.0	105819.01267	100.91667	280.30333	891.33333	250.0	769.66667	856.33333	885.33333
2.0	2.0	1000.0	100000000.0	96786.682153	92.3	817.18	1245.0	986.0	1189.0	1233.0	1242.0
2.0	2.0	1000.0	100000000.0	80205.32563400001	76.49	1040.0	1599.0	991.0	1385.0	1533.0	1577.0
2.0	2.0	1000.0	100000000.0	87443.161945	83.39	923.84	1526.0	973.0	1387.0	1460.0	1524.0
2.0	2.0	1000.0	100000000.0	88145.05658	84.06	927.00667	1456.66667	983.33333	1320.33333	1408.66667	1447.66667
2.0	2.0	1000.0	200000000.0	77978.78976900001	74.37	1749.02	3279.0	1850.0	3244.0	3266.0	3273.0
2.0	2.0	1000.0	200000000.0	101502.233049	96.8	1294.32	2087.0	1620.0	1971.0	2030.0	2051.0
2.0	2.0	1000.0	200000000.0	93685.591156	89.35	1427.92	2270.0	1838.0	2159.0	2208.0	2251.0
2.0	2.0	1000.0	200000000.0	91055.53799	86.84	1490.42	2545.33333	1769.33333	2458.0	2501.33333	2525.0
2.0	5.0	100.0	10000000.0	58184.187865	5.55	8.11	48203.0	2.0	18.0	36.0	1543.0
2.0	5.0	100.0	10000000.0	71810.19130199999	6.85	3.37	988.0	1.0	6.0	18.0	234.0
2.0	5.0	100.0	10000000.0	95398.00045800001	9.1	4.39	1099.0	1.0	7.0	62.0	1009.0
2.0	5.0	100.0	10000000.0	75130.79321	7.16667	5.29	16763.33333	1.33333	10.33333	38.66667	928.66667
2.0	5.0	100.0	33554432.0	1151277.91849	109.79	2.92	139.0	2.0	10.0	24.0	32.0
2.0	5.0	100.0	33554432.0	1172882.946282	111.85	2.58	141.0	2.0	9.0	16.0	47.0
2.0	5.0	100.0	33554432.0	1212121.2121209998	115.6	10.85	354.0	2.0	6.0	15.0	27.0
2.0	5.0	100.0	33554432.0	1178760.6923	112.41333	5.45	211.33333	2.0	8.33333	18.33333	35.33333
2.0	5.0	100.0	100000000.0	1160900.859067	110.71	24.63	554.0	2.0	219.0	379.0	427.0
2.0	5.0	100.0	100000000.0	1203079.8845040002	114.73	10.31	299.0	2.0	77.0	150.0	164.0
2.0	5.0	100.0	100000000.0	1214181.641574	115.79	20.9	587.0	1.0	156.0	386.0	448.0
2.0	5.0	100.0	100000000.0	1192720.79505	113.74333	18.61333	480.0	1.66667	150.66667	305.0	346.33333
2.0	5.0	100.0	200000000.0	1088613.106902	103.82	171.21	1481.0	2.0	1363.0	1459.0	1476.0
2.0	5.0	100.0	200000000.0	1396648.044693	133.19	2.91	151.0	1.0	11.0	19.0	31.0
2.0	5.0	100.0	200000000.0	78296.273097	7.47	20743.91	62772.0	26075.0	33272.0	33446.0	33496.0
2.0	5.0	100.0	200000000.0	854519.14156	81.49333	6972.67667	21468.0	8692.66667	11548.66667	11641.33333	11667.66667
2.0	5.0	500.0	10000000.0	458505.27281099994	218.63	11.63	427.0	7.0	42.0	61.0	80.0
2.0	5.0	500.0	10000000.0	372995.151063	177.86	18.01	474.0	7.0	48.0	393.0	469.0
2.0	5.0	500.0	10000000.0	515995.872033	246.05	14.59	168.0	7.0	48.0	124.0	167.0
2.0	5.0	500.0	10000000.0	449165.43197	214.18	14.74333	356.33333	7.0	46.0	192.66667	238.66667
2.0	5.0	500.0	33554432.0	560852.495794	267.44	54.33	399.0	8.0	347.0	378.0	395.0
2.0	5.0	500.0	33554432.0	543773.790103	259.29	49.2	408.0	6.0	311.0	400.0	406.0
2.0	5.0	500.0	33554432.0	502008.032129	239.38	74.05	493.0	7.0	357.0	473.0	490.0
2.0	5.0	500.0	33554432.0	535544.77268	255.37	59.19333	433.33333	7.0	338.33333	417.0	430.33333
2.0	5.0	500.0	100000000.0	184026.499816	87.75	676.22	3348.0	196.0	3169.0	3314.0	3345.0
2.0	5.0	500.0	100000000.0	144175.317186	68.75	1109.79	4620.0	660.0	2774.0	4325.0	4606.0
2.0	5.0	500.0	100000000.0	193423.597679	92.23	680.49	3185.0	261.0	3045.0	3128.0	3170.0
2.0	5.0	500.0	100000000.0	173875.13823	82.91	822.16667	3717.66667	372.33333	2996.0	3589.0	3707.0
2.0	5.0	500.0	200000000.0	152718.38729400001	72.82	1472.72	4507.0	1157.0	4310.0	4462.0	4490.0
2.0	5.0	500.0	200000000.0	121610.11796199999	57.99	2003.84	6371.0	1170.0	6275.0	6306.0	6359.0
2.0	5.0	500.0	200000000.0	198098.256735	94.46	1045.57	3195.0	824.0	3112.0	3172.0	3189.0
2.0	5.0	500.0	200000000.0	157475.58733	75.09	1507.37667	4691.0	1050.33333	4565.66667	4646.66667	4679.33333
2.0	5.0	1000.0	10000000.0	88589.652729	84.49	56.95	546.0	16.0	200.0	286.0	537.0
2.0	5.0	1000.0	10000000.0	92013.249908	87.75	52.27	392.0	11.0	198.0	264.0	351.0
2.0	5.0	1000.0	10000000.0	96618.357488	92.14	53.2	410.0	11.0	208.0	343.0	405.0
2.0	5.0	1000.0	10000000.0	92407.08671	88.12667	54.14	449.33333	12.66667	202.0	297.66667	431.0
2.0	5.0	1000.0	33554432.0	92302.012184	88.03	286.86	1539.0	39.0	1306.0	1390.0	1472.0
2.0	5.0	1000.0	33554432.0	98599.88167999999	94.03	267.31	1440.0	57.0	1311.0	1374.0	1434.0
2.0	5.0	1000.0	33554432.0	85091.899251	81.15	301.87	1649.0	66.0	1496.0	1561.0	1618.0
2.0	5.0	1000.0	33554432.0	91997.93104	87.73667	285.34667	1542.66667	54.0	1371.0	1441.66667	1508.0
2.0	5.0	1000.0	100000000.0	37102.997922	35.38	2418.69	12800.0	217.0	9947.0	12704.0	12796.0
2.0	5.0	1000.0	100000000.0	286697.247706	273.42	159.25	908.0	67.0	705.0	863.0	903.0
2.0	5.0	1000.0	100000000.0	76394.194041	72.86	910.69	4519.0	351.0	4269.0	4439.0	4516.0
2.0	5.0	1000.0	100000000.0	133398.14656	127.22	1162.87667	6075.66667	211.66667	4973.66667	6002.0	6071.66667
2.0	5.0	1000.0	200000000.0	61728.395062	58.87	2097.38	6191.0	1490.0	5944.0	6099.0	6186.0
2.0	5.0	1000.0	200000000.0	66595.631327	63.51	2088.75	5795.0	1310.0	5624.0	5773.0	5786.0
2.0	5.0	1000.0	200000000.0	89285.714286	85.15	1472.71	3829.0	1279.0	3610.0	3771.0	3827.0
2.0	5.0	1000.0	200000000.0	72536.58022	69.17667	1886.28	5271.66667	1359.66667	5059.33333	5214.33333	5266.33333
5.0	1.0	100.0	10000000.0	737245.6502510001	70.31	34.01	242.0	13.0	159.0	205.0	228.0
5.0	1.0	100.0	10000000.0	813802.083333	77.61	24.18	353.0	8.0	96.0	317.0	351.0
5.0	1.0	100.0	10000000.0	630596.5443310001	60.14	68.07	893.0	5.0	302.0	873.0	890.0
5.0	1.0	100.0	10000000.0	727214.7593	69.35333	42.08667	496.0	8.66667	185.66667	465.0	489.66667
5.0	1.0	100.0	33554432.0	325775.345322	31.07	828.64	5893.0	494.0	5606.0	5854.0	5879.0
5.0	1.0	100.0	33554432.0	601467.580897	57.36	344.59	1015.0	394.0	874.0	944.0	974.0
5.0	1.0	100.0	33554432.0	493924.72587200004	47.1	443.51	1534.0	487.0	651.0	1416.0	1532.0
5.0	1.0	100.0	33554432.0	473722.5507	45.17667	538.91333	2814.0	458.33333	2377.0	2738.0	2795.0
5.0	1.0	100.0	100000000.0	535446.562433	51.06	1115.95	1879.0	1346.0	1831.0	1861.0	1875.0
5.0	1.0	100.0	100000000.0	492610.837438	46.98	1288.26	1925.0	1624.0	1812.0	1870.0	1909.0
5.0	1.0	100.0	100000000.0	512400.081984	48.87	1062.32	2459.0	883.0	2374.0	2424.0	2455.0
5.0	1.0	100.0	100000000.0	513485.82728	48.97	1155.51	2087.66667	1284.33333	2005.66667	2051.66667	2079.66667
5.0	1.0	100.0	200000000.0	399329.127067	38.08	2291.48	6067.0	1472.0	5962.0	6039.0	6066.0
5.0	1.0	100.0	200000000.0	614326.084286	58.59	1083.02	1696.0	1046.0	1624.0	1686.0	1693.0
5.0	1.0	100.0	200000000.0	468296.3379229999	44.66	1648.38	4660.0	719.0	4615.0	4640.0	4656.0
5.0	1.0	100.0	200000000.0	493983.84976	47.11	1674.29333	4141.0	1079.0	4067.0	4121.66667	4138.33333
5.0	1.0	500.0	10000000.0	163934.42622999998	78.17	106.08	182.0	106.0	161.0	172.0	180.0
5.0	1.0	500.0	10000000.0	118427.285647	56.47	152.36	810.0	142.0	222.0	710.0	788.0
5.0	1.0	500.0	10000000.0	124921.923798	59.57	145.22	283.0	149.0	221.0	249.0	273.0
5.0	1.0	500.0	10000000.0	135761.21189	64.73667	134.55333	425.0	132.33333	201.33333	377.0	413.66667
5.0	1.0	500.0	33554432.0	106678.045658	50.87	568.99	1211.0	544.0	1097.0	1173.0	1210.0
5.0	1.0	500.0	33554432.0	116333.178222	55.47	520.5	951.0	533.0	821.0	888.0	950.0
5.0	1.0	500.0	33554432.0	101677.681749	48.48	605.0	2518.0	488.0	2448.0	2488.0	2494.0
5.0	1.0	500.0	33554432.0	108229.63521	51.60667	564.83	1560.0	521.66667	1455.33333	1516.33333	1551.33333
5.0	1.0	500.0	100000000.0	145327.713995	69.3	1088.49	1646.0	1211.0	1552.0	1625.0	1640.0
5.0	1.0	500.0	100000000.0	122759.636631	58.54	1313.09	1823.0	1454.0	1771.0	1791.0	1819.0
5.0	1.0	500.0	100000000.0	116713.352007	55.65	1415.39	3067.0	1239.0	2929.0	3025.0	3060.0
5.0	1.0	500.0	100000000.0	128266.90088	61.16333	1272.32333	2178.66667	1301.33333	2084.0	2147.0	2173.0
5.0	1.0	500.0	200000000.0	135409.614083	64.57	1986.37	2994.0	2542.0	2910.0	2950.0	2959.0
5.0	1.0	500.0	200000000.0	100421.77144	47.88	3099.77	5589.0	2607.0	5359.0	5542.0	5584.0
5.0	1.0	500.0	200000000.0	126518.21862300001	60.33	2197.11	3707.0	2387.0	3644.0	3678.0	3705.0
5.0	1.0	500.0	200000000.0	120783.20138	57.59333	2427.75	4096.66667	2512.0	3971.0	4056.66667	4082.66667
5.0	1.0	1000.0	10000000.0	52882.072976999996	50.43	179.62	3022.0	117.0	184.0	2996.0	3019.0
5.0	1.0	1000.0	10000000.0	72379.84945	69.03	127.78	269.0	128.0	192.0	232.0	260.0
5.0	1.0	1000.0	10000000.0	57032.052013	54.39	164.73	483.0	158.0	238.0	453.0	472.0
5.0	1.0	1000.0	10000000.0	60764.65815	57.95	157.37667	1258.0	134.33333	204.66667	1227.0	1250.33333
5.0	1.0	1000.0	33554432.0	59220.656165	56.48	521.33	885.0	569.0	863.0	878.0	884.0
5.0	1.0	1000.0	33554432.0	58404.39201	55.7	525.7	1437.0	479.0	1269.0	1413.0	1432.0
5.0	1.0	1000.0	33554432.0	60299.083454	57.51	512.21	829.0	519.0	689.0	772.0	826.0
5.0	1.0	1000.0	33554432.0	59308.04388	56.56333	519.74667	1050.33333	522.33333	940.33333	1021.0	1047.33333
5.0	1.0	1000.0	100000000.0	55266.939317	52.71	1568.59	3331.0	1432.0	3092.0	3240.0	3328.0
5.0	1.0	1000.0	100000000.0	22127.810232	21.1	1974.92	15693.0	1566.0	2260.0	15567.0	15689.0
5.0	1.0	1000.0	100000000.0	8222.467069	7.84	11808.84	31601.0	6753.0	30766.0	31448.0	31595.0
5.0	1.0	1000.0	100000000.0	28539.07221	27.21667	5117.45	16875.0	3250.33333	12039.33333	16751.66667	16870.66667
5.0	1.0	1000.0	200000000.0	14117.514188	13.46	10414.67	19690.0	11291.0	19234.0	19470.0	19553.0
5.0	1.0	1000.0	200000000.0	12663.357309	12.08	13150.02	30617.0	5022.0	30401.0	30592.0	30608.0
5.0	1.0	1000.0	200000000.0	22212.350067	21.18	8229.78	18491.0	7773.0	17425.0	18318.0	18431.0
5.0	1.0	1000.0	200000000.0	16331.07385	15.57333	10598.15667	22932.66667	8028.66667	22353.33333	22793.33333	22864.0
5.0	2.0	100.0	10000000.0	194197.382219	18.52	141.74	18772.0	5.0	90.0	176.0	13859.0
5.0	2.0	100.0	10000000.0	717154.331612	68.39	20.6	322.0	12.0	64.0	85.0	316.0
5.0	2.0	100.0	10000000.0	838363.51442	79.95	34.29	278.0	5.0	198.0	268.0	275.0
5.0	2.0	100.0	10000000.0	583238.40942	55.62	65.54333	6457.33333	7.33333	117.33333	176.33333	4816.66667
5.0	2.0	100.0	33554432.0	499950.005	47.68	446.45	1016.0	448.0	749.0	844.0	881.0
5.0	2.0	100.0	33554432.0	426257.459506	40.65	532.48	1626.0	26.0	329.0	560.0	591.0
5.0	2.0	100.0	33554432.0	523669.878509	49.94	415.68	874.0	560.0	803.0	849.0	870.0
5.0	2.0	100.0	33554432.0	483292.44767	46.09	464.87	1172.0	344.66667	627.0	751.0	780.66667
5.0	2.0	100.0	100000000.0	465636.058856	44.41	1365.53	2494.0	1466.0	1811.0	1849.0	1871.0
5.0	2.0	100.0	100000000.0	452079.566004	43.11	1342.91	3275.0	1264.0	2580.0	3065.0	3193.0
5.0	2.0	100.0	100000000.0	528317.8360100001	50.38	920.47	2854.0	881.0	2716.0	2801.0	2832.0
5.0	2.0	100.0	100000000.0	482011.15362	45.96667	1209.63667	2874.33333	1203.66667	2369.0	2571.66667	2632.0
5.0	2.0	100.0	200000000.0	364086.506954	34.72	2801.99	6657.0	1873.0	6601.0	6627.0	6650.0
5.0	2.0	100.0	200000000.0	521213.38476000004	49.71	1136.15	3466.0	657.0	3392.0	3426.0	3462.0
5.0	2.0	100.0	200000000.0	609310.260785	58.11	763.58	1901.0	749.0	1450.0	1537.0	1552.0
5.0	2.0	100.0	200000000.0	498203.38417	47.51333	1567.24	4008.0	1093.0	3814.33333	3863.33333	3888.0
5.0	2.0	500.0	10000000.0	111074.086416	52.96	146.63	511.0	3.0	137.0	180.0	220.0
5.0	2.0	500.0	10000000.0	91091.273456	43.44	179.55	674.0	324.0	526.0	628.0	658.0
5.0	2.0	500.0	10000000.0	84609.527033	40.34	197.49	1937.0	1.0	115.0	191.0	208.0
5.0	2.0	500.0	10000000.0	95591.62897	45.58	174.55667	1040.66667	109.33333	259.33333	333.0	362.0
5.0	2.0	500.0	33554432.0	105451.861225	50.28	535.53	1152.0	540.0	1033.0	1112.0	1151.0
5.0	2.0	500.0	33554432.0	91099.571832	43.44	644.45	2242.0	896.0	2041.0	2183.0	2238.0
5.0	2.0	500.0	33554432.0	110926.234054	52.89	533.64	1189.0	684.0	1081.0	1137.0	1157.0
5.0	2.0	500.0	33554432.0	102492.5557	48.87	571.20667	1527.66667	706.66667	1385.0	1477.33333	1515.33333
5.0	2.0	500.0	100000000.0	106496.27262999999	50.78	1529.61	2566.0	1639.0	2291.0	2345.0	2370.0
5.0	2.0	500.0	100000000.0	106100.79575599999	50.59	1479.94	2345.0	1697.0	2258.0	2318.0	2332.0
5.0	2.0	500.0	100000000.0	98116.16954500001	46.79	1558.05	3885.0	330.0	1276.0	1431.0	1510.0
5.0	2.0	500.0	100000000.0	103571.07931	49.38667	1522.53333	2932.0	1222.0	1941.66667	2031.33333	2070.66667
5.0	2.0	500.0	200000000.0	111259.457054	53.05	2429.38	3744.0	2918.0	3604.0	3645.0	3673.0
5.0	2.0	500.0	200000000.0	122339.124052	58.34	2230.12	3400.0	3025.0	3319.0	3366.0	3397.0
5.0	2.0	500.0	200000000.0	87997.18409	41.96	3013.93	5382.0	3078.0	4594.0	4732.0	4743.0
5.0	2.0	500.0	200000000.0	107198.5884	51.11667	2557.81	4175.33333	3007.0	3839.0	3914.33333	3937.66667
5.0	2.0	1000.0	10000000.0	56306.30630599999	53.7	155.8	1045.0	129.0	381.0	967.0	1022.0
5.0	2.0	1000.0	10000000.0	51129.972389999995	48.76	172.26	804.0	157.0	398.0	690.0	740.0
5.0	2.0	1000.0	10000000.0	55450.815127	52.88	160.1	770.0	141.0	343.0	619.0	763.0
5.0	2.0	1000.0	10000000.0	54295.69794	51.78	162.72	873.0	142.33333	374.0	758.66667	841.66667
5.0	2.0	1000.0	33554432.0	52018.310444999996	49.61	568.34	1999.0	452.0	1777.0	1949.0	1993.0
5.0	2.0	1000.0	33554432.0	46304.871272000004	44.16	659.08	4010.0	493.0	3464.0	3850.0	4005.0
5.0	2.0	1000.0	33554432.0	9169.432779	8.74	3295.96	45546.0	393.0	37021.0	45131.0	45444.0
5.0	2.0	1000.0	33554432.0	35830.8715	34.17	1507.79333	17185.0	446.0	14087.33333	16976.66667	17147.33333
5.0	2.0	1000.0	100000000.0	15877.048138999999	15.14	5924.94	21713.0	3777.0	19924.0	21151.0	21526.0
5.0	2.0	1000.0	100000000.0	10929.439537999999	10.42	7574.23	22595.0	2822.0	20665.0	21837.0	22263.0
5.0	2.0	1000.0	100000000.0	10975.020853	10.47	8036.81	14345.0	8563.0	12608.0	13714.0	14150.0
5.0	2.0	1000.0	100000000.0	12593.83618	12.01	7178.66	19551.0	5054.0	17732.33333	18900.66667	19313.0
5.0	2.0	1000.0	200000000.0	10164.460979000001	9.69	14276.61	37387.0	9617.0	36377.0	37105.0	37272.0
5.0	2.0	1000.0	200000000.0	8559.152302	8.16	15559.87	37585.0	12869.0	35954.0	36605.0	37415.0
5.0	2.0	1000.0	200000000.0	9839.033413	9.38	10247.9	33758.0	9764.0	27532.0	32016.0	33738.0
5.0	2.0	1000.0	200000000.0	9520.88223	9.07667	13361.46	36243.33333	10750.0	33287.66667	35242.0	36141.66667
5.0	5.0	100.0	10000000.0	402965.828498	38.43	30.52	393.0	24.0	72.0	130.0	163.0
5.0	5.0	100.0	10000000.0	291698.267312	27.82	13.55	342.0	8.0	37.0	61.0	193.0
5.0	5.0	100.0	10000000.0	293754.773515	28.01	4.79	306.0	1.0	17.0	39.0	58.0
5.0	5.0	100.0	10000000.0	329472.95644	31.42	16.28667	347.0	11.0	42.0	76.66667	138.0
5.0	5.0	100.0	33554432.0	440761.636107	42.03	423.6	2631.0	833.0	2351.0	2483.0	2626.0
5.0	5.0	100.0	33554432.0	417955.362367	39.86	504.73	2296.0	1.0	9.0	200.0	255.0
5.0	5.0	100.0	33554432.0	422654.26880799996	40.31	464.95	3015.0	500.0	1102.0	1227.0	1270.0
5.0	5.0	100.0	33554432.0	427123.75576	40.73333	464.42667	2647.33333	444.66667	1154.0	1303.33333	1383.66667
5.0	5.0	100.0	100000000.0	489093.221168	46.64	930.0	3284.0	355.0	2015.0	2095.0	2152.0
5.0	5.0	100.0	100000000.0	513663.44770900003	48.99	915.64	3339.0	368.0	2498.0	2613.0	2642.0
5.0	5.0	100.0	100000000.0	496130.18456	47.31	1080.56	2945.0	823.0	1918.0	1983.0	2040.0
5.0	5.0	100.0	100000000.0	499628.95115	47.64667	975.4	3189.33333	515.33333	2143.66667	2230.33333	2278.0
5.0	5.0	100.0	200000000.0	96878.572397	9.24	16457.13	44625.0	13016.0	42255.0	43694.0	43766.0
5.0	5.0	100.0	200000000.0	435350.457118	41.52	757.04	6257.0	5.0	2446.0	2627.0	2741.0
5.0	5.0	100.0	200000000.0	104318.798247	9.95	14819.95	41874.0	11923.0	39155.0	40041.0	40542.0
5.0	5.0	100.0	200000000.0	212182.60925	20.23667	10678.04	30918.66667	8314.66667	27952.0	28787.33333	29016.33333
5.0	5.0	500.0	10000000.0	127811.860941	60.95	56.51	1071.0	3.0	328.0	826.0	1020.0
5.0	5.0	500.0	10000000.0	88035.918655	41.98	88.02	1018.0	1.0	555.0	805.0	900.0
5.0	5.0	500.0	10000000.0	91633.83121	43.69	86.58	1627.0	2.0	596.0	1304.0	1598.0
5.0	5.0	500.0	10000000.0	102493.87027	48.87333	77.03667	1238.66667	2.0	493.0	978.33333	1172.66667
5.0	5.0	500.0	33554432.0	91861.106008	43.8	583.92	1823.0	573.0	1319.0	1682.0	1818.0
5.0	5.0	500.0	33554432.0	98154.691794	46.8	528.86	1733.0	419.0	1447.0	1591.0	1673.0
5.0	5.0	500.0	33554432.0	103648.42454400001	49.42	530.45	1663.0	424.0	1359.0	1550.0	1631.0
5.0	5.0	500.0	33554432.0	97888.07412	46.67333	547.74333	1739.66667	472.0	1375.0	1607.66667	1707.33333
5.0	5.0	500.0	100000000.0	75918.615244	36.2	2045.29	5511.0	1963.0	4825.0	5361.0	5448.0
5.0	5.0	500.0	100000000.0	74200.489723	35.38	1666.23	7033.0	1294.0	5897.0	6900.0	6992.0
5.0	5.0	500.0	100000000.0	108049.70286300001	51.52	1217.97	4093.0	949.0	3402.0	3742.0	3977.0
5.0	5.0	500.0	100000000.0	86056.26928	41.03333	1643.16333	5545.66667	1402.0	4708.0	5334.33333	5472.33333
5.0	5.0	500.0	200000000.0	68287.353182	32.56	3708.4	7628.0	3958.0	7337.0	7503.0	7605.0
5.0	5.0	500.0	200000000.0	78653.452887	37.5	3501.71	5962.0	3542.0	5123.0	5447.0	5795.0
5.0	5.0	500.0	200000000.0	71250.445315	33.97	3280.82	7768.0	3612.0	6420.0	7438.0	7737.0
5.0	5.0	500.0	200000000.0	72730.41713	34.67667	3496.97667	7119.33333	3704.0	6293.33333	6796.0	7045.66667
5.0	5.0	1000.0	10000000.0	34048.348655	32.47	180.48	2508.0	1.0	1206.0	2210.0	2477.0
5.0	5.0	1000.0	10000000.0	49178.715452	46.9	102.84	1208.0	1.0	702.0	978.0	1138.0
5.0	5.0	1000.0	10000000.0	49368.088468	47.08	106.39	2414.0	1.0	551.0	2126.0	2364.0
5.0	5.0	1000.0	10000000.0	44198.38419	42.15	129.90333	2043.33333	1.0	819.66667	1771.33333	1993.0
5.0	5.0	1000.0	33554432.0	42055.681723	40.11	620.08	3125.0	394.0	2211.0	2686.0	3078.0
5.0	5.0	1000.0	33554432.0	22334.390494	21.3	912.03	10920.0	407.0	4055.0	8493.0	10505.0
5.0	5.0	1000.0	33554432.0	11565.507032	11.03	2298.64	11928.0	1188.0	9371.0	11114.0	11833.0
5.0	5.0	1000.0	33554432.0	25318.52642	24.14667	1276.91667	8657.66667	663.0	5212.33333	7431.0	8472.0
5.0	5.0	1000.0	100000000.0	5731.578706	5.47	15777.62	54084.0	8868.0	47765.0	50623.0	53439.0
5.0	5.0	1000.0	100000000.0	10667.121797	10.17	6094.19	21863.0	4932.0	19533.0	21119.0	21604.0
5.0	5.0	1000.0	100000000.0	9376.113413	8.94	7674.48	17790.0	7541.0	14487.0	16901.0	17756.0
5.0	5.0	1000.0	100000000.0	8591.60464	8.19333	9848.76333	31245.66667	7113.66667	27261.66667	29547.66667	30933.0
5.0	5.0	1000.0	200000000.0	9019.735181	8.6	14418.14	27575.0	14314.0	25899.0	27002.0	27490.0
5.0	5.0	1000.0	200000000.0	7614.638381000001	7.26	19615.0	40567.0	15630.0	38388.0	39699.0	40541.0
5.0	5.0	1000.0	200000000.0	15630.861572999998	14.91	9074.21	18350.0	8430.0	15974.0	17770.0	18300.0
5.0	5.0	1000.0	200000000.0	10755.07838	10.25667	14369.11667	28830.66667	12791.33333	26753.66667	28157.0	28777.0
